region	pos	depth_indel_reads	depth_clean_reads	alt_from_indel_reads	alt_from_clean_reads	run_accession	tissue
poly_c_hvs2	303	599	760	0	0	ERR188099	lcl
poly_c_hvs2	304	595	684	0	0	ERR188099	lcl
poly_c_hvs2	305	589	694	0	0	ERR188099	lcl
poly_c_hvs2	306	559	764	0	0	ERR188099	lcl
poly_c_hvs2	307	553	737	0	0	ERR188099	lcl
poly_c_hvs2	308	556	712	0	0	ERR188099	lcl
poly_c_hvs2	309	638	485	7	61	ERR188099	lcl
poly_c_hvs2	310	562	617	13	1	ERR188099	lcl
poly_c_hvs2	311	585	610	2	71	ERR188099	lcl
poly_c_hvs2	312	571	679	0	5	ERR188099	lcl
poly_c_hvs2	313	563	700	0	2	ERR188099	lcl
poly_c_hvs2	314	562	709	0	0	ERR188099	lcl
poly_c_hvs2	315	552	713	0	0	ERR188099	lcl
poly_c_hvs1	16180	6	1431	0	0	ERR188099	lcl
poly_c_hvs1	16181	6	1457	0	2	ERR188099	lcl
poly_c_hvs1	16182	5	1423	0	0	ERR188099	lcl
poly_c_hvs1	16183	6	1292	0	1	ERR188099	lcl
poly_c_hvs1	16184	6	1466	0	2	ERR188099	lcl
poly_c_hvs1	16185	5	1442	0	2	ERR188099	lcl
poly_c_hvs1	16186	5	1448	0	0	ERR188099	lcl
poly_c_hvs1	16187	5	1463	0	1	ERR188099	lcl
poly_c_hvs1	16188	5	1443	0	1	ERR188099	lcl
poly_c_hvs1	16189	5	1352	0	4	ERR188099	lcl
poly_c_hvs1	16190	5	1417	0	1	ERR188099	lcl
poly_c_hvs1	16191	6	1446	0	0	ERR188099	lcl
poly_c_hvs1	16192	6	1433	0	1	ERR188099	lcl
poly_c_hvs1	16193	6	1421	0	0	ERR188099	lcl
poly_c_hvs1	16194	6	1418	0	4	ERR188099	lcl
poly_c_hvs1	16195	6	1402	0	5	ERR188099	lcl
rnr2_control	2000	11	7696	0	4	ERR188099	lcl
rnr2_control	2001	9	7352	0	5	ERR188099	lcl
rnr2_control	2002	9	7377	0	5	ERR188099	lcl
rnr2_control	2003	10	7299	0	4	ERR188099	lcl
rnr2_control	2004	8	7489	0	5	ERR188099	lcl
rnr2_control	2005	8	7321	0	4	ERR188099	lcl
rnr2_control	2006	9	7412	0	4	ERR188099	lcl
rnr2_control	2007	9	7304	0	19	ERR188099	lcl
rnr2_control	2008	9	7202	0	3	ERR188099	lcl
rnr2_control	2009	9	7162	0	1	ERR188099	lcl
rnr2_control	2010	10	6638	0	2	ERR188099	lcl
rnr2_control	2011	10	6663	0	5	ERR188099	lcl
rnr2_control	2012	9	6378	0	4	ERR188099	lcl
rnr2_control	2013	9	6428	0	14	ERR188099	lcl
rnr2_control	2014	9	6383	0	4	ERR188099	lcl
rnr2_control	2015	10	6646	0	7	ERR188099	lcl
co1_control	6000	11	6203	0	0	ERR188099	lcl
co1_control	6001	10	5993	0	1	ERR188099	lcl
co1_control	6002	9	5818	0	0	ERR188099	lcl
co1_control	6003	9	5779	0	0	ERR188099	lcl
co1_control	6004	9	4510	0	1	ERR188099	lcl
co1_control	6005	7	4610	0	0	ERR188099	lcl
co1_control	6006	6	4620	0	0	ERR188099	lcl
co1_control	6007	6	4224	0	1	ERR188099	lcl
co1_control	6008	6	4200	0	2	ERR188099	lcl
co1_control	6009	4	4308	0	2	ERR188099	lcl
co1_control	6010	4	4425	0	4	ERR188099	lcl
co1_control	6011	4	4409	0	2	ERR188099	lcl
co1_control	6012	4	4323	0	0	ERR188099	lcl
co1_control	6013	4	4407	0	1	ERR188099	lcl
co1_control	6014	3	3744	0	2	ERR188099	lcl
co1_control	6015	3	4034	0	4	ERR188099	lcl
poly_c_hvs2	303	581	506	0	4	ERR188325	lcl
poly_c_hvs2	304	573	445	0	0	ERR188325	lcl
poly_c_hvs2	305	570	475	0	0	ERR188325	lcl
poly_c_hvs2	306	561	527	0	0	ERR188325	lcl
poly_c_hvs2	307	552	489	1	0	ERR188325	lcl
poly_c_hvs2	308	553	436	0	0	ERR188325	lcl
poly_c_hvs2	309	578	318	5	56	ERR188325	lcl
poly_c_hvs2	310	360	370	12	210	ERR188325	lcl
poly_c_hvs2	311	548	450	0	1	ERR188325	lcl
poly_c_hvs2	312	547	492	0	0	ERR188325	lcl
poly_c_hvs2	313	540	518	0	0	ERR188325	lcl
poly_c_hvs2	314	540	508	0	0	ERR188325	lcl
poly_c_hvs2	315	532	510	0	0	ERR188325	lcl
poly_c_hvs1	16180	6	2022	0	0	ERR188325	lcl
poly_c_hvs1	16181	6	2041	0	1	ERR188325	lcl
poly_c_hvs1	16182	4	1991	0	3	ERR188325	lcl
poly_c_hvs1	16183	4	1810	0	1	ERR188325	lcl
poly_c_hvs1	16184	6	2030	0	5	ERR188325	lcl
poly_c_hvs1	16185	4	2031	0	2	ERR188325	lcl
poly_c_hvs1	16186	4	2052	0	1	ERR188325	lcl
poly_c_hvs1	16187	4	2063	0	4	ERR188325	lcl
poly_c_hvs1	16188	3	1961	0	1	ERR188325	lcl
poly_c_hvs1	16189	3	1878	0	2	ERR188325	lcl
poly_c_hvs1	16190	4	1936	0	1	ERR188325	lcl
poly_c_hvs1	16191	2	1933	0	2	ERR188325	lcl
poly_c_hvs1	16192	2	1836	0	7	ERR188325	lcl
poly_c_hvs1	16193	3	1952	0	2	ERR188325	lcl
poly_c_hvs1	16194	3	1972	0	0	ERR188325	lcl
poly_c_hvs1	16195	2	1973	0	0	ERR188325	lcl
rnr2_control	2000	14	7568	0	0	ERR188325	lcl
rnr2_control	2001	12	7244	0	3	ERR188325	lcl
rnr2_control	2002	12	7263	0	1	ERR188325	lcl
rnr2_control	2003	13	7194	0	5	ERR188325	lcl
rnr2_control	2004	13	7421	0	2	ERR188325	lcl
rnr2_control	2005	13	7336	0	2	ERR188325	lcl
rnr2_control	2006	12	7283	0	3	ERR188325	lcl
rnr2_control	2007	12	7310	0	12	ERR188325	lcl
rnr2_control	2008	12	7287	0	3	ERR188325	lcl
rnr2_control	2009	10	7360	0	2	ERR188325	lcl
rnr2_control	2010	14	6975	0	4	ERR188325	lcl
rnr2_control	2011	12	7100	0	1	ERR188325	lcl
rnr2_control	2012	13	7066	0	2	ERR188325	lcl
rnr2_control	2013	11	7199	0	4	ERR188325	lcl
rnr2_control	2014	12	7206	0	3	ERR188325	lcl
rnr2_control	2015	12	7536	0	6	ERR188325	lcl
co1_control	6000	8	6279	0	3	ERR188325	lcl
co1_control	6001	8	6079	0	1	ERR188325	lcl
co1_control	6002	8	6024	0	1	ERR188325	lcl
co1_control	6003	8	5951	0	0	ERR188325	lcl
co1_control	6004	7	5595	0	5	ERR188325	lcl
co1_control	6005	6	5754	0	1	ERR188325	lcl
co1_control	6006	6	5817	0	2	ERR188325	lcl
co1_control	6007	6	5739	0	2	ERR188325	lcl
co1_control	6008	6	5977	0	3	ERR188325	lcl
co1_control	6009	4	6008	0	3	ERR188325	lcl
co1_control	6010	4	6082	0	1	ERR188325	lcl
co1_control	6011	4	6152	0	3	ERR188325	lcl
co1_control	6012	3	6138	0	1	ERR188325	lcl
co1_control	6013	4	6312	0	5	ERR188325	lcl
co1_control	6014	4	6056	0	1	ERR188325	lcl
co1_control	6015	3	6255	0	2	ERR188325	lcl
poly_c_hvs2	303	862	432	3	1	ERR188044	lcl
poly_c_hvs2	304	842	391	0	1	ERR188044	lcl
poly_c_hvs2	305	787	474	0	1	ERR188044	lcl
poly_c_hvs2	306	772	491	0	1	ERR188044	lcl
poly_c_hvs2	307	768	487	1	1	ERR188044	lcl
poly_c_hvs2	308	767	465	0	0	ERR188044	lcl
poly_c_hvs2	309	860	260	9	15	ERR188044	lcl
poly_c_hvs2	310	634	373	35	242	ERR188044	lcl
poly_c_hvs2	311	743	524	0	0	ERR188044	lcl
poly_c_hvs2	312	735	539	0	0	ERR188044	lcl
poly_c_hvs2	313	737	550	0	0	ERR188044	lcl
poly_c_hvs2	314	731	560	0	0	ERR188044	lcl
poly_c_hvs2	315	730	546	0	0	ERR188044	lcl
poly_c_hvs1	16180	5	1585	0	0	ERR188044	lcl
poly_c_hvs1	16181	5	1572	0	1	ERR188044	lcl
poly_c_hvs1	16182	5	1524	0	1	ERR188044	lcl
poly_c_hvs1	16183	5	1354	0	0	ERR188044	lcl
poly_c_hvs1	16184	5	1585	0	2	ERR188044	lcl
poly_c_hvs1	16185	5	1482	0	1	ERR188044	lcl
poly_c_hvs1	16186	4	1465	0	0	ERR188044	lcl
poly_c_hvs1	16187	3	1145	0	20	ERR188044	lcl
poly_c_hvs1	16188	3	1383	0	1	ERR188044	lcl
poly_c_hvs1	16189	3	1402	0	15	ERR188044	lcl
poly_c_hvs1	16190	3	1549	0	0	ERR188044	lcl
poly_c_hvs1	16191	3	1609	0	0	ERR188044	lcl
poly_c_hvs1	16192	3	1596	0	1	ERR188044	lcl
poly_c_hvs1	16193	3	1609	0	0	ERR188044	lcl
poly_c_hvs1	16194	2	1601	0	4	ERR188044	lcl
poly_c_hvs1	16195	2	1590	0	1	ERR188044	lcl
rnr2_control	2000	21	7907	0	4	ERR188044	lcl
rnr2_control	2001	19	7141	0	4	ERR188044	lcl
rnr2_control	2002	21	7093	0	7	ERR188044	lcl
rnr2_control	2003	18	7337	0	7	ERR188044	lcl
rnr2_control	2004	18	7508	0	0	ERR188044	lcl
rnr2_control	2005	17	7210	0	1	ERR188044	lcl
rnr2_control	2006	17	7292	0	2	ERR188044	lcl
rnr2_control	2007	16	7282	0	35	ERR188044	lcl
rnr2_control	2008	15	7238	0	6	ERR188044	lcl
rnr2_control	2009	14	7070	0	4	ERR188044	lcl
rnr2_control	2010	12	6642	0	2	ERR188044	lcl
rnr2_control	2011	12	6569	0	3	ERR188044	lcl
rnr2_control	2012	13	6047	0	0	ERR188044	lcl
rnr2_control	2013	12	6120	0	1	ERR188044	lcl
rnr2_control	2014	12	6148	0	0	ERR188044	lcl
rnr2_control	2015	13	6601	0	4	ERR188044	lcl
co1_control	6000	12	6276	0	0	ERR188044	lcl
co1_control	6001	12	6027	0	0	ERR188044	lcl
co1_control	6002	12	5477	0	1	ERR188044	lcl
co1_control	6003	12	5095	0	0	ERR188044	lcl
co1_control	6004	9	5253	0	0	ERR188044	lcl
co1_control	6005	8	3036	0	2	ERR188044	lcl
co1_control	6006	7	2805	0	2	ERR188044	lcl
co1_control	6007	4	2732	0	0	ERR188044	lcl
co1_control	6008	5	2662	0	1	ERR188044	lcl
co1_control	6009	3	2480	0	1	ERR188044	lcl
co1_control	6010	2	2999	0	2	ERR188044	lcl
co1_control	6011	2	3025	0	0	ERR188044	lcl
co1_control	6012	2	3090	0	2	ERR188044	lcl
co1_control	6013	2	3339	0	1	ERR188044	lcl
co1_control	6014	2	2152	0	5	ERR188044	lcl
co1_control	6015	2	3457	0	2	ERR188044	lcl
poly_c_hvs2	303	614	315	0	1	ERR188225	lcl
poly_c_hvs2	304	617	280	0	1	ERR188225	lcl
poly_c_hvs2	305	607	300	0	2	ERR188225	lcl
poly_c_hvs2	306	587	353	0	1	ERR188225	lcl
poly_c_hvs2	307	584	350	0	0	ERR188225	lcl
poly_c_hvs2	308	583	332	0	0	ERR188225	lcl
poly_c_hvs2	309	605	227	1	27	ERR188225	lcl
poly_c_hvs2	310	374	314	16	215	ERR188225	lcl
poly_c_hvs2	311	574	341	0	0	ERR188225	lcl
poly_c_hvs2	312	576	367	0	0	ERR188225	lcl
poly_c_hvs2	313	576	377	0	0	ERR188225	lcl
poly_c_hvs2	314	592	364	0	0	ERR188225	lcl
poly_c_hvs2	315	588	366	0	0	ERR188225	lcl
poly_c_hvs1	16180	15	836	0	1	ERR188225	lcl
poly_c_hvs1	16181	15	852	0	1	ERR188225	lcl
poly_c_hvs1	16182	12	796	0	1	ERR188225	lcl
poly_c_hvs1	16183	10	670	0	3	ERR188225	lcl
poly_c_hvs1	16184	14	863	0	1	ERR188225	lcl
poly_c_hvs1	16185	11	857	0	0	ERR188225	lcl
poly_c_hvs1	16186	11	897	0	0	ERR188225	lcl
poly_c_hvs1	16187	12	911	0	1	ERR188225	lcl
poly_c_hvs1	16188	11	894	0	0	ERR188225	lcl
poly_c_hvs1	16189	12	854	0	3	ERR188225	lcl
poly_c_hvs1	16190	12	889	0	0	ERR188225	lcl
poly_c_hvs1	16191	12	889	0	0	ERR188225	lcl
poly_c_hvs1	16192	12	828	10	7	ERR188225	lcl
poly_c_hvs1	16193	12	906	0	0	ERR188225	lcl
poly_c_hvs1	16194	12	913	0	0	ERR188225	lcl
poly_c_hvs1	16195	12	915	0	0	ERR188225	lcl
rnr2_control	2000	14	7442	0	4	ERR188225	lcl
rnr2_control	2001	13	7076	0	4	ERR188225	lcl
rnr2_control	2002	14	7043	0	4	ERR188225	lcl
rnr2_control	2003	15	6960	0	5	ERR188225	lcl
rnr2_control	2004	14	7250	0	5	ERR188225	lcl
rnr2_control	2005	14	7061	0	0	ERR188225	lcl
rnr2_control	2006	14	7167	0	5	ERR188225	lcl
rnr2_control	2007	14	7119	1	12	ERR188225	lcl
rnr2_control	2008	14	7121	0	6	ERR188225	lcl
rnr2_control	2009	15	7106	0	5	ERR188225	lcl
rnr2_control	2010	12	6697	0	8	ERR188225	lcl
rnr2_control	2011	11	6783	0	4	ERR188225	lcl
rnr2_control	2012	11	6631	0	4	ERR188225	lcl
rnr2_control	2013	11	6665	0	8	ERR188225	lcl
rnr2_control	2014	11	6651	0	2	ERR188225	lcl
rnr2_control	2015	13	6788	0	2	ERR188225	lcl
co1_control	6000	3	5999	0	1	ERR188225	lcl
co1_control	6001	3	5825	0	1	ERR188225	lcl
co1_control	6002	3	5581	0	3	ERR188225	lcl
co1_control	6003	3	5590	0	1	ERR188225	lcl
co1_control	6004	3	4439	0	3	ERR188225	lcl
co1_control	6005	3	4628	0	1	ERR188225	lcl
co1_control	6006	3	4633	0	0	ERR188225	lcl
co1_control	6007	3	4308	0	3	ERR188225	lcl
co1_control	6008	3	4329	0	2	ERR188225	lcl
co1_control	6009	3	4401	0	2	ERR188225	lcl
co1_control	6010	2	4494	0	2	ERR188225	lcl
co1_control	6011	2	4491	0	2	ERR188225	lcl
co1_control	6012	2	4417	0	1	ERR188225	lcl
co1_control	6013	2	4523	0	1	ERR188225	lcl
co1_control	6014	2	3896	0	2	ERR188225	lcl
co1_control	6015	2	4082	0	5	ERR188225	lcl
poly_c_hvs2	303	478	564	0	1	ERR188214	lcl
poly_c_hvs2	304	468	517	0	0	ERR188214	lcl
poly_c_hvs2	305	461	537	0	1	ERR188214	lcl
poly_c_hvs2	306	452	583	0	1	ERR188214	lcl
poly_c_hvs2	307	453	575	0	2	ERR188214	lcl
poly_c_hvs2	308	451	550	0	1	ERR188214	lcl
poly_c_hvs2	309	496	393	4	114	ERR188214	lcl
poly_c_hvs2	310	448	457	11	2	ERR188214	lcl
poly_c_hvs2	311	442	544	6	38	ERR188214	lcl
poly_c_hvs2	312	427	600	0	0	ERR188214	lcl
poly_c_hvs2	313	419	625	0	0	ERR188214	lcl
poly_c_hvs2	314	423	638	0	1	ERR188214	lcl
poly_c_hvs2	315	423	644	0	1	ERR188214	lcl
poly_c_hvs1	16180	13	1690	0	0	ERR188214	lcl
poly_c_hvs1	16181	13	1732	0	0	ERR188214	lcl
poly_c_hvs1	16182	10	1688	0	0	ERR188214	lcl
poly_c_hvs1	16183	9	1451	0	0	ERR188214	lcl
poly_c_hvs1	16184	9	1676	0	0	ERR188214	lcl
poly_c_hvs1	16185	9	1582	0	0	ERR188214	lcl
poly_c_hvs1	16186	9	1567	0	2	ERR188214	lcl
poly_c_hvs1	16187	6	1306	1	10	ERR188214	lcl
poly_c_hvs1	16188	7	1566	0	2	ERR188214	lcl
poly_c_hvs1	16189	7	1586	1	9	ERR188214	lcl
poly_c_hvs1	16190	7	1699	0	0	ERR188214	lcl
poly_c_hvs1	16191	7	1725	0	1	ERR188214	lcl
poly_c_hvs1	16192	6	1702	0	0	ERR188214	lcl
poly_c_hvs1	16193	7	1689	0	0	ERR188214	lcl
poly_c_hvs1	16194	7	1692	0	0	ERR188214	lcl
poly_c_hvs1	16195	7	1687	0	0	ERR188214	lcl
rnr2_control	2000	21	7845	0	6	ERR188214	lcl
rnr2_control	2001	19	7204	0	7	ERR188214	lcl
rnr2_control	2002	18	7205	0	7	ERR188214	lcl
rnr2_control	2003	18	7139	0	10	ERR188214	lcl
rnr2_control	2004	16	7498	0	4	ERR188214	lcl
rnr2_control	2005	14	7357	0	6	ERR188214	lcl
rnr2_control	2006	14	7369	0	6	ERR188214	lcl
rnr2_control	2007	13	7198	0	24	ERR188214	lcl
rnr2_control	2008	12	7121	0	4	ERR188214	lcl
rnr2_control	2009	12	6907	0	8	ERR188214	lcl
rnr2_control	2010	10	6268	0	6	ERR188214	lcl
rnr2_control	2011	10	6220	0	9	ERR188214	lcl
rnr2_control	2012	7	5939	0	3	ERR188214	lcl
rnr2_control	2013	7	5910	0	1	ERR188214	lcl
rnr2_control	2014	8	5807	0	2	ERR188214	lcl
rnr2_control	2015	8	5989	0	5	ERR188214	lcl
co1_control	6000	10	5572	0	1	ERR188214	lcl
co1_control	6001	8	4809	0	0	ERR188214	lcl
co1_control	6002	8	4538	0	0	ERR188214	lcl
co1_control	6003	8	4522	0	0	ERR188214	lcl
co1_control	6004	8	3257	0	2	ERR188214	lcl
co1_control	6005	5	3106	0	0	ERR188214	lcl
co1_control	6006	3	3090	0	2	ERR188214	lcl
co1_control	6007	2	2318	0	3	ERR188214	lcl
co1_control	6008	2	2330	0	2	ERR188214	lcl
co1_control	6009	1	2571	0	2	ERR188214	lcl
co1_control	6010	1	2755	0	1	ERR188214	lcl
co1_control	6011	1	3045	0	1	ERR188214	lcl
co1_control	6012	1	3342	0	1	ERR188214	lcl
co1_control	6013	2	3874	0	1	ERR188214	lcl
co1_control	6014	2	3745	0	1	ERR188214	lcl
co1_control	6015	3	4211	0	12	ERR188214	lcl
poly_c_hvs2	303	2372	1638	3	2	ERR188039	lcl
poly_c_hvs2	304	2375	1484	1	0	ERR188039	lcl
poly_c_hvs2	305	2366	1506	0	1	ERR188039	lcl
poly_c_hvs2	306	2217	1738	0	2	ERR188039	lcl
poly_c_hvs2	307	2227	1710	2	3	ERR188039	lcl
poly_c_hvs2	308	2236	1652	2	1	ERR188039	lcl
poly_c_hvs2	309	2337	1272	2	113	ERR188039	lcl
poly_c_hvs2	310	1551	1504	66	947	ERR188039	lcl
poly_c_hvs2	311	2229	1665	0	2	ERR188039	lcl
poly_c_hvs2	312	2220	1780	0	1	ERR188039	lcl
poly_c_hvs2	313	2216	1818	0	1	ERR188039	lcl
poly_c_hvs2	314	2242	1766	0	3	ERR188039	lcl
poly_c_hvs2	315	2234	1771	0	1	ERR188039	lcl
poly_c_hvs1	16180	3	2209	0	2	ERR188039	lcl
poly_c_hvs1	16181	3	2348	0	2	ERR188039	lcl
poly_c_hvs1	16182	2	2313	0	1	ERR188039	lcl
poly_c_hvs1	16183	1	2142	0	4	ERR188039	lcl
poly_c_hvs1	16184	3	2361	0	1	ERR188039	lcl
poly_c_hvs1	16185	3	2254	0	0	ERR188039	lcl
poly_c_hvs1	16186	3	2257	0	2	ERR188039	lcl
poly_c_hvs1	16187	3	2269	0	1	ERR188039	lcl
poly_c_hvs1	16188	3	2222	0	0	ERR188039	lcl
poly_c_hvs1	16189	3	2049	0	4	ERR188039	lcl
poly_c_hvs1	16190	4	2154	0	0	ERR188039	lcl
poly_c_hvs1	16191	4	2164	0	1	ERR188039	lcl
poly_c_hvs1	16192	5	2164	0	4	ERR188039	lcl
poly_c_hvs1	16193	5	2164	0	2	ERR188039	lcl
poly_c_hvs1	16194	5	2151	0	2	ERR188039	lcl
poly_c_hvs1	16195	4	2134	0	5	ERR188039	lcl
rnr2_control	2000	23	7805	0	11	ERR188039	lcl
rnr2_control	2001	18	6887	0	13	ERR188039	lcl
rnr2_control	2002	18	6734	0	7	ERR188039	lcl
rnr2_control	2003	17	6485	0	7	ERR188039	lcl
rnr2_control	2004	17	7159	0	3	ERR188039	lcl
rnr2_control	2005	16	6896	0	4	ERR188039	lcl
rnr2_control	2006	16	7190	0	7	ERR188039	lcl
rnr2_control	2007	15	7038	0	33	ERR188039	lcl
rnr2_control	2008	15	6877	1	7	ERR188039	lcl
rnr2_control	2009	14	6847	0	5	ERR188039	lcl
rnr2_control	2010	12	6131	0	11	ERR188039	lcl
rnr2_control	2011	12	6141	0	3	ERR188039	lcl
rnr2_control	2012	11	5773	0	5	ERR188039	lcl
rnr2_control	2013	11	5807	0	7	ERR188039	lcl
rnr2_control	2014	11	5757	0	5	ERR188039	lcl
rnr2_control	2015	13	6068	0	6	ERR188039	lcl
co1_control	6000	14	5842	0	3	ERR188039	lcl
co1_control	6001	12	5334	0	4	ERR188039	lcl
co1_control	6002	11	4689	0	0	ERR188039	lcl
co1_control	6003	7	4771	0	1	ERR188039	lcl
co1_control	6004	8	2037	0	0	ERR188039	lcl
co1_control	6005	8	2331	0	0	ERR188039	lcl
co1_control	6006	8	2443	0	0	ERR188039	lcl
co1_control	6007	6	2102	0	0	ERR188039	lcl
co1_control	6008	6	2612	0	0	ERR188039	lcl
co1_control	6009	7	2914	0	2	ERR188039	lcl
co1_control	6010	7	3064	0	4	ERR188039	lcl
co1_control	6011	7	3365	0	2	ERR188039	lcl
co1_control	6012	7	3645	0	3	ERR188039	lcl
co1_control	6013	7	3802	0	3	ERR188039	lcl
co1_control	6014	7	3537	0	2	ERR188039	lcl
co1_control	6015	7	3964	0	13	ERR188039	lcl
poly_c_hvs2	303	314	577	0	0	ERR188311	lcl
poly_c_hvs2	304	314	524	0	0	ERR188311	lcl
poly_c_hvs2	305	312	524	0	0	ERR188311	lcl
poly_c_hvs2	306	305	549	0	1	ERR188311	lcl
poly_c_hvs2	307	304	542	0	0	ERR188311	lcl
poly_c_hvs2	308	302	519	0	0	ERR188311	lcl
poly_c_hvs2	309	350	376	0	54	ERR188311	lcl
poly_c_hvs2	310	301	478	6	0	ERR188311	lcl
poly_c_hvs2	311	309	499	0	6	ERR188311	lcl
poly_c_hvs2	312	311	471	0	16	ERR188311	lcl
poly_c_hvs2	313	299	516	0	2	ERR188311	lcl
poly_c_hvs2	314	304	537	0	0	ERR188311	lcl
poly_c_hvs2	315	300	542	0	0	ERR188311	lcl
poly_c_hvs1	16180	0	370	0	0	ERR188311	lcl
poly_c_hvs1	16181	0	378	0	0	ERR188311	lcl
poly_c_hvs1	16182	1	348	0	0	ERR188311	lcl
poly_c_hvs1	16183	1	202	0	5	ERR188311	lcl
poly_c_hvs1	16184	1	235	0	0	ERR188311	lcl
poly_c_hvs1	16185	1	244	0	0	ERR188311	lcl
poly_c_hvs1	16186	1	245	0	0	ERR188311	lcl
poly_c_hvs1	16187	1	232	0	0	ERR188311	lcl
poly_c_hvs1	16188	1	211	0	0	ERR188311	lcl
poly_c_hvs1	16189	1	112	0	3	ERR188311	lcl
poly_c_hvs1	16190	1	140	0	1	ERR188311	lcl
poly_c_hvs1	16191	1	175	0	0	ERR188311	lcl
poly_c_hvs1	16192	1	174	0	0	ERR188311	lcl
poly_c_hvs1	16193	1	174	0	2	ERR188311	lcl
poly_c_hvs1	16194	2	406	0	8	ERR188311	lcl
poly_c_hvs1	16195	2	411	0	1	ERR188311	lcl
rnr2_control	2000	13	7566	0	2	ERR188311	lcl
rnr2_control	2001	11	6952	0	6	ERR188311	lcl
rnr2_control	2002	11	6884	0	1	ERR188311	lcl
rnr2_control	2003	11	6704	0	0	ERR188311	lcl
rnr2_control	2004	10	7112	0	3	ERR188311	lcl
rnr2_control	2005	8	6967	0	3	ERR188311	lcl
rnr2_control	2006	7	7206	0	0	ERR188311	lcl
rnr2_control	2007	7	7135	0	10	ERR188311	lcl
rnr2_control	2008	7	6983	0	2	ERR188311	lcl
rnr2_control	2009	6	7003	0	2	ERR188311	lcl
rnr2_control	2010	6	6672	0	1	ERR188311	lcl
rnr2_control	2011	5	6695	0	2	ERR188311	lcl
rnr2_control	2012	4	6534	0	1	ERR188311	lcl
rnr2_control	2013	4	6567	0	0	ERR188311	lcl
rnr2_control	2014	4	6553	0	1	ERR188311	lcl
rnr2_control	2015	5	6788	0	2	ERR188311	lcl
co1_control	6000	8	5885	0	0	ERR188311	lcl
co1_control	6001	7	5638	0	2	ERR188311	lcl
co1_control	6002	6	5048	0	0	ERR188311	lcl
co1_control	6003	6	5040	0	0	ERR188311	lcl
co1_control	6004	5	2563	0	0	ERR188311	lcl
co1_control	6005	5	2761	0	0	ERR188311	lcl
co1_control	6006	3	2791	0	0	ERR188311	lcl
co1_control	6007	2	2372	0	0	ERR188311	lcl
co1_control	6008	2	2318	0	1	ERR188311	lcl
co1_control	6009	2	2445	0	0	ERR188311	lcl
co1_control	6010	1	2501	0	0	ERR188311	lcl
co1_control	6011	1	2511	0	0	ERR188311	lcl
co1_control	6012	1	2285	0	0	ERR188311	lcl
co1_control	6013	1	2339	0	0	ERR188311	lcl
co1_control	6014	0	1592	0	4	ERR188311	lcl
co1_control	6015	1	1787	0	1	ERR188311	lcl
poly_c_hvs2	303	1241	1384	0	12	ERR188122	lcl
poly_c_hvs2	304	1220	1322	0	1	ERR188122	lcl
poly_c_hvs2	305	1135	1522	0	1	ERR188122	lcl
poly_c_hvs2	306	1120	1533	0	3	ERR188122	lcl
poly_c_hvs2	307	1127	1502	0	2	ERR188122	lcl
poly_c_hvs2	308	1120	1428	0	0	ERR188122	lcl
poly_c_hvs2	309	1385	950	14	286	ERR188122	lcl
poly_c_hvs2	310	1096	1309	33	1	ERR188122	lcl
poly_c_hvs2	311	1134	1355	3	126	ERR188122	lcl
poly_c_hvs2	312	1115	1436	1	24	ERR188122	lcl
poly_c_hvs2	313	1112	1480	0	6	ERR188122	lcl
poly_c_hvs2	314	1104	1525	0	0	ERR188122	lcl
poly_c_hvs2	315	1116	1507	1	1	ERR188122	lcl
poly_c_hvs1	16180	1193	985	0	0	ERR188122	lcl
poly_c_hvs1	16181	1159	1826	0	1	ERR188122	lcl
poly_c_hvs1	16182	1137	1806	1	0	ERR188122	lcl
poly_c_hvs1	16183	1034	1733	0	0	ERR188122	lcl
poly_c_hvs1	16184	1179	1550	1	755	ERR188122	lcl
poly_c_hvs1	16185	1134	1704	1	0	ERR188122	lcl
poly_c_hvs1	16186	967	1499	8	1081	ERR188122	lcl
poly_c_hvs1	16187	1194	1388	4	947	ERR188122	lcl
poly_c_hvs1	16188	1162	1596	0	0	ERR188122	lcl
poly_c_hvs1	16189	1181	1332	1	12	ERR188122	lcl
poly_c_hvs1	16190	1176	1512	0	0	ERR188122	lcl
poly_c_hvs1	16191	1172	1635	0	1	ERR188122	lcl
poly_c_hvs1	16192	1166	1628	0	5	ERR188122	lcl
poly_c_hvs1	16193	1169	1597	0	0	ERR188122	lcl
poly_c_hvs1	16194	1167	1622	0	5	ERR188122	lcl
poly_c_hvs1	16195	1160	1629	2	0	ERR188122	lcl
rnr2_control	2000	29	7940	0	3	ERR188122	lcl
rnr2_control	2001	21	7248	0	5	ERR188122	lcl
rnr2_control	2002	22	7097	0	13	ERR188122	lcl
rnr2_control	2003	20	7433	0	11	ERR188122	lcl
rnr2_control	2004	19	7619	0	2	ERR188122	lcl
rnr2_control	2005	16	7363	0	1	ERR188122	lcl
rnr2_control	2006	18	7418	0	0	ERR188122	lcl
rnr2_control	2007	16	7335	1	29	ERR188122	lcl
rnr2_control	2008	17	7279	0	0	ERR188122	lcl
rnr2_control	2009	16	7047	0	4	ERR188122	lcl
rnr2_control	2010	12	6435	0	5	ERR188122	lcl
rnr2_control	2011	12	6361	0	5	ERR188122	lcl
rnr2_control	2012	12	5828	0	0	ERR188122	lcl
rnr2_control	2013	12	5903	0	2	ERR188122	lcl
rnr2_control	2014	13	5964	0	1	ERR188122	lcl
rnr2_control	2015	15	6530	0	10	ERR188122	lcl
co1_control	6000	11	6304	0	0	ERR188122	lcl
co1_control	6001	9	6118	0	2	ERR188122	lcl
co1_control	6002	7	5515	0	0	ERR188122	lcl
co1_control	6003	5	5247	0	1	ERR188122	lcl
co1_control	6004	5	5539	0	1	ERR188122	lcl
co1_control	6005	5	3595	0	0	ERR188122	lcl
co1_control	6006	4	3426	0	0	ERR188122	lcl
co1_control	6007	4	3398	0	4	ERR188122	lcl
co1_control	6008	4	3140	0	2	ERR188122	lcl
co1_control	6009	4	3057	0	0	ERR188122	lcl
co1_control	6010	4	3399	0	1	ERR188122	lcl
co1_control	6011	3	3512	0	1	ERR188122	lcl
co1_control	6012	3	3526	0	0	ERR188122	lcl
co1_control	6013	3	3416	0	0	ERR188122	lcl
co1_control	6014	1	3284	0	1	ERR188122	lcl
co1_control	6015	1	3521	0	2	ERR188122	lcl
poly_c_hvs2	303	699	817	0	0	ERR188300	lcl
poly_c_hvs2	304	707	750	0	0	ERR188300	lcl
poly_c_hvs2	305	705	755	0	0	ERR188300	lcl
poly_c_hvs2	306	664	825	0	2	ERR188300	lcl
poly_c_hvs2	307	667	809	0	0	ERR188300	lcl
poly_c_hvs2	308	663	786	0	0	ERR188300	lcl
poly_c_hvs2	309	785	527	1	82	ERR188300	lcl
poly_c_hvs2	310	679	673	16	1	ERR188300	lcl
poly_c_hvs2	311	702	674	1	38	ERR188300	lcl
poly_c_hvs2	312	669	744	0	11	ERR188300	lcl
poly_c_hvs2	313	655	780	0	0	ERR188300	lcl
poly_c_hvs2	314	656	786	0	0	ERR188300	lcl
poly_c_hvs2	315	652	795	0	0	ERR188300	lcl
poly_c_hvs1	16180	4	1548	0	0	ERR188300	lcl
poly_c_hvs1	16181	4	1629	0	0	ERR188300	lcl
poly_c_hvs1	16182	5	1599	0	0	ERR188300	lcl
poly_c_hvs1	16183	5	1491	0	1	ERR188300	lcl
poly_c_hvs1	16184	5	1606	0	0	ERR188300	lcl
poly_c_hvs1	16185	4	1510	0	0	ERR188300	lcl
poly_c_hvs1	16186	4	1528	0	0	ERR188300	lcl
poly_c_hvs1	16187	4	1539	0	2	ERR188300	lcl
poly_c_hvs1	16188	4	1513	0	2	ERR188300	lcl
poly_c_hvs1	16189	4	1435	0	0	ERR188300	lcl
poly_c_hvs1	16190	4	1475	0	0	ERR188300	lcl
poly_c_hvs1	16191	4	1488	0	0	ERR188300	lcl
poly_c_hvs1	16192	4	1501	0	1	ERR188300	lcl
poly_c_hvs1	16193	3	1489	0	0	ERR188300	lcl
poly_c_hvs1	16194	3	1493	0	1	ERR188300	lcl
poly_c_hvs1	16195	3	1473	0	0	ERR188300	lcl
rnr2_control	2000	15	7507	0	0	ERR188300	lcl
rnr2_control	2001	13	7076	0	4	ERR188300	lcl
rnr2_control	2002	13	7020	0	1	ERR188300	lcl
rnr2_control	2003	14	6897	0	2	ERR188300	lcl
rnr2_control	2004	14	7227	0	1	ERR188300	lcl
rnr2_control	2005	14	7093	0	2	ERR188300	lcl
rnr2_control	2006	14	7203	0	0	ERR188300	lcl
rnr2_control	2007	13	7053	1	21	ERR188300	lcl
rnr2_control	2008	12	7013	0	2	ERR188300	lcl
rnr2_control	2009	13	6996	0	2	ERR188300	lcl
rnr2_control	2010	9	6582	0	1	ERR188300	lcl
rnr2_control	2011	9	6616	0	1	ERR188300	lcl
rnr2_control	2012	8	6408	0	3	ERR188300	lcl
rnr2_control	2013	10	6409	0	2	ERR188300	lcl
rnr2_control	2014	9	6424	0	2	ERR188300	lcl
rnr2_control	2015	12	6555	0	2	ERR188300	lcl
co1_control	6000	5	6052	0	0	ERR188300	lcl
co1_control	6001	5	5575	0	0	ERR188300	lcl
co1_control	6002	4	5079	0	0	ERR188300	lcl
co1_control	6003	3	5066	0	0	ERR188300	lcl
co1_control	6004	2	3181	0	0	ERR188300	lcl
co1_control	6005	2	3312	0	1	ERR188300	lcl
co1_control	6006	2	3311	0	0	ERR188300	lcl
co1_control	6007	2	2669	0	0	ERR188300	lcl
co1_control	6008	2	2514	0	0	ERR188300	lcl
co1_control	6009	3	2610	0	0	ERR188300	lcl
co1_control	6010	3	2639	0	2	ERR188300	lcl
co1_control	6011	3	2663	0	1	ERR188300	lcl
co1_control	6012	3	2386	0	1	ERR188300	lcl
co1_control	6013	2	2480	0	0	ERR188300	lcl
co1_control	6014	1	2100	0	1	ERR188300	lcl
co1_control	6015	1	2420	0	1	ERR188300	lcl
poly_c_hvs2	303	1811	885	11	13	ERR188375	lcl
poly_c_hvs2	304	1791	818	0	2	ERR188375	lcl
poly_c_hvs2	305	1699	969	0	0	ERR188375	lcl
poly_c_hvs2	306	1679	1000	0	0	ERR188375	lcl
poly_c_hvs2	307	1673	986	1	1	ERR188375	lcl
poly_c_hvs2	308	1667	949	1	1	ERR188375	lcl
poly_c_hvs2	309	1811	633	18	61	ERR188375	lcl
poly_c_hvs2	310	1230	898	56	579	ERR188375	lcl
poly_c_hvs2	311	1642	985	0	1	ERR188375	lcl
poly_c_hvs2	312	1642	1030	0	0	ERR188375	lcl
poly_c_hvs2	313	1647	1041	0	0	ERR188375	lcl
poly_c_hvs2	314	1641	1054	0	0	ERR188375	lcl
poly_c_hvs2	315	1660	989	0	0	ERR188375	lcl
poly_c_hvs1	16180	11	2157	0	0	ERR188375	lcl
poly_c_hvs1	16181	11	2170	0	0	ERR188375	lcl
poly_c_hvs1	16182	11	2135	0	0	ERR188375	lcl
poly_c_hvs1	16183	9	1993	0	2	ERR188375	lcl
poly_c_hvs1	16184	10	2158	0	0	ERR188375	lcl
poly_c_hvs1	16185	9	2070	0	2	ERR188375	lcl
poly_c_hvs1	16186	9	2080	0	0	ERR188375	lcl
poly_c_hvs1	16187	9	2106	0	0	ERR188375	lcl
poly_c_hvs1	16188	9	2082	0	1	ERR188375	lcl
poly_c_hvs1	16189	9	1979	0	1	ERR188375	lcl
poly_c_hvs1	16190	9	2088	0	2	ERR188375	lcl
poly_c_hvs1	16191	9	2107	0	0	ERR188375	lcl
poly_c_hvs1	16192	9	2088	0	0	ERR188375	lcl
poly_c_hvs1	16193	9	2077	0	1	ERR188375	lcl
poly_c_hvs1	16194	9	2066	0	0	ERR188375	lcl
poly_c_hvs1	16195	8	2042	0	2	ERR188375	lcl
rnr2_control	2000	16	7811	0	0	ERR188375	lcl
rnr2_control	2001	12	7383	0	0	ERR188375	lcl
rnr2_control	2002	13	7336	0	1	ERR188375	lcl
rnr2_control	2003	13	7397	0	7	ERR188375	lcl
rnr2_control	2004	13	7490	0	0	ERR188375	lcl
rnr2_control	2005	12	7341	0	1	ERR188375	lcl
rnr2_control	2006	12	7397	0	1	ERR188375	lcl
rnr2_control	2007	12	7276	0	26	ERR188375	lcl
rnr2_control	2008	12	7248	0	2	ERR188375	lcl
rnr2_control	2009	12	7081	0	6	ERR188375	lcl
rnr2_control	2010	10	6543	0	7	ERR188375	lcl
rnr2_control	2011	11	6622	0	0	ERR188375	lcl
rnr2_control	2012	10	6275	0	3	ERR188375	lcl
rnr2_control	2013	10	6329	0	7	ERR188375	lcl
rnr2_control	2014	9	6327	0	3	ERR188375	lcl
rnr2_control	2015	11	6551	0	3	ERR188375	lcl
co1_control	6000	6	6324	0	1	ERR188375	lcl
co1_control	6001	5	6168	0	0	ERR188375	lcl
co1_control	6002	4	5607	0	2	ERR188375	lcl
co1_control	6003	4	5334	0	0	ERR188375	lcl
co1_control	6004	3	5403	0	0	ERR188375	lcl
co1_control	6005	3	3737	0	1	ERR188375	lcl
co1_control	6006	2	3488	0	2	ERR188375	lcl
co1_control	6007	2	3443	0	0	ERR188375	lcl
co1_control	6008	2	3152	0	3	ERR188375	lcl
co1_control	6009	2	2909	0	0	ERR188375	lcl
co1_control	6010	1	3174	0	1	ERR188375	lcl
co1_control	6011	1	3202	0	0	ERR188375	lcl
co1_control	6012	1	3161	0	0	ERR188375	lcl
co1_control	6013	1	3022	0	1	ERR188375	lcl
co1_control	6014	1	2814	0	0	ERR188375	lcl
co1_control	6015	1	2688	0	2	ERR188375	lcl
poly_c_hvs2	303	23	482	0	4	ERR204823	lcl
poly_c_hvs2	304	24	429	0	2	ERR204823	lcl
poly_c_hvs2	305	26	452	0	0	ERR204823	lcl
poly_c_hvs2	306	24	509	0	1	ERR204823	lcl
poly_c_hvs2	307	23	517	0	0	ERR204823	lcl
poly_c_hvs2	308	19	510	0	0	ERR204823	lcl
poly_c_hvs2	309	18	481	0	0	ERR204823	lcl
poly_c_hvs2	310	18	455	0	1	ERR204823	lcl
poly_c_hvs2	311	18	464	0	1	ERR204823	lcl
poly_c_hvs2	312	19	488	0	1	ERR204823	lcl
poly_c_hvs2	313	17	496	0	0	ERR204823	lcl
poly_c_hvs2	314	17	479	0	0	ERR204823	lcl
poly_c_hvs2	315	16	461	0	0	ERR204823	lcl
poly_c_hvs1	16180	6	1366	0	0	ERR204823	lcl
poly_c_hvs1	16181	5	1399	0	0	ERR204823	lcl
poly_c_hvs1	16182	5	1361	0	0	ERR204823	lcl
poly_c_hvs1	16183	5	1245	0	1	ERR204823	lcl
poly_c_hvs1	16184	3	1398	0	1	ERR204823	lcl
poly_c_hvs1	16185	3	1377	0	1	ERR204823	lcl
poly_c_hvs1	16186	3	1366	0	1	ERR204823	lcl
poly_c_hvs1	16187	3	1376	0	0	ERR204823	lcl
poly_c_hvs1	16188	3	1374	0	2	ERR204823	lcl
poly_c_hvs1	16189	2	1322	0	5	ERR204823	lcl
poly_c_hvs1	16190	2	1367	0	0	ERR204823	lcl
poly_c_hvs1	16191	2	1377	0	0	ERR204823	lcl
poly_c_hvs1	16192	2	1359	0	0	ERR204823	lcl
poly_c_hvs1	16193	2	1347	0	1	ERR204823	lcl
poly_c_hvs1	16194	2	1348	0	1	ERR204823	lcl
poly_c_hvs1	16195	2	1335	0	2	ERR204823	lcl
rnr2_control	2000	12	7751	0	3	ERR204823	lcl
rnr2_control	2001	12	7389	0	3	ERR204823	lcl
rnr2_control	2002	10	7406	0	4	ERR204823	lcl
rnr2_control	2003	10	7354	0	10	ERR204823	lcl
rnr2_control	2004	11	7601	0	12	ERR204823	lcl
rnr2_control	2005	11	7522	0	3	ERR204823	lcl
rnr2_control	2006	10	7502	0	0	ERR204823	lcl
rnr2_control	2007	11	7436	0	18	ERR204823	lcl
rnr2_control	2008	9	7359	0	5	ERR204823	lcl
rnr2_control	2009	8	7340	0	6	ERR204823	lcl
rnr2_control	2010	7	6963	0	3	ERR204823	lcl
rnr2_control	2011	8	7035	0	2	ERR204823	lcl
rnr2_control	2012	6	6930	0	2	ERR204823	lcl
rnr2_control	2013	5	6956	0	3	ERR204823	lcl
rnr2_control	2014	5	6924	0	4	ERR204823	lcl
rnr2_control	2015	11	7326	0	10	ERR204823	lcl
co1_control	6000	4	6239	0	1	ERR204823	lcl
co1_control	6001	4	6275	0	4	ERR204823	lcl
co1_control	6002	3	6185	0	0	ERR204823	lcl
co1_control	6003	4	6080	0	1	ERR204823	lcl
co1_control	6004	5	5654	0	3	ERR204823	lcl
co1_control	6005	5	5802	0	2	ERR204823	lcl
co1_control	6006	5	5824	0	0	ERR204823	lcl
co1_control	6007	5	5655	0	0	ERR204823	lcl
co1_control	6008	5	5905	0	4	ERR204823	lcl
co1_control	6009	6	5929	0	2	ERR204823	lcl
co1_control	6010	6	6098	0	0	ERR204823	lcl
co1_control	6011	6	6123	0	4	ERR204823	lcl
co1_control	6012	6	6031	0	5	ERR204823	lcl
co1_control	6013	6	6271	0	2	ERR204823	lcl
co1_control	6014	5	5991	0	13	ERR204823	lcl
co1_control	6015	5	6207	0	5	ERR204823	lcl
poly_c_hvs2	303	397	333	0	0	ERR188454	lcl
poly_c_hvs2	304	397	296	0	0	ERR188454	lcl
poly_c_hvs2	305	386	303	0	0	ERR188454	lcl
poly_c_hvs2	306	363	347	0	0	ERR188454	lcl
poly_c_hvs2	307	365	347	0	0	ERR188454	lcl
poly_c_hvs2	308	366	336	0	0	ERR188454	lcl
poly_c_hvs2	309	430	217	2	39	ERR188454	lcl
poly_c_hvs2	310	374	285	12	0	ERR188454	lcl
poly_c_hvs2	311	383	277	1	23	ERR188454	lcl
poly_c_hvs2	312	367	321	0	0	ERR188454	lcl
poly_c_hvs2	313	364	340	0	0	ERR188454	lcl
poly_c_hvs2	314	361	346	0	0	ERR188454	lcl
poly_c_hvs2	315	355	349	0	1	ERR188454	lcl
poly_c_hvs1	16180	2	979	0	0	ERR188454	lcl
poly_c_hvs1	16181	2	1029	0	0	ERR188454	lcl
poly_c_hvs1	16182	2	998	0	3	ERR188454	lcl
poly_c_hvs1	16183	2	871	0	0	ERR188454	lcl
poly_c_hvs1	16184	2	1028	0	2	ERR188454	lcl
poly_c_hvs1	16185	2	976	0	0	ERR188454	lcl
poly_c_hvs1	16186	2	957	0	1	ERR188454	lcl
poly_c_hvs1	16187	2	716	0	8	ERR188454	lcl
poly_c_hvs1	16188	2	902	0	1	ERR188454	lcl
poly_c_hvs1	16189	2	916	0	8	ERR188454	lcl
poly_c_hvs1	16190	2	1011	0	1	ERR188454	lcl
poly_c_hvs1	16191	2	1022	0	0	ERR188454	lcl
poly_c_hvs1	16192	2	1016	0	1	ERR188454	lcl
poly_c_hvs1	16193	2	1018	0	3	ERR188454	lcl
poly_c_hvs1	16194	2	1026	0	0	ERR188454	lcl
poly_c_hvs1	16195	2	1014	0	0	ERR188454	lcl
rnr2_control	2000	14	7460	0	0	ERR188454	lcl
rnr2_control	2001	11	6960	0	6	ERR188454	lcl
rnr2_control	2002	12	6876	0	2	ERR188454	lcl
rnr2_control	2003	12	6761	0	4	ERR188454	lcl
rnr2_control	2004	12	7136	0	1	ERR188454	lcl
rnr2_control	2005	12	7044	0	2	ERR188454	lcl
rnr2_control	2006	12	7149	0	2	ERR188454	lcl
rnr2_control	2007	12	7015	0	17	ERR188454	lcl
rnr2_control	2008	11	6977	0	2	ERR188454	lcl
rnr2_control	2009	11	6976	0	1	ERR188454	lcl
rnr2_control	2010	8	6520	0	1	ERR188454	lcl
rnr2_control	2011	9	6608	0	0	ERR188454	lcl
rnr2_control	2012	9	6417	0	3	ERR188454	lcl
rnr2_control	2013	8	6462	0	0	ERR188454	lcl
rnr2_control	2014	9	6434	0	2	ERR188454	lcl
rnr2_control	2015	9	6682	0	4	ERR188454	lcl
co1_control	6000	9	5908	0	2	ERR188454	lcl
co1_control	6001	7	5683	0	1	ERR188454	lcl
co1_control	6002	6	5262	0	1	ERR188454	lcl
co1_control	6003	6	5296	0	1	ERR188454	lcl
co1_control	6004	6	3562	0	0	ERR188454	lcl
co1_control	6005	4	3897	0	0	ERR188454	lcl
co1_control	6006	4	3928	0	0	ERR188454	lcl
co1_control	6007	3	3482	0	1	ERR188454	lcl
co1_control	6008	2	3556	0	0	ERR188454	lcl
co1_control	6009	2	3625	0	0	ERR188454	lcl
co1_control	6010	2	3656	0	0	ERR188454	lcl
co1_control	6011	2	3724	0	0	ERR188454	lcl
co1_control	6012	2	3563	0	1	ERR188454	lcl
co1_control	6013	2	3610	0	0	ERR188454	lcl
co1_control	6014	2	2744	0	0	ERR188454	lcl
co1_control	6015	2	2998	0	2	ERR188454	lcl
poly_c_hvs2	303	275	155	1	0	ERR188096	lcl
poly_c_hvs2	304	268	139	0	0	ERR188096	lcl
poly_c_hvs2	305	265	152	0	0	ERR188096	lcl
poly_c_hvs2	306	261	182	0	0	ERR188096	lcl
poly_c_hvs2	307	260	178	0	0	ERR188096	lcl
poly_c_hvs2	308	260	168	0	1	ERR188096	lcl
poly_c_hvs2	309	268	121	4	23	ERR188096	lcl
poly_c_hvs2	310	167	151	8	93	ERR188096	lcl
poly_c_hvs2	311	251	199	0	0	ERR188096	lcl
poly_c_hvs2	312	257	210	0	0	ERR188096	lcl
poly_c_hvs2	313	257	214	0	0	ERR188096	lcl
poly_c_hvs2	314	258	213	0	0	ERR188096	lcl
poly_c_hvs2	315	250	217	0	0	ERR188096	lcl
poly_c_hvs1	16180	2	1010	0	0	ERR188096	lcl
poly_c_hvs1	16181	2	1023	0	0	ERR188096	lcl
poly_c_hvs1	16182	2	978	0	1	ERR188096	lcl
poly_c_hvs1	16183	3	818	0	4	ERR188096	lcl
poly_c_hvs1	16184	2	984	0	1	ERR188096	lcl
poly_c_hvs1	16185	2	940	0	0	ERR188096	lcl
poly_c_hvs1	16186	2	922	0	1	ERR188096	lcl
poly_c_hvs1	16187	1	669	0	9	ERR188096	lcl
poly_c_hvs1	16188	2	879	0	0	ERR188096	lcl
poly_c_hvs1	16189	2	906	0	6	ERR188096	lcl
poly_c_hvs1	16190	2	993	0	0	ERR188096	lcl
poly_c_hvs1	16191	3	1029	0	1	ERR188096	lcl
poly_c_hvs1	16192	3	1018	0	2	ERR188096	lcl
poly_c_hvs1	16193	3	1014	0	0	ERR188096	lcl
poly_c_hvs1	16194	2	1023	0	1	ERR188096	lcl
poly_c_hvs1	16195	3	999	0	0	ERR188096	lcl
rnr2_control	2000	29	7617	0	8	ERR188096	lcl
rnr2_control	2001	27	7320	0	4	ERR188096	lcl
rnr2_control	2002	26	7337	0	7	ERR188096	lcl
rnr2_control	2003	25	7261	0	18	ERR188096	lcl
rnr2_control	2004	26	7408	0	5	ERR188096	lcl
rnr2_control	2005	26	7290	0	4	ERR188096	lcl
rnr2_control	2006	25	7282	0	3	ERR188096	lcl
rnr2_control	2007	26	7318	0	19	ERR188096	lcl
rnr2_control	2008	24	7324	0	6	ERR188096	lcl
rnr2_control	2009	24	7268	0	6	ERR188096	lcl
rnr2_control	2010	22	6632	0	8	ERR188096	lcl
rnr2_control	2011	22	6869	0	5	ERR188096	lcl
rnr2_control	2012	20	6746	0	6	ERR188096	lcl
rnr2_control	2013	20	6790	0	5	ERR188096	lcl
rnr2_control	2014	18	6839	0	11	ERR188096	lcl
rnr2_control	2015	21	7309	0	5	ERR188096	lcl
co1_control	6000	10	6015	0	2	ERR188096	lcl
co1_control	6001	10	5682	0	2	ERR188096	lcl
co1_control	6002	10	5544	0	3	ERR188096	lcl
co1_control	6003	8	5518	0	2	ERR188096	lcl
co1_control	6004	8	5031	0	3	ERR188096	lcl
co1_control	6005	7	5168	0	5	ERR188096	lcl
co1_control	6006	6	5309	0	3	ERR188096	lcl
co1_control	6007	6	5170	0	4	ERR188096	lcl
co1_control	6008	5	5355	0	5	ERR188096	lcl
co1_control	6009	5	5424	0	1	ERR188096	lcl
co1_control	6010	5	5598	0	2	ERR188096	lcl
co1_control	6011	5	5705	1	1	ERR188096	lcl
co1_control	6012	5	5687	1	10	ERR188096	lcl
co1_control	6013	5	5887	0	0	ERR188096	lcl
co1_control	6014	5	5529	0	4	ERR188096	lcl
co1_control	6015	5	5789	0	9	ERR188096	lcl
poly_c_hvs2	303	352	424	0	0	ERR188061	lcl
poly_c_hvs2	304	348	390	0	0	ERR188061	lcl
poly_c_hvs2	305	353	393	0	0	ERR188061	lcl
poly_c_hvs2	306	330	434	0	1	ERR188061	lcl
poly_c_hvs2	307	327	423	0	0	ERR188061	lcl
poly_c_hvs2	308	330	401	0	0	ERR188061	lcl
poly_c_hvs2	309	381	295	0	44	ERR188061	lcl
poly_c_hvs2	310	329	322	45	14	ERR188061	lcl
poly_c_hvs2	311	344	323	2	47	ERR188061	lcl
poly_c_hvs2	312	334	361	0	0	ERR188061	lcl
poly_c_hvs2	313	336	380	0	0	ERR188061	lcl
poly_c_hvs2	314	337	385	0	0	ERR188061	lcl
poly_c_hvs2	315	334	390	0	0	ERR188061	lcl
poly_c_hvs1	16180	48	916	0	0	ERR188061	lcl
poly_c_hvs1	16181	50	957	0	1	ERR188061	lcl
poly_c_hvs1	16182	48	912	0	0	ERR188061	lcl
poly_c_hvs1	16183	39	818	1	47	ERR188061	lcl
poly_c_hvs1	16184	49	920	0	10	ERR188061	lcl
poly_c_hvs1	16185	51	903	0	1	ERR188061	lcl
poly_c_hvs1	16186	52	908	0	0	ERR188061	lcl
poly_c_hvs1	16187	52	920	0	1	ERR188061	lcl
poly_c_hvs1	16188	51	886	0	2	ERR188061	lcl
poly_c_hvs1	16189	52	797	0	2	ERR188061	lcl
poly_c_hvs1	16190	52	829	0	1	ERR188061	lcl
poly_c_hvs1	16191	52	843	0	0	ERR188061	lcl
poly_c_hvs1	16192	52	830	0	0	ERR188061	lcl
poly_c_hvs1	16193	50	746	0	0	ERR188061	lcl
poly_c_hvs1	16194	48	774	0	0	ERR188061	lcl
poly_c_hvs1	16195	47	785	0	0	ERR188061	lcl
rnr2_control	2000	19	7816	0	3	ERR188061	lcl
rnr2_control	2001	18	7463	0	3	ERR188061	lcl
rnr2_control	2002	19	7484	0	3	ERR188061	lcl
rnr2_control	2003	19	7501	0	7	ERR188061	lcl
rnr2_control	2004	18	7661	0	5	ERR188061	lcl
rnr2_control	2005	17	7481	0	0	ERR188061	lcl
rnr2_control	2006	16	7591	0	1	ERR188061	lcl
rnr2_control	2007	16	7503	0	24	ERR188061	lcl
rnr2_control	2008	16	7437	0	1	ERR188061	lcl
rnr2_control	2009	14	7441	0	1	ERR188061	lcl
rnr2_control	2010	14	6931	0	3	ERR188061	lcl
rnr2_control	2011	14	6942	0	2	ERR188061	lcl
rnr2_control	2012	13	6665	0	1	ERR188061	lcl
rnr2_control	2013	13	6668	0	11	ERR188061	lcl
rnr2_control	2014	13	6655	0	3	ERR188061	lcl
rnr2_control	2015	12	6959	0	3	ERR188061	lcl
co1_control	6000	7	6059	0	1	ERR188061	lcl
co1_control	6001	6	5702	0	0	ERR188061	lcl
co1_control	6002	6	5307	0	0	ERR188061	lcl
co1_control	6003	6	5347	0	0	ERR188061	lcl
co1_control	6004	6	3485	0	0	ERR188061	lcl
co1_control	6005	6	3496	0	1	ERR188061	lcl
co1_control	6006	6	3483	0	0	ERR188061	lcl
co1_control	6007	6	2831	0	1	ERR188061	lcl
co1_control	6008	6	2686	0	0	ERR188061	lcl
co1_control	6009	6	2850	0	0	ERR188061	lcl
co1_control	6010	6	2929	0	0	ERR188061	lcl
co1_control	6011	6	3021	0	0	ERR188061	lcl
co1_control	6012	6	2877	0	0	ERR188061	lcl
co1_control	6013	4	2981	0	0	ERR188061	lcl
co1_control	6014	4	2433	0	1	ERR188061	lcl
co1_control	6015	3	2881	0	0	ERR188061	lcl
poly_c_hvs2	303	614	437	2	3	ERR188055	lcl
poly_c_hvs2	304	603	371	0	1	ERR188055	lcl
poly_c_hvs2	305	596	401	0	0	ERR188055	lcl
poly_c_hvs2	306	586	460	0	1	ERR188055	lcl
poly_c_hvs2	307	583	438	0	1	ERR188055	lcl
poly_c_hvs2	308	579	422	0	0	ERR188055	lcl
poly_c_hvs2	309	591	333	3	82	ERR188055	lcl
poly_c_hvs2	310	392	392	14	218	ERR188055	lcl
poly_c_hvs2	311	574	482	0	0	ERR188055	lcl
poly_c_hvs2	312	575	505	0	0	ERR188055	lcl
poly_c_hvs2	313	567	523	0	0	ERR188055	lcl
poly_c_hvs2	314	573	507	0	0	ERR188055	lcl
poly_c_hvs2	315	575	503	0	0	ERR188055	lcl
poly_c_hvs1	16180	15	2035	0	1	ERR188055	lcl
poly_c_hvs1	16181	15	2102	0	0	ERR188055	lcl
poly_c_hvs1	16182	15	2065	0	0	ERR188055	lcl
poly_c_hvs1	16183	14	1886	0	1	ERR188055	lcl
poly_c_hvs1	16184	14	2105	0	0	ERR188055	lcl
poly_c_hvs1	16185	13	2054	0	3	ERR188055	lcl
poly_c_hvs1	16186	13	2061	0	0	ERR188055	lcl
poly_c_hvs1	16187	13	2073	0	2	ERR188055	lcl
poly_c_hvs1	16188	13	2041	0	0	ERR188055	lcl
poly_c_hvs1	16189	10	1959	0	0	ERR188055	lcl
poly_c_hvs1	16190	11	2027	0	3	ERR188055	lcl
poly_c_hvs1	16191	11	2045	0	0	ERR188055	lcl
poly_c_hvs1	16192	11	2016	0	1	ERR188055	lcl
poly_c_hvs1	16193	11	1998	0	0	ERR188055	lcl
poly_c_hvs1	16194	11	1998	0	1	ERR188055	lcl
poly_c_hvs1	16195	11	2004	0	1	ERR188055	lcl
rnr2_control	2000	2	7073	0	35	ERR188055	lcl
rnr2_control	2001	3	7215	0	3	ERR188055	lcl
rnr2_control	2002	2	7200	0	4	ERR188055	lcl
rnr2_control	2003	3	6972	0	34	ERR188055	lcl
rnr2_control	2004	3	7126	0	5	ERR188055	lcl
rnr2_control	2005	3	6970	0	0	ERR188055	lcl
rnr2_control	2006	4	6720	0	3	ERR188055	lcl
rnr2_control	2007	4	6662	0	37	ERR188055	lcl
rnr2_control	2008	4	6572	0	1	ERR188055	lcl
rnr2_control	2009	5	6438	0	5	ERR188055	lcl
rnr2_control	2010	5	5580	0	4	ERR188055	lcl
rnr2_control	2011	5	5573	0	2	ERR188055	lcl
rnr2_control	2012	5	5388	0	9	ERR188055	lcl
rnr2_control	2013	5	5364	0	5	ERR188055	lcl
rnr2_control	2014	6	5282	0	4	ERR188055	lcl
rnr2_control	2015	7	5612	0	2	ERR188055	lcl
co1_control	6000	9	5149	0	2	ERR188055	lcl
co1_control	6001	9	4490	0	0	ERR188055	lcl
co1_control	6002	10	4287	0	0	ERR188055	lcl
co1_control	6003	10	4265	0	0	ERR188055	lcl
co1_control	6004	10	3363	0	2	ERR188055	lcl
co1_control	6005	7	3342	0	0	ERR188055	lcl
co1_control	6006	5	3378	0	0	ERR188055	lcl
co1_control	6007	4	2925	0	0	ERR188055	lcl
co1_control	6008	3	2949	0	0	ERR188055	lcl
co1_control	6009	3	3118	0	0	ERR188055	lcl
co1_control	6010	4	3237	0	1	ERR188055	lcl
co1_control	6011	4	3378	0	3	ERR188055	lcl
co1_control	6012	2	3304	0	1	ERR188055	lcl
co1_control	6013	2	3619	0	0	ERR188055	lcl
co1_control	6014	1	3059	0	2	ERR188055	lcl
co1_control	6015	2	3367	0	3	ERR188055	lcl
poly_c_hvs2	303	341	650	0	5	ERR188065	lcl
poly_c_hvs2	304	340	576	0	0	ERR188065	lcl
poly_c_hvs2	305	336	588	0	1	ERR188065	lcl
poly_c_hvs2	306	322	648	0	1	ERR188065	lcl
poly_c_hvs2	307	316	639	0	0	ERR188065	lcl
poly_c_hvs2	308	317	604	0	0	ERR188065	lcl
poly_c_hvs2	309	327	469	9	132	ERR188065	lcl
poly_c_hvs2	310	294	510	18	2	ERR188065	lcl
poly_c_hvs2	311	309	582	9	56	ERR188065	lcl
poly_c_hvs2	312	312	615	1	16	ERR188065	lcl
poly_c_hvs2	313	310	648	0	1	ERR188065	lcl
poly_c_hvs2	314	309	641	0	0	ERR188065	lcl
poly_c_hvs2	315	310	640	0	0	ERR188065	lcl
poly_c_hvs1	16180	12	2265	0	2	ERR188065	lcl
poly_c_hvs1	16181	11	2300	0	1	ERR188065	lcl
poly_c_hvs1	16182	11	2264	0	0	ERR188065	lcl
poly_c_hvs1	16183	10	2030	0	2	ERR188065	lcl
poly_c_hvs1	16184	10	2275	0	2	ERR188065	lcl
poly_c_hvs1	16185	9	2223	0	0	ERR188065	lcl
poly_c_hvs1	16186	9	2229	0	0	ERR188065	lcl
poly_c_hvs1	16187	8	2249	0	0	ERR188065	lcl
poly_c_hvs1	16188	9	2203	0	0	ERR188065	lcl
poly_c_hvs1	16189	8	2063	0	7	ERR188065	lcl
poly_c_hvs1	16190	8	2121	0	0	ERR188065	lcl
poly_c_hvs1	16191	7	2171	0	1	ERR188065	lcl
poly_c_hvs1	16192	7	2141	0	4	ERR188065	lcl
poly_c_hvs1	16193	7	2081	0	0	ERR188065	lcl
poly_c_hvs1	16194	7	2109	0	1	ERR188065	lcl
poly_c_hvs1	16195	6	2090	0	1	ERR188065	lcl
rnr2_control	2000	17	7699	0	3	ERR188065	lcl
rnr2_control	2001	16	7226	0	3	ERR188065	lcl
rnr2_control	2002	16	7241	0	4	ERR188065	lcl
rnr2_control	2003	17	7287	0	10	ERR188065	lcl
rnr2_control	2004	17	7528	0	2	ERR188065	lcl
rnr2_control	2005	18	7346	0	0	ERR188065	lcl
rnr2_control	2006	18	7293	0	1	ERR188065	lcl
rnr2_control	2007	17	7245	0	33	ERR188065	lcl
rnr2_control	2008	17	7290	0	73	ERR188065	lcl
rnr2_control	2009	16	7166	0	3	ERR188065	lcl
rnr2_control	2010	14	6476	0	4	ERR188065	lcl
rnr2_control	2011	13	6542	0	2	ERR188065	lcl
rnr2_control	2012	13	6280	0	5	ERR188065	lcl
rnr2_control	2013	14	6264	0	5	ERR188065	lcl
rnr2_control	2014	14	6237	0	5	ERR188065	lcl
rnr2_control	2015	15	6637	0	2	ERR188065	lcl
co1_control	6000	6	5290	0	3	ERR188065	lcl
co1_control	6001	5	4647	0	1	ERR188065	lcl
co1_control	6002	5	4336	0	2	ERR188065	lcl
co1_control	6003	5	4323	0	0	ERR188065	lcl
co1_control	6004	4	3430	0	3	ERR188065	lcl
co1_control	6005	5	3422	0	0	ERR188065	lcl
co1_control	6006	5	3564	0	3	ERR188065	lcl
co1_control	6007	4	3200	0	1	ERR188065	lcl
co1_control	6008	3	3272	0	1	ERR188065	lcl
co1_control	6009	5	3448	0	0	ERR188065	lcl
co1_control	6010	4	3524	0	1	ERR188065	lcl
co1_control	6011	4	3569	0	1	ERR188065	lcl
co1_control	6012	5	3480	0	3	ERR188065	lcl
co1_control	6013	6	3813	0	3	ERR188065	lcl
co1_control	6014	6	3399	0	1	ERR188065	lcl
co1_control	6015	6	3749	0	2	ERR188065	lcl
poly_c_hvs2	303	251	361	0	0	ERR188451	lcl
poly_c_hvs2	304	249	303	0	2	ERR188451	lcl
poly_c_hvs2	305	245	311	0	0	ERR188451	lcl
poly_c_hvs2	306	232	343	0	0	ERR188451	lcl
poly_c_hvs2	307	230	327	0	1	ERR188451	lcl
poly_c_hvs2	308	229	309	0	0	ERR188451	lcl
poly_c_hvs2	309	230	242	0	48	ERR188451	lcl
poly_c_hvs2	310	192	254	65	25	ERR188451	lcl
poly_c_hvs2	311	228	263	1	32	ERR188451	lcl
poly_c_hvs2	312	222	302	0	0	ERR188451	lcl
poly_c_hvs2	313	223	323	0	0	ERR188451	lcl
poly_c_hvs2	314	225	333	0	0	ERR188451	lcl
poly_c_hvs2	315	223	327	0	0	ERR188451	lcl
poly_c_hvs1	16180	8	1596	0	0	ERR188451	lcl
poly_c_hvs1	16181	8	1652	0	3	ERR188451	lcl
poly_c_hvs1	16182	8	1636	0	2	ERR188451	lcl
poly_c_hvs1	16183	8	1490	0	5	ERR188451	lcl
poly_c_hvs1	16184	7	1645	0	2	ERR188451	lcl
poly_c_hvs1	16185	6	1607	0	3	ERR188451	lcl
poly_c_hvs1	16186	6	1622	0	2	ERR188451	lcl
poly_c_hvs1	16187	6	1641	0	3	ERR188451	lcl
poly_c_hvs1	16188	5	1611	0	1	ERR188451	lcl
poly_c_hvs1	16189	4	1514	0	5	ERR188451	lcl
poly_c_hvs1	16190	5	1600	0	3	ERR188451	lcl
poly_c_hvs1	16191	4	1636	0	1	ERR188451	lcl
poly_c_hvs1	16192	4	1618	0	0	ERR188451	lcl
poly_c_hvs1	16193	3	1623	0	1	ERR188451	lcl
poly_c_hvs1	16194	3	1626	0	3	ERR188451	lcl
poly_c_hvs1	16195	3	1604	0	0	ERR188451	lcl
rnr2_control	2000	17	7658	0	5	ERR188451	lcl
rnr2_control	2001	12	7097	0	8	ERR188451	lcl
rnr2_control	2002	13	7015	0	8	ERR188451	lcl
rnr2_control	2003	13	6917	0	8	ERR188451	lcl
rnr2_control	2004	14	7372	0	4	ERR188451	lcl
rnr2_control	2005	13	7248	0	5	ERR188451	lcl
rnr2_control	2006	13	7274	0	4	ERR188451	lcl
rnr2_control	2007	13	7194	0	17	ERR188451	lcl
rnr2_control	2008	13	7208	0	4	ERR188451	lcl
rnr2_control	2009	15	7136	0	4	ERR188451	lcl
rnr2_control	2010	15	6417	0	4	ERR188451	lcl
rnr2_control	2011	15	6547	0	4	ERR188451	lcl
rnr2_control	2012	15	6352	0	3	ERR188451	lcl
rnr2_control	2013	14	6372	0	6	ERR188451	lcl
rnr2_control	2014	14	6311	0	7	ERR188451	lcl
rnr2_control	2015	14	6839	0	6	ERR188451	lcl
co1_control	6000	10	5104	0	2	ERR188451	lcl
co1_control	6001	9	4656	0	1	ERR188451	lcl
co1_control	6002	9	4486	0	8	ERR188451	lcl
co1_control	6003	10	4476	0	4	ERR188451	lcl
co1_control	6004	10	3617	0	0	ERR188451	lcl
co1_control	6005	10	3574	0	3	ERR188451	lcl
co1_control	6006	9	3609	0	3	ERR188451	lcl
co1_control	6007	9	3257	0	1	ERR188451	lcl
co1_control	6008	9	3252	0	3	ERR188451	lcl
co1_control	6009	9	3381	0	0	ERR188451	lcl
co1_control	6010	8	3439	0	2	ERR188451	lcl
co1_control	6011	8	3501	0	2	ERR188451	lcl
co1_control	6012	8	3413	0	2	ERR188451	lcl
co1_control	6013	8	3673	0	3	ERR188451	lcl
co1_control	6014	7	3177	0	4	ERR188451	lcl
co1_control	6015	6	3409	0	3	ERR188451	lcl
poly_c_hvs2	303	406	438	0	2	ERR188409	lcl
poly_c_hvs2	304	408	374	0	1	ERR188409	lcl
poly_c_hvs2	305	373	437	0	0	ERR188409	lcl
poly_c_hvs2	306	370	444	0	0	ERR188409	lcl
poly_c_hvs2	307	368	428	0	0	ERR188409	lcl
poly_c_hvs2	308	364	411	0	0	ERR188409	lcl
poly_c_hvs2	309	433	271	3	47	ERR188409	lcl
poly_c_hvs2	310	344	335	5	1	ERR188409	lcl
poly_c_hvs2	311	360	365	2	22	ERR188409	lcl
poly_c_hvs2	312	351	402	0	3	ERR188409	lcl
poly_c_hvs2	313	347	416	0	0	ERR188409	lcl
poly_c_hvs2	314	347	431	0	0	ERR188409	lcl
poly_c_hvs2	315	344	444	0	0	ERR188409	lcl
poly_c_hvs1	16180	15	2212	0	0	ERR188409	lcl
poly_c_hvs1	16181	14	2190	0	1	ERR188409	lcl
poly_c_hvs1	16182	14	2093	0	2	ERR188409	lcl
poly_c_hvs1	16183	12	1762	0	3	ERR188409	lcl
poly_c_hvs1	16184	12	2181	0	1	ERR188409	lcl
poly_c_hvs1	16185	10	2053	0	0	ERR188409	lcl
poly_c_hvs1	16186	8	2005	0	2	ERR188409	lcl
poly_c_hvs1	16187	8	1429	1	23	ERR188409	lcl
poly_c_hvs1	16188	9	1921	0	0	ERR188409	lcl
poly_c_hvs1	16189	9	1964	0	3	ERR188409	lcl
poly_c_hvs1	16190	9	2164	0	0	ERR188409	lcl
poly_c_hvs1	16191	9	2271	0	1	ERR188409	lcl
poly_c_hvs1	16192	9	2260	0	2	ERR188409	lcl
poly_c_hvs1	16193	8	2266	0	0	ERR188409	lcl
poly_c_hvs1	16194	8	2248	0	7	ERR188409	lcl
poly_c_hvs1	16195	9	2229	0	2	ERR188409	lcl
rnr2_control	2000	11	7815	0	1	ERR188409	lcl
rnr2_control	2001	11	7284	0	6	ERR188409	lcl
rnr2_control	2002	12	7169	0	2	ERR188409	lcl
rnr2_control	2003	12	7286	0	12	ERR188409	lcl
rnr2_control	2004	12	7448	0	1	ERR188409	lcl
rnr2_control	2005	11	7220	0	1	ERR188409	lcl
rnr2_control	2006	11	7305	0	1	ERR188409	lcl
rnr2_control	2007	11	7199	0	20	ERR188409	lcl
rnr2_control	2008	10	7149	0	3	ERR188409	lcl
rnr2_control	2009	10	7031	0	4	ERR188409	lcl
rnr2_control	2010	9	6388	0	1	ERR188409	lcl
rnr2_control	2011	8	6418	0	1	ERR188409	lcl
rnr2_control	2012	6	5993	0	2	ERR188409	lcl
rnr2_control	2013	7	6043	0	4	ERR188409	lcl
rnr2_control	2014	7	6079	0	2	ERR188409	lcl
rnr2_control	2015	5	6558	0	4	ERR188409	lcl
co1_control	6000	8	6155	0	4	ERR188409	lcl
co1_control	6001	7	5869	0	1	ERR188409	lcl
co1_control	6002	7	5327	0	1	ERR188409	lcl
co1_control	6003	6	5076	0	2	ERR188409	lcl
co1_control	6004	5	5284	0	0	ERR188409	lcl
co1_control	6005	5	3293	0	0	ERR188409	lcl
co1_control	6006	4	3104	0	0	ERR188409	lcl
co1_control	6007	2	3058	0	3	ERR188409	lcl
co1_control	6008	1	2949	0	0	ERR188409	lcl
co1_control	6009	2	2858	0	0	ERR188409	lcl
co1_control	6010	2	3314	0	7	ERR188409	lcl
co1_control	6011	2	3437	0	2	ERR188409	lcl
co1_control	6012	2	3537	0	2	ERR188409	lcl
co1_control	6013	2	3725	0	0	ERR188409	lcl
co1_control	6014	1	3208	0	2	ERR188409	lcl
co1_control	6015	3	3929	0	4	ERR188409	lcl
poly_c_hvs2	303	196	434	0	0	ERR188331	lcl
poly_c_hvs2	304	190	380	0	0	ERR188331	lcl
poly_c_hvs2	305	196	374	0	0	ERR188331	lcl
poly_c_hvs2	306	189	389	0	0	ERR188331	lcl
poly_c_hvs2	307	190	384	0	0	ERR188331	lcl
poly_c_hvs2	308	192	369	0	1	ERR188331	lcl
poly_c_hvs2	309	215	292	2	20	ERR188331	lcl
poly_c_hvs2	310	193	338	1	1	ERR188331	lcl
poly_c_hvs2	311	196	342	0	1	ERR188331	lcl
poly_c_hvs2	312	201	316	0	15	ERR188331	lcl
poly_c_hvs2	313	194	353	0	0	ERR188331	lcl
poly_c_hvs2	314	196	362	0	0	ERR188331	lcl
poly_c_hvs2	315	196	363	0	0	ERR188331	lcl
poly_c_hvs1	16180	3	1128	0	0	ERR188331	lcl
poly_c_hvs1	16181	3	1168	0	0	ERR188331	lcl
poly_c_hvs1	16182	3	1146	0	0	ERR188331	lcl
poly_c_hvs1	16183	3	1065	0	2	ERR188331	lcl
poly_c_hvs1	16184	3	1188	0	1	ERR188331	lcl
poly_c_hvs1	16185	2	1067	0	2	ERR188331	lcl
poly_c_hvs1	16186	2	1078	0	1	ERR188331	lcl
poly_c_hvs1	16187	2	1075	0	0	ERR188331	lcl
poly_c_hvs1	16188	2	1063	0	0	ERR188331	lcl
poly_c_hvs1	16189	2	980	0	2	ERR188331	lcl
poly_c_hvs1	16190	2	1040	0	0	ERR188331	lcl
poly_c_hvs1	16191	2	1044	0	0	ERR188331	lcl
poly_c_hvs1	16192	2	1037	0	1	ERR188331	lcl
poly_c_hvs1	16193	2	1038	0	0	ERR188331	lcl
poly_c_hvs1	16194	2	1022	0	0	ERR188331	lcl
poly_c_hvs1	16195	2	1007	0	0	ERR188331	lcl
rnr2_control	2000	16	7534	0	2	ERR188331	lcl
rnr2_control	2001	10	6698	0	3	ERR188331	lcl
rnr2_control	2002	9	6594	0	0	ERR188331	lcl
rnr2_control	2003	11	6456	0	0	ERR188331	lcl
rnr2_control	2004	10	6710	0	1	ERR188331	lcl
rnr2_control	2005	10	6557	0	1	ERR188331	lcl
rnr2_control	2006	11	6800	0	6	ERR188331	lcl
rnr2_control	2007	10	6688	0	5	ERR188331	lcl
rnr2_control	2008	11	6621	0	1	ERR188331	lcl
rnr2_control	2009	10	6693	0	3	ERR188331	lcl
rnr2_control	2010	9	6248	0	1	ERR188331	lcl
rnr2_control	2011	11	6317	0	1	ERR188331	lcl
rnr2_control	2012	10	6112	0	0	ERR188331	lcl
rnr2_control	2013	10	6187	0	1	ERR188331	lcl
rnr2_control	2014	9	6197	0	4	ERR188331	lcl
rnr2_control	2015	9	6478	0	2	ERR188331	lcl
co1_control	6000	4	6030	0	4	ERR188331	lcl
co1_control	6001	4	5838	0	0	ERR188331	lcl
co1_control	6002	3	5464	0	1	ERR188331	lcl
co1_control	6003	3	5443	0	1	ERR188331	lcl
co1_control	6004	4	3529	0	1	ERR188331	lcl
co1_control	6005	4	3501	0	0	ERR188331	lcl
co1_control	6006	3	3528	0	0	ERR188331	lcl
co1_control	6007	3	2962	0	0	ERR188331	lcl
co1_control	6008	3	2799	0	1	ERR188331	lcl
co1_control	6009	3	2933	0	0	ERR188331	lcl
co1_control	6010	3	2920	0	0	ERR188331	lcl
co1_control	6011	3	2844	0	1	ERR188331	lcl
co1_control	6012	4	2622	0	0	ERR188331	lcl
co1_control	6013	3	2690	0	0	ERR188331	lcl
co1_control	6014	2	1628	0	3	ERR188331	lcl
co1_control	6015	2	1713	0	0	ERR188331	lcl
poly_c_hvs2	303	2805	1461	24	25	ERR188351	lcl
poly_c_hvs2	304	2789	1323	0	3	ERR188351	lcl
poly_c_hvs2	305	2784	1368	1	0	ERR188351	lcl
poly_c_hvs2	306	2654	1615	1	0	ERR188351	lcl
poly_c_hvs2	307	2663	1575	0	2	ERR188351	lcl
poly_c_hvs2	308	2661	1503	0	0	ERR188351	lcl
poly_c_hvs2	309	2809	1053	23	144	ERR188351	lcl
poly_c_hvs2	310	2019	1389	59	863	ERR188351	lcl
poly_c_hvs2	311	2649	1575	1	0	ERR188351	lcl
poly_c_hvs2	312	2607	1711	0	0	ERR188351	lcl
poly_c_hvs2	313	2561	1782	0	0	ERR188351	lcl
poly_c_hvs2	314	2630	1677	0	0	ERR188351	lcl
poly_c_hvs2	315	2621	1673	0	1	ERR188351	lcl
poly_c_hvs1	16180	31	3563	0	3	ERR188351	lcl
poly_c_hvs1	16181	25	3684	0	2	ERR188351	lcl
poly_c_hvs1	16182	25	3614	0	3	ERR188351	lcl
poly_c_hvs1	16183	25	3410	1	6	ERR188351	lcl
poly_c_hvs1	16184	26	3650	0	2	ERR188351	lcl
poly_c_hvs1	16185	25	3531	0	1	ERR188351	lcl
poly_c_hvs1	16186	25	3556	0	4	ERR188351	lcl
poly_c_hvs1	16187	25	3625	0	6	ERR188351	lcl
poly_c_hvs1	16188	25	3596	0	2	ERR188351	lcl
poly_c_hvs1	16189	25	3435	0	5	ERR188351	lcl
poly_c_hvs1	16190	25	3512	0	3	ERR188351	lcl
poly_c_hvs1	16191	25	3556	0	3	ERR188351	lcl
poly_c_hvs1	16192	25	3526	0	1	ERR188351	lcl
poly_c_hvs1	16193	25	3541	0	2	ERR188351	lcl
poly_c_hvs1	16194	24	3556	0	2	ERR188351	lcl
poly_c_hvs1	16195	23	3505	0	2	ERR188351	lcl
rnr2_control	2000	34	7829	0	7	ERR188351	lcl
rnr2_control	2001	30	6618	0	6	ERR188351	lcl
rnr2_control	2002	25	6389	0	10	ERR188351	lcl
rnr2_control	2003	27	6197	0	12	ERR188351	lcl
rnr2_control	2004	29	7400	0	6	ERR188351	lcl
rnr2_control	2005	29	7137	0	4	ERR188351	lcl
rnr2_control	2006	27	7208	0	4	ERR188351	lcl
rnr2_control	2007	27	7003	0	31	ERR188351	lcl
rnr2_control	2008	27	6776	0	7	ERR188351	lcl
rnr2_control	2009	25	6580	0	11	ERR188351	lcl
rnr2_control	2010	20	5563	0	5	ERR188351	lcl
rnr2_control	2011	20	5422	0	6	ERR188351	lcl
rnr2_control	2012	19	4936	0	4	ERR188351	lcl
rnr2_control	2013	19	4885	0	3	ERR188351	lcl
rnr2_control	2014	18	4812	0	0	ERR188351	lcl
rnr2_control	2015	19	5080	0	2	ERR188351	lcl
co1_control	6000	14	6308	0	2	ERR188351	lcl
co1_control	6001	13	5612	0	2	ERR188351	lcl
co1_control	6002	13	4868	0	1	ERR188351	lcl
co1_control	6003	10	4851	0	0	ERR188351	lcl
co1_control	6004	8	2061	0	2	ERR188351	lcl
co1_control	6005	6	2490	0	0	ERR188351	lcl
co1_control	6006	6	2603	0	2	ERR188351	lcl
co1_control	6007	6	2498	0	1	ERR188351	lcl
co1_control	6008	5	3147	0	2	ERR188351	lcl
co1_control	6009	6	3362	0	2	ERR188351	lcl
co1_control	6010	5	3616	0	9	ERR188351	lcl
co1_control	6011	5	3982	0	3	ERR188351	lcl
co1_control	6012	6	4344	0	3	ERR188351	lcl
co1_control	6013	6	4552	0	1	ERR188351	lcl
co1_control	6014	6	4114	0	2	ERR188351	lcl
co1_control	6015	6	4793	0	5	ERR188351	lcl
poly_c_hvs2	303	1084	1400	0	14	ERR188414	lcl
poly_c_hvs2	304	1060	1326	0	1	ERR188414	lcl
poly_c_hvs2	305	976	1451	0	2	ERR188414	lcl
poly_c_hvs2	306	965	1459	0	0	ERR188414	lcl
poly_c_hvs2	307	968	1445	0	2	ERR188414	lcl
poly_c_hvs2	308	961	1404	0	0	ERR188414	lcl
poly_c_hvs2	309	1257	885	13	73	ERR188414	lcl
poly_c_hvs2	310	941	1330	5	4	ERR188414	lcl
poly_c_hvs2	311	936	1403	0	3	ERR188414	lcl
poly_c_hvs2	312	944	1361	4	75	ERR188414	lcl
poly_c_hvs2	313	922	1412	1	6	ERR188414	lcl
poly_c_hvs2	314	913	1451	1	1	ERR188414	lcl
poly_c_hvs2	315	915	1423	0	1	ERR188414	lcl
poly_c_hvs1	16180	26	699	0	0	ERR188414	lcl
poly_c_hvs1	16181	28	696	0	0	ERR188414	lcl
poly_c_hvs1	16182	27	663	1	3	ERR188414	lcl
poly_c_hvs1	16183	28	524	4	18	ERR188414	lcl
poly_c_hvs1	16184	29	623	0	2	ERR188414	lcl
poly_c_hvs1	16185	29	635	0	1	ERR188414	lcl
poly_c_hvs1	16186	29	631	0	1	ERR188414	lcl
poly_c_hvs1	16187	29	619	0	1	ERR188414	lcl
poly_c_hvs1	16188	29	578	0	1	ERR188414	lcl
poly_c_hvs1	16189	28	292	0	5	ERR188414	lcl
poly_c_hvs1	16190	29	322	0	0	ERR188414	lcl
poly_c_hvs1	16191	29	368	0	0	ERR188414	lcl
poly_c_hvs1	16192	28	369	0	0	ERR188414	lcl
poly_c_hvs1	16193	21	371	0	0	ERR188414	lcl
poly_c_hvs1	16194	18	664	0	1	ERR188414	lcl
poly_c_hvs1	16195	19	669	0	0	ERR188414	lcl
rnr2_control	2000	18	7920	0	1	ERR188414	lcl
rnr2_control	2001	15	7317	0	2	ERR188414	lcl
rnr2_control	2002	16	7245	0	1	ERR188414	lcl
rnr2_control	2003	16	7482	1	6	ERR188414	lcl
rnr2_control	2004	18	7578	0	3	ERR188414	lcl
rnr2_control	2005	16	7406	0	2	ERR188414	lcl
rnr2_control	2006	16	7393	0	3	ERR188414	lcl
rnr2_control	2007	15	7303	0	18	ERR188414	lcl
rnr2_control	2008	14	7243	0	0	ERR188414	lcl
rnr2_control	2009	12	7014	0	3	ERR188414	lcl
rnr2_control	2010	13	6641	0	2	ERR188414	lcl
rnr2_control	2011	15	6572	0	1	ERR188414	lcl
rnr2_control	2012	15	6090	0	1	ERR188414	lcl
rnr2_control	2013	15	6090	0	2	ERR188414	lcl
rnr2_control	2014	15	6066	0	3	ERR188414	lcl
rnr2_control	2015	15	6306	0	1	ERR188414	lcl
co1_control	6000	9	6587	0	2	ERR188414	lcl
co1_control	6001	8	6382	0	2	ERR188414	lcl
co1_control	6002	6	5773	0	1	ERR188414	lcl
co1_control	6003	6	5441	0	0	ERR188414	lcl
co1_control	6004	4	5576	0	0	ERR188414	lcl
co1_control	6005	4	2995	0	0	ERR188414	lcl
co1_control	6006	2	2682	0	2	ERR188414	lcl
co1_control	6007	1	2574	0	2	ERR188414	lcl
co1_control	6008	2	2313	0	1	ERR188414	lcl
co1_control	6009	2	2557	0	0	ERR188414	lcl
co1_control	6010	2	3047	0	0	ERR188414	lcl
co1_control	6011	2	3179	0	1	ERR188414	lcl
co1_control	6012	2	3268	0	2	ERR188414	lcl
co1_control	6013	2	3515	0	1	ERR188414	lcl
co1_control	6014	1	2804	0	1	ERR188414	lcl
co1_control	6015	2	3727	0	0	ERR188414	lcl
poly_c_hvs2	303	492	796	0	9	ERR188043	lcl
poly_c_hvs2	304	491	723	0	0	ERR188043	lcl
poly_c_hvs2	305	460	793	0	0	ERR188043	lcl
poly_c_hvs2	306	453	794	0	2	ERR188043	lcl
poly_c_hvs2	307	447	781	0	2	ERR188043	lcl
poly_c_hvs2	308	450	749	0	0	ERR188043	lcl
poly_c_hvs2	309	538	528	7	76	ERR188043	lcl
poly_c_hvs2	310	437	674	5	3	ERR188043	lcl
poly_c_hvs2	311	441	730	1	10	ERR188043	lcl
poly_c_hvs2	312	448	703	2	45	ERR188043	lcl
poly_c_hvs2	313	440	755	0	3	ERR188043	lcl
poly_c_hvs2	314	439	799	0	0	ERR188043	lcl
poly_c_hvs2	315	443	799	0	0	ERR188043	lcl
poly_c_hvs1	16180	55	1155	0	0	ERR188043	lcl
poly_c_hvs1	16181	59	1180	0	0	ERR188043	lcl
poly_c_hvs1	16182	63	1087	0	1	ERR188043	lcl
poly_c_hvs1	16183	45	966	7	242	ERR188043	lcl
poly_c_hvs1	16184	63	1152	0	2	ERR188043	lcl
poly_c_hvs1	16185	64	1104	0	0	ERR188043	lcl
poly_c_hvs1	16186	65	1109	0	1	ERR188043	lcl
poly_c_hvs1	16187	66	1115	0	2	ERR188043	lcl
poly_c_hvs1	16188	66	1055	0	0	ERR188043	lcl
poly_c_hvs1	16189	67	895	3	3	ERR188043	lcl
poly_c_hvs1	16190	67	928	0	0	ERR188043	lcl
poly_c_hvs1	16191	66	978	0	1	ERR188043	lcl
poly_c_hvs1	16192	66	948	0	0	ERR188043	lcl
poly_c_hvs1	16193	62	891	0	0	ERR188043	lcl
poly_c_hvs1	16194	59	971	0	1	ERR188043	lcl
poly_c_hvs1	16195	58	967	0	0	ERR188043	lcl
rnr2_control	2000	25	7918	0	1	ERR188043	lcl
rnr2_control	2001	22	7136	0	2	ERR188043	lcl
rnr2_control	2002	21	7114	0	9	ERR188043	lcl
rnr2_control	2003	17	7358	2	6	ERR188043	lcl
rnr2_control	2004	20	7538	0	2	ERR188043	lcl
rnr2_control	2005	21	7190	0	1	ERR188043	lcl
rnr2_control	2006	19	7168	0	0	ERR188043	lcl
rnr2_control	2007	18	7041	0	36	ERR188043	lcl
rnr2_control	2008	19	7014	0	2	ERR188043	lcl
rnr2_control	2009	17	6815	0	4	ERR188043	lcl
rnr2_control	2010	15	5954	0	8	ERR188043	lcl
rnr2_control	2011	16	5856	0	1	ERR188043	lcl
rnr2_control	2012	14	5258	0	2	ERR188043	lcl
rnr2_control	2013	14	5337	0	2	ERR188043	lcl
rnr2_control	2014	14	5346	0	1	ERR188043	lcl
rnr2_control	2015	15	5964	0	3	ERR188043	lcl
co1_control	6000	8	6272	0	5	ERR188043	lcl
co1_control	6001	7	5911	0	0	ERR188043	lcl
co1_control	6002	7	5152	0	0	ERR188043	lcl
co1_control	6003	7	5172	0	0	ERR188043	lcl
co1_control	6004	6	5652	0	0	ERR188043	lcl
co1_control	6005	6	2763	0	0	ERR188043	lcl
co1_control	6006	6	2982	0	3	ERR188043	lcl
co1_control	6007	2	3135	0	4	ERR188043	lcl
co1_control	6008	2	3735	0	0	ERR188043	lcl
co1_control	6009	2	4206	0	3	ERR188043	lcl
co1_control	6010	2	4936	0	3	ERR188043	lcl
co1_control	6011	2	5189	0	2	ERR188043	lcl
co1_control	6012	2	5318	0	1	ERR188043	lcl
co1_control	6013	2	5626	0	5	ERR188043	lcl
co1_control	6014	2	5127	0	3	ERR188043	lcl
co1_control	6015	2	6002	0	3	ERR188043	lcl
poly_c_hvs2	303	1014	828	0	7	ERR188158	lcl
poly_c_hvs2	304	1011	739	0	1	ERR188158	lcl
poly_c_hvs2	305	996	777	0	0	ERR188158	lcl
poly_c_hvs2	306	980	857	0	0	ERR188158	lcl
poly_c_hvs2	307	971	842	0	0	ERR188158	lcl
poly_c_hvs2	308	968	818	0	0	ERR188158	lcl
poly_c_hvs2	309	976	690	5	118	ERR188158	lcl
poly_c_hvs2	310	687	714	21	376	ERR188158	lcl
poly_c_hvs2	311	981	895	0	0	ERR188158	lcl
poly_c_hvs2	312	987	942	0	0	ERR188158	lcl
poly_c_hvs2	313	977	968	0	0	ERR188158	lcl
poly_c_hvs2	314	1008	907	0	0	ERR188158	lcl
poly_c_hvs2	315	1012	889	0	0	ERR188158	lcl
poly_c_hvs1	16180	41	1070	0	0	ERR188158	lcl
poly_c_hvs1	16181	45	1062	0	2	ERR188158	lcl
poly_c_hvs1	16182	45	985	0	3	ERR188158	lcl
poly_c_hvs1	16183	33	908	0	64	ERR188158	lcl
poly_c_hvs1	16184	45	955	0	6	ERR188158	lcl
poly_c_hvs1	16185	45	836	0	0	ERR188158	lcl
poly_c_hvs1	16186	46	842	0	0	ERR188158	lcl
poly_c_hvs1	16187	46	862	0	2	ERR188158	lcl
poly_c_hvs1	16188	47	793	0	0	ERR188158	lcl
poly_c_hvs1	16189	47	722	1	11	ERR188158	lcl
poly_c_hvs1	16190	47	759	0	0	ERR188158	lcl
poly_c_hvs1	16191	46	772	0	1	ERR188158	lcl
poly_c_hvs1	16192	47	748	0	0	ERR188158	lcl
poly_c_hvs1	16193	46	700	0	0	ERR188158	lcl
poly_c_hvs1	16194	44	722	0	0	ERR188158	lcl
poly_c_hvs1	16195	45	728	0	0	ERR188158	lcl
rnr2_control	2000	24	7783	0	8	ERR188158	lcl
rnr2_control	2001	18	6486	0	4	ERR188158	lcl
rnr2_control	2002	16	6444	0	10	ERR188158	lcl
rnr2_control	2003	22	6438	0	9	ERR188158	lcl
rnr2_control	2004	24	7263	0	7	ERR188158	lcl
rnr2_control	2005	24	6966	0	6	ERR188158	lcl
rnr2_control	2006	22	6942	0	9	ERR188158	lcl
rnr2_control	2007	22	6622	0	45	ERR188158	lcl
rnr2_control	2008	22	6447	0	5	ERR188158	lcl
rnr2_control	2009	21	6026	0	9	ERR188158	lcl
rnr2_control	2010	19	4881	0	0	ERR188158	lcl
rnr2_control	2011	18	4716	0	8	ERR188158	lcl
rnr2_control	2012	15	4158	0	1	ERR188158	lcl
rnr2_control	2013	16	4065	0	1	ERR188158	lcl
rnr2_control	2014	15	3953	0	1	ERR188158	lcl
rnr2_control	2015	19	4990	0	2	ERR188158	lcl
co1_control	6000	5	5940	0	4	ERR188158	lcl
co1_control	6001	4	5291	0	1	ERR188158	lcl
co1_control	6002	3	5034	0	2	ERR188158	lcl
co1_control	6003	2	4989	0	0	ERR188158	lcl
co1_control	6004	2	3916	0	0	ERR188158	lcl
co1_control	6005	4	3797	0	1	ERR188158	lcl
co1_control	6006	5	3792	0	0	ERR188158	lcl
co1_control	6007	4	3197	0	0	ERR188158	lcl
co1_control	6008	4	2929	0	1	ERR188158	lcl
co1_control	6009	3	3055	0	1	ERR188158	lcl
co1_control	6010	4	3162	0	0	ERR188158	lcl
co1_control	6011	4	3234	0	1	ERR188158	lcl
co1_control	6012	4	3032	0	2	ERR188158	lcl
co1_control	6013	5	3317	0	0	ERR188158	lcl
co1_control	6014	5	2920	0	1	ERR188158	lcl
co1_control	6015	5	3367	0	6	ERR188158	lcl
poly_c_hvs2	303	457	756	0	7	ERR188292	lcl
poly_c_hvs2	304	449	719	0	0	ERR188292	lcl
poly_c_hvs2	305	444	744	0	0	ERR188292	lcl
poly_c_hvs2	306	417	803	0	1	ERR188292	lcl
poly_c_hvs2	307	415	793	0	0	ERR188292	lcl
poly_c_hvs2	308	416	783	0	0	ERR188292	lcl
poly_c_hvs2	309	493	596	1	91	ERR188292	lcl
poly_c_hvs2	310	399	698	23	6	ERR188292	lcl
poly_c_hvs2	311	398	754	2	32	ERR188292	lcl
poly_c_hvs2	312	387	800	0	2	ERR188292	lcl
poly_c_hvs2	313	381	819	0	1	ERR188292	lcl
poly_c_hvs2	314	384	814	0	0	ERR188292	lcl
poly_c_hvs2	315	385	796	0	0	ERR188292	lcl
poly_c_hvs1	16180	13	613	0	2	ERR188292	lcl
poly_c_hvs1	16181	12	552	0	0	ERR188292	lcl
poly_c_hvs1	16182	12	346	8	2	ERR188292	lcl
poly_c_hvs1	16183	15	355	2	1	ERR188292	lcl
poly_c_hvs1	16184	16	368	0	0	ERR188292	lcl
poly_c_hvs1	16185	15	389	0	0	ERR188292	lcl
poly_c_hvs1	16186	16	415	0	0	ERR188292	lcl
poly_c_hvs1	16187	15	405	0	0	ERR188292	lcl
poly_c_hvs1	16188	14	367	0	1	ERR188292	lcl
poly_c_hvs1	16189	14	144	0	0	ERR188292	lcl
poly_c_hvs1	16190	14	164	0	1	ERR188292	lcl
poly_c_hvs1	16191	14	168	0	0	ERR188292	lcl
poly_c_hvs1	16192	14	162	0	1	ERR188292	lcl
poly_c_hvs1	16193	12	148	0	0	ERR188292	lcl
poly_c_hvs1	16194	14	744	0	0	ERR188292	lcl
poly_c_hvs1	16195	13	734	0	1	ERR188292	lcl
rnr2_control	2000	22	7818	0	6	ERR188292	lcl
rnr2_control	2001	21	7245	0	3	ERR188292	lcl
rnr2_control	2002	21	7139	0	5	ERR188292	lcl
rnr2_control	2003	22	7058	0	10	ERR188292	lcl
rnr2_control	2004	22	7493	0	2	ERR188292	lcl
rnr2_control	2005	19	7327	0	4	ERR188292	lcl
rnr2_control	2006	20	7394	0	5	ERR188292	lcl
rnr2_control	2007	21	7248	0	17	ERR188292	lcl
rnr2_control	2008	21	7134	0	7	ERR188292	lcl
rnr2_control	2009	17	6971	0	3	ERR188292	lcl
rnr2_control	2010	15	6298	0	13	ERR188292	lcl
rnr2_control	2011	15	6376	0	3	ERR188292	lcl
rnr2_control	2012	14	6106	0	2	ERR188292	lcl
rnr2_control	2013	15	6108	0	4	ERR188292	lcl
rnr2_control	2014	13	6050	0	2	ERR188292	lcl
rnr2_control	2015	14	6229	0	2	ERR188292	lcl
co1_control	6000	16	6205	0	2	ERR188292	lcl
co1_control	6001	16	5735	0	1	ERR188292	lcl
co1_control	6002	17	5392	0	2	ERR188292	lcl
co1_control	6003	17	5352	0	1	ERR188292	lcl
co1_control	6004	16	3642	0	0	ERR188292	lcl
co1_control	6005	12	3708	0	2	ERR188292	lcl
co1_control	6006	10	3724	0	0	ERR188292	lcl
co1_control	6007	10	3185	0	0	ERR188292	lcl
co1_control	6008	9	3060	0	4	ERR188292	lcl
co1_control	6009	7	3144	0	1	ERR188292	lcl
co1_control	6010	7	3168	0	2	ERR188292	lcl
co1_control	6011	7	3199	0	3	ERR188292	lcl
co1_control	6012	7	3013	0	1	ERR188292	lcl
co1_control	6013	7	3138	0	1	ERR188292	lcl
co1_control	6014	6	2177	0	1	ERR188292	lcl
co1_control	6015	5	2465	0	2	ERR188292	lcl
poly_c_hvs2	303	1928	798	13	20	ERR188394	lcl
poly_c_hvs2	304	1928	713	0	0	ERR188394	lcl
poly_c_hvs2	305	1905	748	0	2	ERR188394	lcl
poly_c_hvs2	306	1838	902	1	1	ERR188394	lcl
poly_c_hvs2	307	1838	870	0	3	ERR188394	lcl
poly_c_hvs2	308	1835	842	2	0	ERR188394	lcl
poly_c_hvs2	309	1923	572	15	109	ERR188394	lcl
poly_c_hvs2	310	1462	793	54	494	ERR188394	lcl
poly_c_hvs2	311	1811	896	0	4	ERR188394	lcl
poly_c_hvs2	312	1780	971	0	0	ERR188394	lcl
poly_c_hvs2	313	1754	1014	0	1	ERR188394	lcl
poly_c_hvs2	314	1788	973	0	0	ERR188394	lcl
poly_c_hvs2	315	1788	959	0	1	ERR188394	lcl
poly_c_hvs1	16180	11	1668	0	1	ERR188394	lcl
poly_c_hvs1	16181	9	1718	1	1	ERR188394	lcl
poly_c_hvs1	16182	10	1699	0	2	ERR188394	lcl
poly_c_hvs1	16183	8	1543	0	0	ERR188394	lcl
poly_c_hvs1	16184	9	1680	0	3	ERR188394	lcl
poly_c_hvs1	16185	9	1631	0	1	ERR188394	lcl
poly_c_hvs1	16186	9	1647	0	2	ERR188394	lcl
poly_c_hvs1	16187	9	1645	0	2	ERR188394	lcl
poly_c_hvs1	16188	9	1637	0	1	ERR188394	lcl
poly_c_hvs1	16189	9	1565	0	2	ERR188394	lcl
poly_c_hvs1	16190	9	1619	0	3	ERR188394	lcl
poly_c_hvs1	16191	9	1638	0	1	ERR188394	lcl
poly_c_hvs1	16192	9	1638	0	1	ERR188394	lcl
poly_c_hvs1	16193	9	1631	0	0	ERR188394	lcl
poly_c_hvs1	16194	8	1617	0	1	ERR188394	lcl
poly_c_hvs1	16195	7	1593	0	0	ERR188394	lcl
rnr2_control	2000	23	7750	0	3	ERR188394	lcl
rnr2_control	2001	22	7328	0	4	ERR188394	lcl
rnr2_control	2002	20	7271	0	4	ERR188394	lcl
rnr2_control	2003	20	7253	0	13	ERR188394	lcl
rnr2_control	2004	20	7526	0	4	ERR188394	lcl
rnr2_control	2005	18	7399	0	6	ERR188394	lcl
rnr2_control	2006	19	7461	0	2	ERR188394	lcl
rnr2_control	2007	17	7336	0	26	ERR188394	lcl
rnr2_control	2008	17	7271	0	1	ERR188394	lcl
rnr2_control	2009	17	7203	0	6	ERR188394	lcl
rnr2_control	2010	15	6634	0	5	ERR188394	lcl
rnr2_control	2011	16	6700	0	3	ERR188394	lcl
rnr2_control	2012	15	6418	0	5	ERR188394	lcl
rnr2_control	2013	15	6431	0	3	ERR188394	lcl
rnr2_control	2014	15	6405	0	4	ERR188394	lcl
rnr2_control	2015	15	6636	0	4	ERR188394	lcl
co1_control	6000	9	6148	0	0	ERR188394	lcl
co1_control	6001	8	5379	0	1	ERR188394	lcl
co1_control	6002	9	4878	0	0	ERR188394	lcl
co1_control	6003	7	4862	0	0	ERR188394	lcl
co1_control	6004	8	3117	0	0	ERR188394	lcl
co1_control	6005	7	3150	0	1	ERR188394	lcl
co1_control	6006	5	3200	0	1	ERR188394	lcl
co1_control	6007	5	2566	0	2	ERR188394	lcl
co1_control	6008	4	2362	0	3	ERR188394	lcl
co1_control	6009	3	2486	0	2	ERR188394	lcl
co1_control	6010	3	2558	0	2	ERR188394	lcl
co1_control	6011	3	2675	0	1	ERR188394	lcl
co1_control	6012	3	2871	0	0	ERR188394	lcl
co1_control	6013	4	3031	0	0	ERR188394	lcl
co1_control	6014	3	2890	0	1	ERR188394	lcl
co1_control	6015	4	3249	0	4	ERR188394	lcl
poly_c_hvs2	303	210	334	0	0	ERR188460	lcl
poly_c_hvs2	304	211	282	0	0	ERR188460	lcl
poly_c_hvs2	305	204	293	0	1	ERR188460	lcl
poly_c_hvs2	306	199	323	0	0	ERR188460	lcl
poly_c_hvs2	307	196	313	0	0	ERR188460	lcl
poly_c_hvs2	308	198	299	0	0	ERR188460	lcl
poly_c_hvs2	309	214	215	0	57	ERR188460	lcl
poly_c_hvs2	310	186	261	6	3	ERR188460	lcl
poly_c_hvs2	311	193	278	1	53	ERR188460	lcl
poly_c_hvs2	312	193	306	0	1	ERR188460	lcl
poly_c_hvs2	313	190	314	0	0	ERR188460	lcl
poly_c_hvs2	314	191	319	0	0	ERR188460	lcl
poly_c_hvs2	315	188	318	0	0	ERR188460	lcl
poly_c_hvs1	16180	3	1403	0	0	ERR188460	lcl
poly_c_hvs1	16181	3	1473	0	0	ERR188460	lcl
poly_c_hvs1	16182	3	1460	0	3	ERR188460	lcl
poly_c_hvs1	16183	3	1365	1	0	ERR188460	lcl
poly_c_hvs1	16184	3	1455	0	0	ERR188460	lcl
poly_c_hvs1	16185	2	1412	0	1	ERR188460	lcl
poly_c_hvs1	16186	2	1421	0	1	ERR188460	lcl
poly_c_hvs1	16187	2	1415	0	1	ERR188460	lcl
poly_c_hvs1	16188	1	1395	0	0	ERR188460	lcl
poly_c_hvs1	16189	1	1334	0	2	ERR188460	lcl
poly_c_hvs1	16190	1	1390	0	1	ERR188460	lcl
poly_c_hvs1	16191	1	1400	0	0	ERR188460	lcl
poly_c_hvs1	16192	1	1383	0	0	ERR188460	lcl
poly_c_hvs1	16193	1	1364	0	0	ERR188460	lcl
poly_c_hvs1	16194	1	1362	0	1	ERR188460	lcl
poly_c_hvs1	16195	1	1331	0	1	ERR188460	lcl
rnr2_control	2000	29	7809	0	1	ERR188460	lcl
rnr2_control	2001	23	6904	0	1	ERR188460	lcl
rnr2_control	2002	22	6824	0	5	ERR188460	lcl
rnr2_control	2003	20	6749	0	4	ERR188460	lcl
rnr2_control	2004	20	7408	0	3	ERR188460	lcl
rnr2_control	2005	20	7255	0	2	ERR188460	lcl
rnr2_control	2006	19	7248	0	3	ERR188460	lcl
rnr2_control	2007	18	7170	2	7	ERR188460	lcl
rnr2_control	2008	17	7133	0	0	ERR188460	lcl
rnr2_control	2009	18	7085	0	0	ERR188460	lcl
rnr2_control	2010	16	6290	0	4	ERR188460	lcl
rnr2_control	2011	14	6422	0	1	ERR188460	lcl
rnr2_control	2012	12	6185	0	0	ERR188460	lcl
rnr2_control	2013	13	6182	0	4	ERR188460	lcl
rnr2_control	2014	12	6152	0	0	ERR188460	lcl
rnr2_control	2015	12	6997	0	3	ERR188460	lcl
co1_control	6000	4	4529	0	0	ERR188460	lcl
co1_control	6001	4	4143	0	0	ERR188460	lcl
co1_control	6002	4	3945	0	1	ERR188460	lcl
co1_control	6003	4	3954	0	0	ERR188460	lcl
co1_control	6004	4	3052	0	0	ERR188460	lcl
co1_control	6005	4	2998	0	1	ERR188460	lcl
co1_control	6006	4	2998	0	0	ERR188460	lcl
co1_control	6007	3	2623	0	1	ERR188460	lcl
co1_control	6008	3	2700	0	2	ERR188460	lcl
co1_control	6009	3	2874	0	3	ERR188460	lcl
co1_control	6010	3	2892	0	2	ERR188460	lcl
co1_control	6011	3	2914	0	0	ERR188460	lcl
co1_control	6012	3	2803	0	0	ERR188460	lcl
co1_control	6013	3	3193	0	3	ERR188460	lcl
co1_control	6014	3	2850	0	0	ERR188460	lcl
co1_control	6015	4	2970	0	2	ERR188460	lcl
poly_c_hvs2	303	2252	1204	12	18	ERR188047	lcl
poly_c_hvs2	304	2264	1069	0	0	ERR188047	lcl
poly_c_hvs2	305	2151	1237	0	2	ERR188047	lcl
poly_c_hvs2	306	2149	1259	1	1	ERR188047	lcl
poly_c_hvs2	307	2145	1232	1	2	ERR188047	lcl
poly_c_hvs2	308	2114	1189	0	0	ERR188047	lcl
poly_c_hvs2	309	2221	887	11	112	ERR188047	lcl
poly_c_hvs2	310	1597	1095	66	614	ERR188047	lcl
poly_c_hvs2	311	2139	1242	0	1	ERR188047	lcl
poly_c_hvs2	312	2158	1280	0	2	ERR188047	lcl
poly_c_hvs2	313	2159	1300	0	1	ERR188047	lcl
poly_c_hvs2	314	2145	1302	0	1	ERR188047	lcl
poly_c_hvs2	315	2196	1209	0	0	ERR188047	lcl
poly_c_hvs1	16180	15	2945	0	2	ERR188047	lcl
poly_c_hvs1	16181	15	2936	0	4	ERR188047	lcl
poly_c_hvs1	16182	15	2863	0	5	ERR188047	lcl
poly_c_hvs1	16183	14	2664	0	3	ERR188047	lcl
poly_c_hvs1	16184	14	2942	0	4	ERR188047	lcl
poly_c_hvs1	16185	14	2857	0	0	ERR188047	lcl
poly_c_hvs1	16186	14	2877	0	2	ERR188047	lcl
poly_c_hvs1	16187	13	2907	0	3	ERR188047	lcl
poly_c_hvs1	16188	13	2874	0	4	ERR188047	lcl
poly_c_hvs1	16189	10	2762	0	5	ERR188047	lcl
poly_c_hvs1	16190	13	2911	0	0	ERR188047	lcl
poly_c_hvs1	16191	13	2845	0	1	ERR188047	lcl
poly_c_hvs1	16192	12	2716	0	4	ERR188047	lcl
poly_c_hvs1	16193	12	2879	0	2	ERR188047	lcl
poly_c_hvs1	16194	12	2870	0	1	ERR188047	lcl
poly_c_hvs1	16195	12	2851	0	2	ERR188047	lcl
rnr2_control	2000	23	7812	0	2	ERR188047	lcl
rnr2_control	2001	21	7247	0	2	ERR188047	lcl
rnr2_control	2002	21	7144	0	7	ERR188047	lcl
rnr2_control	2003	20	7280	0	11	ERR188047	lcl
rnr2_control	2004	23	7458	0	2	ERR188047	lcl
rnr2_control	2005	21	7219	0	2	ERR188047	lcl
rnr2_control	2006	22	7280	0	3	ERR188047	lcl
rnr2_control	2007	20	7167	0	26	ERR188047	lcl
rnr2_control	2008	21	7085	0	2	ERR188047	lcl
rnr2_control	2009	18	6845	0	4	ERR188047	lcl
rnr2_control	2010	17	6191	0	5	ERR188047	lcl
rnr2_control	2011	17	6127	0	6	ERR188047	lcl
rnr2_control	2012	13	5474	0	6	ERR188047	lcl
rnr2_control	2013	12	5541	0	8	ERR188047	lcl
rnr2_control	2014	11	5527	0	4	ERR188047	lcl
rnr2_control	2015	14	5734	0	6	ERR188047	lcl
co1_control	6000	7	6350	0	3	ERR188047	lcl
co1_control	6001	7	6111	0	1	ERR188047	lcl
co1_control	6002	5	5469	0	0	ERR188047	lcl
co1_control	6003	6	5113	0	0	ERR188047	lcl
co1_control	6004	4	5195	0	0	ERR188047	lcl
co1_control	6005	4	2421	0	0	ERR188047	lcl
co1_control	6006	2	2044	0	1	ERR188047	lcl
co1_control	6007	2	1966	0	0	ERR188047	lcl
co1_control	6008	2	1964	0	0	ERR188047	lcl
co1_control	6009	3	2192	0	0	ERR188047	lcl
co1_control	6010	3	2521	0	1	ERR188047	lcl
co1_control	6011	3	2628	0	4	ERR188047	lcl
co1_control	6012	3	2754	0	1	ERR188047	lcl
co1_control	6013	3	2942	0	0	ERR188047	lcl
co1_control	6014	2	2777	0	4	ERR188047	lcl
co1_control	6015	3	3199	0	6	ERR188047	lcl
poly_c_hvs2	303	827	382	0	0	ERR188322	lcl
poly_c_hvs2	304	827	341	0	0	ERR188322	lcl
poly_c_hvs2	305	827	348	0	0	ERR188322	lcl
poly_c_hvs2	306	788	432	0	0	ERR188322	lcl
poly_c_hvs2	307	786	425	0	1	ERR188322	lcl
poly_c_hvs2	308	781	402	0	0	ERR188322	lcl
poly_c_hvs2	309	824	272	0	33	ERR188322	lcl
poly_c_hvs2	310	487	399	21	275	ERR188322	lcl
poly_c_hvs2	311	779	422	0	0	ERR188322	lcl
poly_c_hvs2	312	769	452	0	0	ERR188322	lcl
poly_c_hvs2	313	763	473	0	0	ERR188322	lcl
poly_c_hvs2	314	770	463	0	0	ERR188322	lcl
poly_c_hvs2	315	765	466	0	0	ERR188322	lcl
poly_c_hvs1	16180	1	1470	0	1	ERR188322	lcl
poly_c_hvs1	16181	1	1650	0	0	ERR188322	lcl
poly_c_hvs1	16182	1	1586	0	0	ERR188322	lcl
poly_c_hvs1	16183	0	1342	0	0	ERR188322	lcl
poly_c_hvs1	16184	1	1621	0	1	ERR188322	lcl
poly_c_hvs1	16185	1	1479	0	0	ERR188322	lcl
poly_c_hvs1	16186	1	1476	0	1	ERR188322	lcl
poly_c_hvs1	16187	0	1083	0	6	ERR188322	lcl
poly_c_hvs1	16188	1	1421	0	1	ERR188322	lcl
poly_c_hvs1	16189	1	1428	0	8	ERR188322	lcl
poly_c_hvs1	16190	1	1531	0	0	ERR188322	lcl
poly_c_hvs1	16191	1	1565	0	1	ERR188322	lcl
poly_c_hvs1	16192	1	1552	0	0	ERR188322	lcl
poly_c_hvs1	16193	1	1557	0	0	ERR188322	lcl
poly_c_hvs1	16194	1	1568	0	1	ERR188322	lcl
poly_c_hvs1	16195	1	1552	0	0	ERR188322	lcl
rnr2_control	2000	21	7844	0	2	ERR188322	lcl
rnr2_control	2001	16	6956	0	7	ERR188322	lcl
rnr2_control	2002	15	6822	0	1	ERR188322	lcl
rnr2_control	2003	15	6689	0	2	ERR188322	lcl
rnr2_control	2004	14	7254	0	1	ERR188322	lcl
rnr2_control	2005	14	7140	0	4	ERR188322	lcl
rnr2_control	2006	11	7361	0	1	ERR188322	lcl
rnr2_control	2007	11	7206	0	15	ERR188322	lcl
rnr2_control	2008	11	7048	0	6	ERR188322	lcl
rnr2_control	2009	11	7017	0	1	ERR188322	lcl
rnr2_control	2010	8	6356	0	2	ERR188322	lcl
rnr2_control	2011	7	6423	0	1	ERR188322	lcl
rnr2_control	2012	5	6164	0	1	ERR188322	lcl
rnr2_control	2013	5	6179	0	4	ERR188322	lcl
rnr2_control	2014	5	6201	0	3	ERR188322	lcl
rnr2_control	2015	5	6528	0	3	ERR188322	lcl
co1_control	6000	4	5605	0	0	ERR188322	lcl
co1_control	6001	4	5335	0	0	ERR188322	lcl
co1_control	6002	4	4816	0	2	ERR188322	lcl
co1_control	6003	4	4844	0	1	ERR188322	lcl
co1_control	6004	4	2650	0	2	ERR188322	lcl
co1_control	6005	3	2788	0	1	ERR188322	lcl
co1_control	6006	2	2792	0	0	ERR188322	lcl
co1_control	6007	1	2233	0	2	ERR188322	lcl
co1_control	6008	2	2145	0	0	ERR188322	lcl
co1_control	6009	3	2305	0	0	ERR188322	lcl
co1_control	6010	3	2277	0	0	ERR188322	lcl
co1_control	6011	3	2246	0	2	ERR188322	lcl
co1_control	6012	3	1998	0	2	ERR188322	lcl
co1_control	6013	3	2084	0	1	ERR188322	lcl
co1_control	6014	3	1788	0	0	ERR188322	lcl
co1_control	6015	3	2040	0	0	ERR188322	lcl
poly_c_hvs2	303	779	1181	0	9	ERR188097	lcl
poly_c_hvs2	304	764	1054	0	3	ERR188097	lcl
poly_c_hvs2	305	744	1094	0	1	ERR188097	lcl
poly_c_hvs2	306	720	1156	0	0	ERR188097	lcl
poly_c_hvs2	307	722	1128	0	0	ERR188097	lcl
poly_c_hvs2	308	719	1083	0	0	ERR188097	lcl
poly_c_hvs2	309	813	833	14	166	ERR188097	lcl
poly_c_hvs2	310	717	889	18	1	ERR188097	lcl
poly_c_hvs2	311	722	956	4	110	ERR188097	lcl
poly_c_hvs2	312	714	1053	1	4	ERR188097	lcl
poly_c_hvs2	313	707	1102	1	2	ERR188097	lcl
poly_c_hvs2	314	703	1134	1	2	ERR188097	lcl
poly_c_hvs2	315	707	1146	0	2	ERR188097	lcl
poly_c_hvs1	16180	63	2738	0	0	ERR188097	lcl
poly_c_hvs1	16181	60	2753	0	1	ERR188097	lcl
poly_c_hvs1	16182	56	2616	0	2	ERR188097	lcl
poly_c_hvs1	16183	43	2210	0	11	ERR188097	lcl
poly_c_hvs1	16184	60	2709	0	5	ERR188097	lcl
poly_c_hvs1	16185	57	2619	0	1	ERR188097	lcl
poly_c_hvs1	16186	56	2673	0	3	ERR188097	lcl
poly_c_hvs1	16187	57	2723	0	5	ERR188097	lcl
poly_c_hvs1	16188	55	2669	0	2	ERR188097	lcl
poly_c_hvs1	16189	55	2600	0	13	ERR188097	lcl
poly_c_hvs1	16190	55	2670	0	6	ERR188097	lcl
poly_c_hvs1	16191	54	2659	0	2	ERR188097	lcl
poly_c_hvs1	16192	52	2485	33	10	ERR188097	lcl
poly_c_hvs1	16193	53	2685	0	1	ERR188097	lcl
poly_c_hvs1	16194	53	2711	0	0	ERR188097	lcl
poly_c_hvs1	16195	53	2682	0	0	ERR188097	lcl
rnr2_control	2000	30	7800	0	6	ERR188097	lcl
rnr2_control	2001	27	6699	0	4	ERR188097	lcl
rnr2_control	2002	25	6676	0	8	ERR188097	lcl
rnr2_control	2003	27	6654	0	19	ERR188097	lcl
rnr2_control	2004	27	7326	0	9	ERR188097	lcl
rnr2_control	2005	25	7011	0	8	ERR188097	lcl
rnr2_control	2006	23	6971	0	5	ERR188097	lcl
rnr2_control	2007	22	6745	0	50	ERR188097	lcl
rnr2_control	2008	23	6598	0	6	ERR188097	lcl
rnr2_control	2009	19	6166	0	10	ERR188097	lcl
rnr2_control	2010	16	5117	0	5	ERR188097	lcl
rnr2_control	2011	16	4935	0	5	ERR188097	lcl
rnr2_control	2012	16	4397	0	2	ERR188097	lcl
rnr2_control	2013	13	4346	0	0	ERR188097	lcl
rnr2_control	2014	13	4182	0	2	ERR188097	lcl
rnr2_control	2015	10	4953	0	3	ERR188097	lcl
co1_control	6000	6	6106	0	1	ERR188097	lcl
co1_control	6001	6	5266	0	0	ERR188097	lcl
co1_control	6002	8	4972	0	2	ERR188097	lcl
co1_control	6003	6	4957	0	1	ERR188097	lcl
co1_control	6004	6	3719	0	0	ERR188097	lcl
co1_control	6005	4	3638	0	0	ERR188097	lcl
co1_control	6006	3	3676	0	0	ERR188097	lcl
co1_control	6007	3	3047	0	0	ERR188097	lcl
co1_control	6008	3	2824	0	1	ERR188097	lcl
co1_control	6009	2	2873	0	0	ERR188097	lcl
co1_control	6010	2	3045	0	2	ERR188097	lcl
co1_control	6011	2	3197	0	4	ERR188097	lcl
co1_control	6012	2	3447	0	1	ERR188097	lcl
co1_control	6013	2	3750	0	1	ERR188097	lcl
co1_control	6014	3	3473	0	0	ERR188097	lcl
co1_control	6015	3	4026	0	7	ERR188097	lcl
poly_c_hvs2	303	68	987	1	15	ERR188045	lcl
poly_c_hvs2	304	62	922	0	1	ERR188045	lcl
poly_c_hvs2	305	54	1015	0	0	ERR188045	lcl
poly_c_hvs2	306	55	1027	0	0	ERR188045	lcl
poly_c_hvs2	307	54	1041	0	0	ERR188045	lcl
poly_c_hvs2	308	53	1011	0	0	ERR188045	lcl
poly_c_hvs2	309	49	994	0	4	ERR188045	lcl
poly_c_hvs2	310	45	960	1	2	ERR188045	lcl
poly_c_hvs2	311	44	987	0	0	ERR188045	lcl
poly_c_hvs2	312	41	1006	0	0	ERR188045	lcl
poly_c_hvs2	313	44	996	0	1	ERR188045	lcl
poly_c_hvs2	314	35	989	0	0	ERR188045	lcl
poly_c_hvs2	315	35	890	0	1	ERR188045	lcl
poly_c_hvs1	16180	16	2181	0	2	ERR188045	lcl
poly_c_hvs1	16181	15	2173	0	0	ERR188045	lcl
poly_c_hvs1	16182	14	2111	0	0	ERR188045	lcl
poly_c_hvs1	16183	13	1923	0	4	ERR188045	lcl
poly_c_hvs1	16184	16	2186	0	2	ERR188045	lcl
poly_c_hvs1	16185	12	2108	0	0	ERR188045	lcl
poly_c_hvs1	16186	13	2100	0	2	ERR188045	lcl
poly_c_hvs1	16187	12	2109	0	3	ERR188045	lcl
poly_c_hvs1	16188	10	2088	0	5	ERR188045	lcl
poly_c_hvs1	16189	9	1968	0	10	ERR188045	lcl
poly_c_hvs1	16190	10	2101	0	1	ERR188045	lcl
poly_c_hvs1	16191	10	2115	0	1	ERR188045	lcl
poly_c_hvs1	16192	9	2097	0	0	ERR188045	lcl
poly_c_hvs1	16193	7	2097	0	1	ERR188045	lcl
poly_c_hvs1	16194	9	2066	0	1	ERR188045	lcl
poly_c_hvs1	16195	9	2053	0	0	ERR188045	lcl
rnr2_control	2000	25	7860	0	3	ERR188045	lcl
rnr2_control	2001	21	7254	0	1	ERR188045	lcl
rnr2_control	2002	20	7136	0	5	ERR188045	lcl
rnr2_control	2003	20	7355	0	10	ERR188045	lcl
rnr2_control	2004	21	7473	0	4	ERR188045	lcl
rnr2_control	2005	20	7215	0	2	ERR188045	lcl
rnr2_control	2006	19	7259	0	1	ERR188045	lcl
rnr2_control	2007	18	7202	0	27	ERR188045	lcl
rnr2_control	2008	18	7189	0	0	ERR188045	lcl
rnr2_control	2009	19	7060	0	6	ERR188045	lcl
rnr2_control	2010	18	6457	0	6	ERR188045	lcl
rnr2_control	2011	18	6404	0	1	ERR188045	lcl
rnr2_control	2012	15	5955	0	0	ERR188045	lcl
rnr2_control	2013	15	6011	0	6	ERR188045	lcl
rnr2_control	2014	13	6043	0	4	ERR188045	lcl
rnr2_control	2015	15	6420	0	4	ERR188045	lcl
co1_control	6000	11	6327	0	2	ERR188045	lcl
co1_control	6001	9	6299	0	8	ERR188045	lcl
co1_control	6002	6	5640	0	2	ERR188045	lcl
co1_control	6003	8	5363	0	2	ERR188045	lcl
co1_control	6004	6	5779	0	0	ERR188045	lcl
co1_control	6005	6	3326	0	1	ERR188045	lcl
co1_control	6006	5	3067	0	2	ERR188045	lcl
co1_control	6007	3	2991	0	4	ERR188045	lcl
co1_control	6008	3	2948	0	0	ERR188045	lcl
co1_control	6009	3	2989	0	0	ERR188045	lcl
co1_control	6010	0	3415	0	1	ERR188045	lcl
co1_control	6011	0	3532	0	2	ERR188045	lcl
co1_control	6012	0	3670	0	2	ERR188045	lcl
co1_control	6013	0	3951	0	0	ERR188045	lcl
co1_control	6014	0	3617	0	3	ERR188045	lcl
co1_control	6015	0	4199	0	1	ERR188045	lcl
poly_c_hvs2	303	959	829	0	0	SRR27179070	skeletal_muscle
poly_c_hvs2	304	957	799	0	1	SRR27179070	skeletal_muscle
poly_c_hvs2	305	964	819	0	1	SRR27179070	skeletal_muscle
poly_c_hvs2	306	964	832	0	0	SRR27179070	skeletal_muscle
poly_c_hvs2	307	967	830	0	0	SRR27179070	skeletal_muscle
poly_c_hvs2	308	972	811	0	0	SRR27179070	skeletal_muscle
poly_c_hvs2	309	957	768	4	32	SRR27179070	skeletal_muscle
poly_c_hvs2	310	1026	595	45	16	SRR27179070	skeletal_muscle
poly_c_hvs2	311	1028	570	6	343	SRR27179070	skeletal_muscle
poly_c_hvs2	312	1021	706	0	8	SRR27179070	skeletal_muscle
poly_c_hvs2	313	1019	753	0	0	SRR27179070	skeletal_muscle
poly_c_hvs2	314	1016	794	0	0	SRR27179070	skeletal_muscle
poly_c_hvs2	315	1018	795	0	0	SRR27179070	skeletal_muscle
poly_c_hvs1	16180	23	6532	0	3	SRR27179070	skeletal_muscle
poly_c_hvs1	16181	23	6372	0	1	SRR27179070	skeletal_muscle
poly_c_hvs1	16182	21	6131	0	1	SRR27179070	skeletal_muscle
poly_c_hvs1	16183	22	6038	0	2	SRR27179070	skeletal_muscle
poly_c_hvs1	16184	23	6590	0	1	SRR27179070	skeletal_muscle
poly_c_hvs1	16185	22	6473	0	0	SRR27179070	skeletal_muscle
poly_c_hvs1	16186	23	6470	0	2	SRR27179070	skeletal_muscle
poly_c_hvs1	16187	24	6423	0	5	SRR27179070	skeletal_muscle
poly_c_hvs1	16188	23	6188	0	4	SRR27179070	skeletal_muscle
poly_c_hvs1	16189	22	5876	0	3	SRR27179070	skeletal_muscle
poly_c_hvs1	16190	23	6008	0	2	SRR27179070	skeletal_muscle
poly_c_hvs1	16191	21	6010	0	3	SRR27179070	skeletal_muscle
poly_c_hvs1	16192	21	6061	0	2	SRR27179070	skeletal_muscle
poly_c_hvs1	16193	20	6212	0	1	SRR27179070	skeletal_muscle
poly_c_hvs1	16194	15	5827	0	5	SRR27179070	skeletal_muscle
poly_c_hvs1	16195	18	6103	0	1	SRR27179070	skeletal_muscle
rnr2_control	2000	35	7748	0	4	SRR27179070	skeletal_muscle
rnr2_control	2001	34	6990	0	7	SRR27179070	skeletal_muscle
rnr2_control	2002	28	6776	0	11	SRR27179070	skeletal_muscle
rnr2_control	2003	24	5352	0	5	SRR27179070	skeletal_muscle
rnr2_control	2004	20	3895	0	16	SRR27179070	skeletal_muscle
rnr2_control	2005	23	2828	0	0	SRR27179070	skeletal_muscle
rnr2_control	2006	15	3704	0	0	SRR27179070	skeletal_muscle
rnr2_control	2007	11	3976	0	0	SRR27179070	skeletal_muscle
rnr2_control	2008	14	5275	0	0	SRR27179070	skeletal_muscle
rnr2_control	2009	18	6354	0	1	SRR27179070	skeletal_muscle
rnr2_control	2010	17	6862	0	2	SRR27179070	skeletal_muscle
rnr2_control	2011	18	7393	0	0	SRR27179070	skeletal_muscle
rnr2_control	2012	19	7421	0	1	SRR27179070	skeletal_muscle
rnr2_control	2013	18	7359	0	2	SRR27179070	skeletal_muscle
rnr2_control	2014	19	7422	0	2	SRR27179070	skeletal_muscle
rnr2_control	2015	19	7463	0	0	SRR27179070	skeletal_muscle
co1_control	6000	16	6811	0	1	SRR27179070	skeletal_muscle
co1_control	6001	16	6711	0	3	SRR27179070	skeletal_muscle
co1_control	6002	15	6647	0	0	SRR27179070	skeletal_muscle
co1_control	6003	16	6689	0	1	SRR27179070	skeletal_muscle
co1_control	6004	14	6650	0	3	SRR27179070	skeletal_muscle
co1_control	6005	14	6561	0	0	SRR27179070	skeletal_muscle
co1_control	6006	14	6384	0	2	SRR27179070	skeletal_muscle
co1_control	6007	13	6646	0	3	SRR27179070	skeletal_muscle
co1_control	6008	13	6841	0	2	SRR27179070	skeletal_muscle
co1_control	6009	12	6637	0	0	SRR27179070	skeletal_muscle
co1_control	6010	13	6459	0	1	SRR27179070	skeletal_muscle
co1_control	6011	13	5458	0	0	SRR27179070	skeletal_muscle
co1_control	6012	13	6439	0	0	SRR27179070	skeletal_muscle
co1_control	6013	11	6891	0	0	SRR27179070	skeletal_muscle
co1_control	6014	10	7297	0	0	SRR27179070	skeletal_muscle
co1_control	6015	10	7499	0	0	SRR27179070	skeletal_muscle
poly_c_hvs2	303	1579	1062	0	3	SRR27179128	skeletal_muscle
poly_c_hvs2	304	1579	1058	0	2	SRR27179128	skeletal_muscle
poly_c_hvs2	305	1578	1041	0	2	SRR27179128	skeletal_muscle
poly_c_hvs2	306	1576	1086	0	1	SRR27179128	skeletal_muscle
poly_c_hvs2	307	1562	1076	0	0	SRR27179128	skeletal_muscle
poly_c_hvs2	308	1560	1051	0	0	SRR27179128	skeletal_muscle
poly_c_hvs2	309	1572	989	5	79	SRR27179128	skeletal_muscle
poly_c_hvs2	310	1667	707	299	61	SRR27179128	skeletal_muscle
poly_c_hvs2	311	1665	702	4	337	SRR27179128	skeletal_muscle
poly_c_hvs2	312	1646	850	1	13	SRR27179128	skeletal_muscle
poly_c_hvs2	313	1655	918	0	1	SRR27179128	skeletal_muscle
poly_c_hvs2	314	1636	960	0	1	SRR27179128	skeletal_muscle
poly_c_hvs2	315	1636	979	1	1	SRR27179128	skeletal_muscle
poly_c_hvs1	16180	19	6919	0	2	SRR27179128	skeletal_muscle
poly_c_hvs1	16181	16	6845	0	1	SRR27179128	skeletal_muscle
poly_c_hvs1	16182	14	6554	0	4	SRR27179128	skeletal_muscle
poly_c_hvs1	16183	15	6450	0	4	SRR27179128	skeletal_muscle
poly_c_hvs1	16184	16	6928	0	3	SRR27179128	skeletal_muscle
poly_c_hvs1	16185	15	6820	0	3	SRR27179128	skeletal_muscle
poly_c_hvs1	16186	14	6726	0	1	SRR27179128	skeletal_muscle
poly_c_hvs1	16187	14	6714	0	2	SRR27179128	skeletal_muscle
poly_c_hvs1	16188	15	6408	0	3	SRR27179128	skeletal_muscle
poly_c_hvs1	16189	14	6074	0	12	SRR27179128	skeletal_muscle
poly_c_hvs1	16190	14	6210	0	1	SRR27179128	skeletal_muscle
poly_c_hvs1	16191	14	6283	0	1	SRR27179128	skeletal_muscle
poly_c_hvs1	16192	14	6403	0	8	SRR27179128	skeletal_muscle
poly_c_hvs1	16193	14	6622	0	14	SRR27179128	skeletal_muscle
poly_c_hvs1	16194	12	6291	0	5	SRR27179128	skeletal_muscle
poly_c_hvs1	16195	16	6495	0	5	SRR27179128	skeletal_muscle
rnr2_control	2000	43	7786	0	5	SRR27179128	skeletal_muscle
rnr2_control	2001	36	6674	0	1	SRR27179128	skeletal_muscle
rnr2_control	2002	29	6331	0	1	SRR27179128	skeletal_muscle
rnr2_control	2003	24	4376	0	0	SRR27179128	skeletal_muscle
rnr2_control	2004	24	2773	0	0	SRR27179128	skeletal_muscle
rnr2_control	2005	19	2710	0	2	SRR27179128	skeletal_muscle
rnr2_control	2006	14	4691	0	0	SRR27179128	skeletal_muscle
rnr2_control	2007	21	5329	0	1	SRR27179128	skeletal_muscle
rnr2_control	2008	29	7089	0	1	SRR27179128	skeletal_muscle
rnr2_control	2009	31	7485	0	2	SRR27179128	skeletal_muscle
rnr2_control	2010	31	7484	0	2	SRR27179128	skeletal_muscle
rnr2_control	2011	32	7519	0	1	SRR27179128	skeletal_muscle
rnr2_control	2012	31	7493	0	0	SRR27179128	skeletal_muscle
rnr2_control	2013	32	7422	0	1	SRR27179128	skeletal_muscle
rnr2_control	2014	31	7474	0	1	SRR27179128	skeletal_muscle
rnr2_control	2015	32	7518	0	5	SRR27179128	skeletal_muscle
co1_control	6000	10	6298	0	0	SRR27179128	skeletal_muscle
co1_control	6001	10	6188	0	1	SRR27179128	skeletal_muscle
co1_control	6002	10	6097	0	1	SRR27179128	skeletal_muscle
co1_control	6003	8	6180	0	0	SRR27179128	skeletal_muscle
co1_control	6004	8	6028	0	2	SRR27179128	skeletal_muscle
co1_control	6005	8	5990	0	3	SRR27179128	skeletal_muscle
co1_control	6006	8	5796	0	1	SRR27179128	skeletal_muscle
co1_control	6007	8	5993	0	2	SRR27179128	skeletal_muscle
co1_control	6008	7	6355	0	1	SRR27179128	skeletal_muscle
co1_control	6009	7	6052	0	0	SRR27179128	skeletal_muscle
co1_control	6010	7	5706	0	0	SRR27179128	skeletal_muscle
co1_control	6011	11	2947	0	0	SRR27179128	skeletal_muscle
co1_control	6012	13	6151	0	0	SRR27179128	skeletal_muscle
co1_control	6013	10	6948	0	0	SRR27179128	skeletal_muscle
co1_control	6014	13	7485	0	1	SRR27179128	skeletal_muscle
co1_control	6015	13	7601	0	3	SRR27179128	skeletal_muscle
poly_c_hvs2	303	1078	529	0	3	SRR27179223	skeletal_muscle
poly_c_hvs2	304	1062	545	0	5	SRR27179223	skeletal_muscle
poly_c_hvs2	305	1060	578	0	1	SRR27179223	skeletal_muscle
poly_c_hvs2	306	1063	558	0	0	SRR27179223	skeletal_muscle
poly_c_hvs2	307	1067	540	1	0	SRR27179223	skeletal_muscle
poly_c_hvs2	308	1055	506	1	0	SRR27179223	skeletal_muscle
poly_c_hvs2	309	1064	487	2	36	SRR27179223	skeletal_muscle
poly_c_hvs2	310	1163	288	23	62	SRR27179223	skeletal_muscle
poly_c_hvs2	311	1091	383	0	5	SRR27179223	skeletal_muscle
poly_c_hvs2	312	1096	452	0	1	SRR27179223	skeletal_muscle
poly_c_hvs2	313	1095	494	0	0	SRR27179223	skeletal_muscle
poly_c_hvs2	314	1099	495	0	1	SRR27179223	skeletal_muscle
poly_c_hvs2	315	1098	501	0	2	SRR27179223	skeletal_muscle
poly_c_hvs1	16180	5	4842	0	0	SRR27179223	skeletal_muscle
poly_c_hvs1	16181	5	4857	0	2	SRR27179223	skeletal_muscle
poly_c_hvs1	16182	5	4768	0	0	SRR27179223	skeletal_muscle
poly_c_hvs1	16183	5	4681	0	1	SRR27179223	skeletal_muscle
poly_c_hvs1	16184	4	4875	0	3	SRR27179223	skeletal_muscle
poly_c_hvs1	16185	4	4772	0	1	SRR27179223	skeletal_muscle
poly_c_hvs1	16186	4	4751	0	0	SRR27179223	skeletal_muscle
poly_c_hvs1	16187	4	4689	0	2	SRR27179223	skeletal_muscle
poly_c_hvs1	16188	3	4443	0	1	SRR27179223	skeletal_muscle
poly_c_hvs1	16189	3	4252	0	2	SRR27179223	skeletal_muscle
poly_c_hvs1	16190	3	4295	0	0	SRR27179223	skeletal_muscle
poly_c_hvs1	16191	3	4247	0	0	SRR27179223	skeletal_muscle
poly_c_hvs1	16192	3	4163	0	31	SRR27179223	skeletal_muscle
poly_c_hvs1	16193	4	4383	0	1	SRR27179223	skeletal_muscle
poly_c_hvs1	16194	4	4334	0	1	SRR27179223	skeletal_muscle
poly_c_hvs1	16195	5	4380	0	1	SRR27179223	skeletal_muscle
rnr2_control	2000	21	7775	0	0	SRR27179223	skeletal_muscle
rnr2_control	2001	15	6728	0	1	SRR27179223	skeletal_muscle
rnr2_control	2002	11	6682	0	0	SRR27179223	skeletal_muscle
rnr2_control	2003	15	4516	0	0	SRR27179223	skeletal_muscle
rnr2_control	2004	12	2715	0	0	SRR27179223	skeletal_muscle
rnr2_control	2005	16	2919	0	0	SRR27179223	skeletal_muscle
rnr2_control	2006	15	4774	0	0	SRR27179223	skeletal_muscle
rnr2_control	2007	19	5423	0	3	SRR27179223	skeletal_muscle
rnr2_control	2008	22	7179	0	0	SRR27179223	skeletal_muscle
rnr2_control	2009	22	7477	0	1	SRR27179223	skeletal_muscle
rnr2_control	2010	22	7505	0	2	SRR27179223	skeletal_muscle
rnr2_control	2011	23	7528	1	1	SRR27179223	skeletal_muscle
rnr2_control	2012	22	7468	0	1	SRR27179223	skeletal_muscle
rnr2_control	2013	22	7438	0	1	SRR27179223	skeletal_muscle
rnr2_control	2014	22	7490	0	0	SRR27179223	skeletal_muscle
rnr2_control	2015	23	7482	0	5	SRR27179223	skeletal_muscle
co1_control	6000	11	6904	0	0	SRR27179223	skeletal_muscle
co1_control	6001	11	6843	0	1	SRR27179223	skeletal_muscle
co1_control	6002	11	6788	0	3	SRR27179223	skeletal_muscle
co1_control	6003	10	6806	0	2	SRR27179223	skeletal_muscle
co1_control	6004	11	6663	0	1	SRR27179223	skeletal_muscle
co1_control	6005	11	6631	0	0	SRR27179223	skeletal_muscle
co1_control	6006	10	6472	0	0	SRR27179223	skeletal_muscle
co1_control	6007	10	6615	0	2	SRR27179223	skeletal_muscle
co1_control	6008	11	6853	0	0	SRR27179223	skeletal_muscle
co1_control	6009	11	6632	0	0	SRR27179223	skeletal_muscle
co1_control	6010	11	6359	0	0	SRR27179223	skeletal_muscle
co1_control	6011	9	5022	0	0	SRR27179223	skeletal_muscle
co1_control	6012	7	6739	0	0	SRR27179223	skeletal_muscle
co1_control	6013	6	7241	0	0	SRR27179223	skeletal_muscle
co1_control	6014	8	7663	0	0	SRR27179223	skeletal_muscle
co1_control	6015	8	7691	0	1	SRR27179223	skeletal_muscle
poly_c_hvs2	303	1512	837	0	8	SRR27179207	skeletal_muscle
poly_c_hvs2	304	1488	860	0	4	SRR27179207	skeletal_muscle
poly_c_hvs2	305	1484	869	0	0	SRR27179207	skeletal_muscle
poly_c_hvs2	306	1479	873	0	1	SRR27179207	skeletal_muscle
poly_c_hvs2	307	1478	860	0	0	SRR27179207	skeletal_muscle
poly_c_hvs2	308	1469	829	1	0	SRR27179207	skeletal_muscle
poly_c_hvs2	309	1476	788	0	44	SRR27179207	skeletal_muscle
poly_c_hvs2	310	1635	508	36	79	SRR27179207	skeletal_muscle
poly_c_hvs2	311	1538	670	0	9	SRR27179207	skeletal_muscle
poly_c_hvs2	312	1536	766	0	1	SRR27179207	skeletal_muscle
poly_c_hvs2	313	1521	803	0	0	SRR27179207	skeletal_muscle
poly_c_hvs2	314	1539	817	0	0	SRR27179207	skeletal_muscle
poly_c_hvs2	315	1534	790	0	0	SRR27179207	skeletal_muscle
poly_c_hvs1	16180	20	6844	0	1	SRR27179207	skeletal_muscle
poly_c_hvs1	16181	21	6793	0	3	SRR27179207	skeletal_muscle
poly_c_hvs1	16182	20	6635	0	2	SRR27179207	skeletal_muscle
poly_c_hvs1	16183	20	6493	0	1	SRR27179207	skeletal_muscle
poly_c_hvs1	16184	19	6868	0	2	SRR27179207	skeletal_muscle
poly_c_hvs1	16185	20	6652	0	2	SRR27179207	skeletal_muscle
poly_c_hvs1	16186	21	6644	0	2	SRR27179207	skeletal_muscle
poly_c_hvs1	16187	16	6586	0	1	SRR27179207	skeletal_muscle
poly_c_hvs1	16188	14	6234	0	2	SRR27179207	skeletal_muscle
poly_c_hvs1	16189	15	5921	0	11	SRR27179207	skeletal_muscle
poly_c_hvs1	16190	19	6054	0	1	SRR27179207	skeletal_muscle
poly_c_hvs1	16191	19	6126	0	2	SRR27179207	skeletal_muscle
poly_c_hvs1	16192	18	6234	0	9	SRR27179207	skeletal_muscle
poly_c_hvs1	16193	19	6418	0	3	SRR27179207	skeletal_muscle
poly_c_hvs1	16194	16	6180	0	5	SRR27179207	skeletal_muscle
poly_c_hvs1	16195	18	6219	0	0	SRR27179207	skeletal_muscle
rnr2_control	2000	23	7837	0	1	SRR27179207	skeletal_muscle
rnr2_control	2001	19	6621	0	1	SRR27179207	skeletal_muscle
rnr2_control	2002	13	5938	0	0	SRR27179207	skeletal_muscle
rnr2_control	2003	15	3899	0	0	SRR27179207	skeletal_muscle
rnr2_control	2004	21	2961	0	0	SRR27179207	skeletal_muscle
rnr2_control	2005	15	3076	0	1	SRR27179207	skeletal_muscle
rnr2_control	2006	15	4251	0	1	SRR27179207	skeletal_muscle
rnr2_control	2007	14	4822	0	0	SRR27179207	skeletal_muscle
rnr2_control	2008	18	7001	0	2	SRR27179207	skeletal_muscle
rnr2_control	2009	18	7535	0	0	SRR27179207	skeletal_muscle
rnr2_control	2010	17	7504	0	3	SRR27179207	skeletal_muscle
rnr2_control	2011	18	7609	0	6	SRR27179207	skeletal_muscle
rnr2_control	2012	16	7544	0	1	SRR27179207	skeletal_muscle
rnr2_control	2013	17	7530	0	0	SRR27179207	skeletal_muscle
rnr2_control	2014	18	7569	0	3	SRR27179207	skeletal_muscle
rnr2_control	2015	17	7584	0	2	SRR27179207	skeletal_muscle
co1_control	6000	11	6758	0	0	SRR27179207	skeletal_muscle
co1_control	6001	11	6674	0	1	SRR27179207	skeletal_muscle
co1_control	6002	11	6605	0	3	SRR27179207	skeletal_muscle
co1_control	6003	11	6641	0	0	SRR27179207	skeletal_muscle
co1_control	6004	11	6374	0	3	SRR27179207	skeletal_muscle
co1_control	6005	11	6380	0	4	SRR27179207	skeletal_muscle
co1_control	6006	10	5853	0	3	SRR27179207	skeletal_muscle
co1_control	6007	12	6446	0	0	SRR27179207	skeletal_muscle
co1_control	6008	11	6642	0	1	SRR27179207	skeletal_muscle
co1_control	6009	12	6341	0	3	SRR27179207	skeletal_muscle
co1_control	6010	11	5310	0	0	SRR27179207	skeletal_muscle
co1_control	6011	18	3661	0	0	SRR27179207	skeletal_muscle
co1_control	6012	15	5938	0	0	SRR27179207	skeletal_muscle
co1_control	6013	14	6733	0	1	SRR27179207	skeletal_muscle
co1_control	6014	17	7288	0	1	SRR27179207	skeletal_muscle
co1_control	6015	19	7563	0	2	SRR27179207	skeletal_muscle
poly_c_hvs2	303	540	422	0	0	SRR27179235	skeletal_muscle
poly_c_hvs2	304	553	414	0	0	SRR27179235	skeletal_muscle
poly_c_hvs2	305	561	400	0	0	SRR27179235	skeletal_muscle
poly_c_hvs2	306	564	404	0	1	SRR27179235	skeletal_muscle
poly_c_hvs2	307	562	387	0	0	SRR27179235	skeletal_muscle
poly_c_hvs2	308	560	374	0	0	SRR27179235	skeletal_muscle
poly_c_hvs2	309	558	347	3	31	SRR27179235	skeletal_muscle
poly_c_hvs2	310	596	240	24	6	SRR27179235	skeletal_muscle
poly_c_hvs2	311	592	222	0	140	SRR27179235	skeletal_muscle
poly_c_hvs2	312	595	265	2	2	SRR27179235	skeletal_muscle
poly_c_hvs2	313	597	286	0	0	SRR27179235	skeletal_muscle
poly_c_hvs2	314	586	296	0	1	SRR27179235	skeletal_muscle
poly_c_hvs2	315	592	284	0	0	SRR27179235	skeletal_muscle
poly_c_hvs1	16180	3	5199	0	0	SRR27179235	skeletal_muscle
poly_c_hvs1	16181	5	5127	0	3	SRR27179235	skeletal_muscle
poly_c_hvs1	16182	5	5013	0	0	SRR27179235	skeletal_muscle
poly_c_hvs1	16183	3	4922	0	2	SRR27179235	skeletal_muscle
poly_c_hvs1	16184	5	5224	0	3	SRR27179235	skeletal_muscle
poly_c_hvs1	16185	5	5083	0	1	SRR27179235	skeletal_muscle
poly_c_hvs1	16186	5	5007	0	0	SRR27179235	skeletal_muscle
poly_c_hvs1	16187	5	4957	0	1	SRR27179235	skeletal_muscle
poly_c_hvs1	16188	5	4708	0	0	SRR27179235	skeletal_muscle
poly_c_hvs1	16189	4	4383	0	6	SRR27179235	skeletal_muscle
poly_c_hvs1	16190	5	4441	0	1	SRR27179235	skeletal_muscle
poly_c_hvs1	16191	5	4402	0	0	SRR27179235	skeletal_muscle
poly_c_hvs1	16192	5	4317	0	26	SRR27179235	skeletal_muscle
poly_c_hvs1	16193	5	4429	0	1	SRR27179235	skeletal_muscle
poly_c_hvs1	16194	5	4326	0	0	SRR27179235	skeletal_muscle
poly_c_hvs1	16195	5	4404	0	0	SRR27179235	skeletal_muscle
rnr2_control	2000	23	7808	0	0	SRR27179235	skeletal_muscle
rnr2_control	2001	20	6629	0	0	SRR27179235	skeletal_muscle
rnr2_control	2002	15	5982	0	0	SRR27179235	skeletal_muscle
rnr2_control	2003	14	4119	0	0	SRR27179235	skeletal_muscle
rnr2_control	2004	12	3216	0	0	SRR27179235	skeletal_muscle
rnr2_control	2005	7	2906	0	0	SRR27179235	skeletal_muscle
rnr2_control	2006	6	3852	0	0	SRR27179235	skeletal_muscle
rnr2_control	2007	8	4331	0	2	SRR27179235	skeletal_muscle
rnr2_control	2008	15	6668	0	0	SRR27179235	skeletal_muscle
rnr2_control	2009	14	7574	0	3	SRR27179235	skeletal_muscle
rnr2_control	2010	15	7616	0	0	SRR27179235	skeletal_muscle
rnr2_control	2011	15	7668	0	0	SRR27179235	skeletal_muscle
rnr2_control	2012	15	7594	0	1	SRR27179235	skeletal_muscle
rnr2_control	2013	15	7516	0	2	SRR27179235	skeletal_muscle
rnr2_control	2014	15	7615	0	1	SRR27179235	skeletal_muscle
rnr2_control	2015	15	7664	0	6	SRR27179235	skeletal_muscle
co1_control	6000	9	6963	0	0	SRR27179235	skeletal_muscle
co1_control	6001	7	6875	0	0	SRR27179235	skeletal_muscle
co1_control	6002	7	6802	0	0	SRR27179235	skeletal_muscle
co1_control	6003	7	6833	0	0	SRR27179235	skeletal_muscle
co1_control	6004	7	6706	0	1	SRR27179235	skeletal_muscle
co1_control	6005	7	6683	0	0	SRR27179235	skeletal_muscle
co1_control	6006	7	5842	0	1	SRR27179235	skeletal_muscle
co1_control	6007	7	6581	0	1	SRR27179235	skeletal_muscle
co1_control	6008	9	6926	0	0	SRR27179235	skeletal_muscle
co1_control	6009	9	6706	0	0	SRR27179235	skeletal_muscle
co1_control	6010	9	5461	0	5	SRR27179235	skeletal_muscle
co1_control	6011	11	4547	0	0	SRR27179235	skeletal_muscle
co1_control	6012	10	6563	0	0	SRR27179235	skeletal_muscle
co1_control	6013	10	7465	0	1	SRR27179235	skeletal_muscle
co1_control	6014	10	7676	0	2	SRR27179235	skeletal_muscle
co1_control	6015	10	7688	0	0	SRR27179235	skeletal_muscle
poly_c_hvs2	303	1400	751	0	0	SRR27179099	skeletal_muscle
poly_c_hvs2	304	1391	800	0	2	SRR27179099	skeletal_muscle
poly_c_hvs2	305	1394	822	0	4	SRR27179099	skeletal_muscle
poly_c_hvs2	306	1387	838	0	1	SRR27179099	skeletal_muscle
poly_c_hvs2	307	1392	850	0	0	SRR27179099	skeletal_muscle
poly_c_hvs2	308	1389	837	0	0	SRR27179099	skeletal_muscle
poly_c_hvs2	309	1380	808	4	100	SRR27179099	skeletal_muscle
poly_c_hvs2	310	1485	509	422	68	SRR27179099	skeletal_muscle
poly_c_hvs2	311	1468	536	1	170	SRR27179099	skeletal_muscle
poly_c_hvs2	312	1451	679	0	16	SRR27179099	skeletal_muscle
poly_c_hvs2	313	1451	754	0	2	SRR27179099	skeletal_muscle
poly_c_hvs2	314	1447	810	0	0	SRR27179099	skeletal_muscle
poly_c_hvs2	315	1452	819	0	1	SRR27179099	skeletal_muscle
poly_c_hvs1	16180	2377	3803	1	2	SRR27179099	skeletal_muscle
poly_c_hvs1	16181	2336	3498	2	3	SRR27179099	skeletal_muscle
poly_c_hvs1	16182	2134	3231	51	23	SRR27179099	skeletal_muscle
poly_c_hvs1	16183	2411	3313	572	45	SRR27179099	skeletal_muscle
poly_c_hvs1	16184	2446	4083	0	29	SRR27179099	skeletal_muscle
poly_c_hvs1	16185	2458	4079	0	1	SRR27179099	skeletal_muscle
poly_c_hvs1	16186	2462	4037	0	2	SRR27179099	skeletal_muscle
poly_c_hvs1	16187	2476	3800	1	2	SRR27179099	skeletal_muscle
poly_c_hvs1	16188	2486	3410	1	5	SRR27179099	skeletal_muscle
poly_c_hvs1	16189	2509	2891	0	15	SRR27179099	skeletal_muscle
poly_c_hvs1	16190	2502	2996	0	5	SRR27179099	skeletal_muscle
poly_c_hvs1	16191	2493	3102	0	3	SRR27179099	skeletal_muscle
poly_c_hvs1	16192	2493	3234	0	1	SRR27179099	skeletal_muscle
poly_c_hvs1	16193	2503	3554	4	8	SRR27179099	skeletal_muscle
poly_c_hvs1	16194	2229	3110	14	6	SRR27179099	skeletal_muscle
poly_c_hvs1	16195	2458	3536	0	0	SRR27179099	skeletal_muscle
rnr2_control	2000	22	7867	0	1	SRR27179099	skeletal_muscle
rnr2_control	2001	18	6916	0	2	SRR27179099	skeletal_muscle
rnr2_control	2002	16	6123	0	0	SRR27179099	skeletal_muscle
rnr2_control	2003	11	3349	0	0	SRR27179099	skeletal_muscle
rnr2_control	2004	9	2949	0	1	SRR27179099	skeletal_muscle
rnr2_control	2005	5	3228	0	0	SRR27179099	skeletal_muscle
rnr2_control	2006	4	4747	0	0	SRR27179099	skeletal_muscle
rnr2_control	2007	8	5506	0	3	SRR27179099	skeletal_muscle
rnr2_control	2008	10	7525	0	0	SRR27179099	skeletal_muscle
rnr2_control	2009	10	7788	0	2	SRR27179099	skeletal_muscle
rnr2_control	2010	9	7780	0	0	SRR27179099	skeletal_muscle
rnr2_control	2011	10	7810	0	0	SRR27179099	skeletal_muscle
rnr2_control	2012	10	7775	0	1	SRR27179099	skeletal_muscle
rnr2_control	2013	10	7734	0	0	SRR27179099	skeletal_muscle
rnr2_control	2014	10	7737	0	0	SRR27179099	skeletal_muscle
rnr2_control	2015	10	7779	0	3	SRR27179099	skeletal_muscle
co1_control	6000	4	6683	0	0	SRR27179099	skeletal_muscle
co1_control	6001	4	6594	0	3	SRR27179099	skeletal_muscle
co1_control	6002	4	6510	0	0	SRR27179099	skeletal_muscle
co1_control	6003	4	6539	0	0	SRR27179099	skeletal_muscle
co1_control	6004	4	6515	0	1	SRR27179099	skeletal_muscle
co1_control	6005	4	6440	0	0	SRR27179099	skeletal_muscle
co1_control	6006	4	6438	0	0	SRR27179099	skeletal_muscle
co1_control	6007	4	6510	0	0	SRR27179099	skeletal_muscle
co1_control	6008	4	6638	0	0	SRR27179099	skeletal_muscle
co1_control	6009	4	6496	0	0	SRR27179099	skeletal_muscle
co1_control	6010	4	5696	0	0	SRR27179099	skeletal_muscle
co1_control	6011	6	5278	0	1	SRR27179099	skeletal_muscle
co1_control	6012	8	7301	0	0	SRR27179099	skeletal_muscle
co1_control	6013	6	7369	0	2	SRR27179099	skeletal_muscle
co1_control	6014	7	7445	0	1	SRR27179099	skeletal_muscle
co1_control	6015	7	7439	0	3	SRR27179099	skeletal_muscle
poly_c_hvs2	303	1862	846	0	6	SRR27179078	skeletal_muscle
poly_c_hvs2	304	1854	859	0	1	SRR27179078	skeletal_muscle
poly_c_hvs2	305	1834	879	0	1	SRR27179078	skeletal_muscle
poly_c_hvs2	306	1844	892	0	2	SRR27179078	skeletal_muscle
poly_c_hvs2	307	1823	875	0	0	SRR27179078	skeletal_muscle
poly_c_hvs2	308	1825	840	0	0	SRR27179078	skeletal_muscle
poly_c_hvs2	309	1844	783	2	41	SRR27179078	skeletal_muscle
poly_c_hvs2	310	1999	509	40	69	SRR27179078	skeletal_muscle
poly_c_hvs2	311	1907	679	0	13	SRR27179078	skeletal_muscle
poly_c_hvs2	312	1894	801	0	1	SRR27179078	skeletal_muscle
poly_c_hvs2	313	1903	856	0	0	SRR27179078	skeletal_muscle
poly_c_hvs2	314	1907	854	0	1	SRR27179078	skeletal_muscle
poly_c_hvs2	315	1898	851	0	1	SRR27179078	skeletal_muscle
poly_c_hvs1	16180	19	6817	0	0	SRR27179078	skeletal_muscle
poly_c_hvs1	16181	19	6754	0	1	SRR27179078	skeletal_muscle
poly_c_hvs1	16182	20	6551	0	4	SRR27179078	skeletal_muscle
poly_c_hvs1	16183	16	6506	0	1	SRR27179078	skeletal_muscle
poly_c_hvs1	16184	19	6931	0	2	SRR27179078	skeletal_muscle
poly_c_hvs1	16185	20	6697	0	1	SRR27179078	skeletal_muscle
poly_c_hvs1	16186	18	6682	0	0	SRR27179078	skeletal_muscle
poly_c_hvs1	16187	18	6629	0	2	SRR27179078	skeletal_muscle
poly_c_hvs1	16188	15	6257	0	4	SRR27179078	skeletal_muscle
poly_c_hvs1	16189	16	5989	0	7	SRR27179078	skeletal_muscle
poly_c_hvs1	16190	16	6063	0	8	SRR27179078	skeletal_muscle
poly_c_hvs1	16191	16	6037	0	2	SRR27179078	skeletal_muscle
poly_c_hvs1	16192	16	6083	0	2	SRR27179078	skeletal_muscle
poly_c_hvs1	16193	16	6260	0	2	SRR27179078	skeletal_muscle
poly_c_hvs1	16194	15	6013	0	0	SRR27179078	skeletal_muscle
poly_c_hvs1	16195	16	6086	0	0	SRR27179078	skeletal_muscle
rnr2_control	2000	49	7758	0	4	SRR27179078	skeletal_muscle
rnr2_control	2001	40	6680	0	3	SRR27179078	skeletal_muscle
rnr2_control	2002	38	6788	0	12	SRR27179078	skeletal_muscle
rnr2_control	2003	32	5285	0	0	SRR27179078	skeletal_muscle
rnr2_control	2004	35	3970	0	1	SRR27179078	skeletal_muscle
rnr2_control	2005	25	2964	0	0	SRR27179078	skeletal_muscle
rnr2_control	2006	18	4347	0	0	SRR27179078	skeletal_muscle
rnr2_control	2007	18	4764	0	1	SRR27179078	skeletal_muscle
rnr2_control	2008	18	6300	0	0	SRR27179078	skeletal_muscle
rnr2_control	2009	18	7413	0	2	SRR27179078	skeletal_muscle
rnr2_control	2010	17	7446	0	0	SRR27179078	skeletal_muscle
rnr2_control	2011	17	7501	0	2	SRR27179078	skeletal_muscle
rnr2_control	2012	18	7446	0	1	SRR27179078	skeletal_muscle
rnr2_control	2013	17	7433	0	0	SRR27179078	skeletal_muscle
rnr2_control	2014	18	7502	0	4	SRR27179078	skeletal_muscle
rnr2_control	2015	18	7521	0	0	SRR27179078	skeletal_muscle
co1_control	6000	10	6330	0	2	SRR27179078	skeletal_muscle
co1_control	6001	10	6211	0	2	SRR27179078	skeletal_muscle
co1_control	6002	10	6128	0	3	SRR27179078	skeletal_muscle
co1_control	6003	9	6168	0	0	SRR27179078	skeletal_muscle
co1_control	6004	8	6052	0	1	SRR27179078	skeletal_muscle
co1_control	6005	8	5957	0	2	SRR27179078	skeletal_muscle
co1_control	6006	8	5651	0	3	SRR27179078	skeletal_muscle
co1_control	6007	8	6066	0	0	SRR27179078	skeletal_muscle
co1_control	6008	8	6374	0	0	SRR27179078	skeletal_muscle
co1_control	6009	7	6091	0	0	SRR27179078	skeletal_muscle
co1_control	6010	6	5691	0	0	SRR27179078	skeletal_muscle
co1_control	6011	10	3796	0	1	SRR27179078	skeletal_muscle
co1_control	6012	12	6042	0	0	SRR27179078	skeletal_muscle
co1_control	6013	11	6848	0	1	SRR27179078	skeletal_muscle
co1_control	6014	11	7559	0	1	SRR27179078	skeletal_muscle
co1_control	6015	11	7639	0	3	SRR27179078	skeletal_muscle
poly_c_hvs2	303	131	4400	0	5	SRR27179124	skeletal_muscle
poly_c_hvs2	304	134	4350	0	5	SRR27179124	skeletal_muscle
poly_c_hvs2	305	130	4401	0	0	SRR27179124	skeletal_muscle
poly_c_hvs2	306	130	4371	0	4	SRR27179124	skeletal_muscle
poly_c_hvs2	307	133	4336	0	2	SRR27179124	skeletal_muscle
poly_c_hvs2	308	133	4230	0	2	SRR27179124	skeletal_muscle
poly_c_hvs2	309	129	4199	0	2	SRR27179124	skeletal_muscle
poly_c_hvs2	310	122	3846	2	37	SRR27179124	skeletal_muscle
poly_c_hvs2	311	133	4080	0	15	SRR27179124	skeletal_muscle
poly_c_hvs2	312	125	4180	0	5	SRR27179124	skeletal_muscle
poly_c_hvs2	313	130	4249	0	1	SRR27179124	skeletal_muscle
poly_c_hvs2	314	130	4226	0	4	SRR27179124	skeletal_muscle
poly_c_hvs2	315	131	4208	0	1	SRR27179124	skeletal_muscle
poly_c_hvs1	16180	30	6613	0	2	SRR27179124	skeletal_muscle
poly_c_hvs1	16181	30	6562	0	0	SRR27179124	skeletal_muscle
poly_c_hvs1	16182	26	6459	0	1	SRR27179124	skeletal_muscle
poly_c_hvs1	16183	28	6356	0	1	SRR27179124	skeletal_muscle
poly_c_hvs1	16184	30	6630	0	3	SRR27179124	skeletal_muscle
poly_c_hvs1	16185	31	6430	0	1	SRR27179124	skeletal_muscle
poly_c_hvs1	16186	29	6427	0	1	SRR27179124	skeletal_muscle
poly_c_hvs1	16187	30	6390	0	8	SRR27179124	skeletal_muscle
poly_c_hvs1	16188	26	6112	1	5	SRR27179124	skeletal_muscle
poly_c_hvs1	16189	26	5955	0	6	SRR27179124	skeletal_muscle
poly_c_hvs1	16190	25	6004	0	3	SRR27179124	skeletal_muscle
poly_c_hvs1	16191	25	6022	0	3	SRR27179124	skeletal_muscle
poly_c_hvs1	16192	25	6066	0	7	SRR27179124	skeletal_muscle
poly_c_hvs1	16193	25	6222	0	4	SRR27179124	skeletal_muscle
poly_c_hvs1	16194	24	6026	0	0	SRR27179124	skeletal_muscle
poly_c_hvs1	16195	25	6085	0	1	SRR27179124	skeletal_muscle
rnr2_control	2000	45	7795	0	4	SRR27179124	skeletal_muscle
rnr2_control	2001	32	6405	0	1	SRR27179124	skeletal_muscle
rnr2_control	2002	22	6533	0	0	SRR27179124	skeletal_muscle
rnr2_control	2003	22	4239	0	0	SRR27179124	skeletal_muscle
rnr2_control	2004	22	3225	0	0	SRR27179124	skeletal_muscle
rnr2_control	2005	16	3620	0	1	SRR27179124	skeletal_muscle
rnr2_control	2006	14	6028	0	1	SRR27179124	skeletal_muscle
rnr2_control	2007	15	6643	0	1	SRR27179124	skeletal_muscle
rnr2_control	2008	20	7348	0	1	SRR27179124	skeletal_muscle
rnr2_control	2009	20	7496	0	3	SRR27179124	skeletal_muscle
rnr2_control	2010	19	7441	0	3	SRR27179124	skeletal_muscle
rnr2_control	2011	19	7496	0	1	SRR27179124	skeletal_muscle
rnr2_control	2012	20	7456	0	2	SRR27179124	skeletal_muscle
rnr2_control	2013	19	7415	0	0	SRR27179124	skeletal_muscle
rnr2_control	2014	21	7428	0	3	SRR27179124	skeletal_muscle
rnr2_control	2015	19	7442	0	3	SRR27179124	skeletal_muscle
co1_control	6000	19	6262	0	0	SRR27179124	skeletal_muscle
co1_control	6001	18	6182	0	2	SRR27179124	skeletal_muscle
co1_control	6002	18	6127	0	3	SRR27179124	skeletal_muscle
co1_control	6003	18	6153	0	0	SRR27179124	skeletal_muscle
co1_control	6004	14	5895	0	4	SRR27179124	skeletal_muscle
co1_control	6005	15	5953	0	3	SRR27179124	skeletal_muscle
co1_control	6006	15	5845	0	0	SRR27179124	skeletal_muscle
co1_control	6007	15	5978	0	2	SRR27179124	skeletal_muscle
co1_control	6008	16	6203	0	1	SRR27179124	skeletal_muscle
co1_control	6009	15	5987	0	0	SRR27179124	skeletal_muscle
co1_control	6010	14	5621	0	0	SRR27179124	skeletal_muscle
co1_control	6011	17	2878	0	0	SRR27179124	skeletal_muscle
co1_control	6012	20	5555	0	0	SRR27179124	skeletal_muscle
co1_control	6013	15	6113	0	2	SRR27179124	skeletal_muscle
co1_control	6014	14	6554	0	1	SRR27179124	skeletal_muscle
co1_control	6015	20	7492	0	3	SRR27179124	skeletal_muscle
poly_c_hvs2	303	2120	1160	3	13	SRR27179092	skeletal_muscle
poly_c_hvs2	304	2082	1171	1	4	SRR27179092	skeletal_muscle
poly_c_hvs2	305	2089	1188	0	0	SRR27179092	skeletal_muscle
poly_c_hvs2	306	2095	1196	0	0	SRR27179092	skeletal_muscle
poly_c_hvs2	307	2090	1124	2	0	SRR27179092	skeletal_muscle
poly_c_hvs2	308	2080	1060	1	0	SRR27179092	skeletal_muscle
poly_c_hvs2	309	2108	999	4	79	SRR27179092	skeletal_muscle
poly_c_hvs2	310	2326	623	15	109	SRR27179092	skeletal_muscle
poly_c_hvs2	311	2155	839	0	6	SRR27179092	skeletal_muscle
poly_c_hvs2	312	2132	978	0	1	SRR27179092	skeletal_muscle
poly_c_hvs2	313	2154	1069	0	0	SRR27179092	skeletal_muscle
poly_c_hvs2	314	2137	1083	0	1	SRR27179092	skeletal_muscle
poly_c_hvs2	315	2135	1072	0	4	SRR27179092	skeletal_muscle
poly_c_hvs1	16180	15	6486	0	0	SRR27179092	skeletal_muscle
poly_c_hvs1	16181	14	6442	0	1	SRR27179092	skeletal_muscle
poly_c_hvs1	16182	14	6238	0	1	SRR27179092	skeletal_muscle
poly_c_hvs1	16183	14	5962	0	5	SRR27179092	skeletal_muscle
poly_c_hvs1	16184	15	6458	0	5	SRR27179092	skeletal_muscle
poly_c_hvs1	16185	14	6279	0	2	SRR27179092	skeletal_muscle
poly_c_hvs1	16186	15	6325	0	1	SRR27179092	skeletal_muscle
poly_c_hvs1	16187	17	6276	0	3	SRR27179092	skeletal_muscle
poly_c_hvs1	16188	17	6031	0	4	SRR27179092	skeletal_muscle
poly_c_hvs1	16189	16	5696	0	8	SRR27179092	skeletal_muscle
poly_c_hvs1	16190	16	5916	0	5	SRR27179092	skeletal_muscle
poly_c_hvs1	16191	16	5915	0	2	SRR27179092	skeletal_muscle
poly_c_hvs1	16192	17	5957	0	1	SRR27179092	skeletal_muscle
poly_c_hvs1	16193	16	6110	0	0	SRR27179092	skeletal_muscle
poly_c_hvs1	16194	16	5850	0	1	SRR27179092	skeletal_muscle
poly_c_hvs1	16195	16	5842	0	2	SRR27179092	skeletal_muscle
rnr2_control	2000	27	7797	0	0	SRR27179092	skeletal_muscle
rnr2_control	2001	23	6274	0	1	SRR27179092	skeletal_muscle
rnr2_control	2002	17	6427	0	0	SRR27179092	skeletal_muscle
rnr2_control	2003	16	4112	0	0	SRR27179092	skeletal_muscle
rnr2_control	2004	13	3290	0	0	SRR27179092	skeletal_muscle
rnr2_control	2005	11	3823	0	0	SRR27179092	skeletal_muscle
rnr2_control	2006	10	6285	0	1	SRR27179092	skeletal_muscle
rnr2_control	2007	15	7001	0	1	SRR27179092	skeletal_muscle
rnr2_control	2008	15	7397	0	4	SRR27179092	skeletal_muscle
rnr2_control	2009	16	7473	0	2	SRR27179092	skeletal_muscle
rnr2_control	2010	16	7500	0	1	SRR27179092	skeletal_muscle
rnr2_control	2011	16	7502	0	2	SRR27179092	skeletal_muscle
rnr2_control	2012	16	7478	0	2	SRR27179092	skeletal_muscle
rnr2_control	2013	16	7399	0	1	SRR27179092	skeletal_muscle
rnr2_control	2014	16	7498	0	2	SRR27179092	skeletal_muscle
rnr2_control	2015	16	7466	0	3	SRR27179092	skeletal_muscle
co1_control	6000	4	7032	0	1	SRR27179092	skeletal_muscle
co1_control	6001	4	6961	0	0	SRR27179092	skeletal_muscle
co1_control	6002	4	6888	0	1	SRR27179092	skeletal_muscle
co1_control	6003	4	6922	0	0	SRR27179092	skeletal_muscle
co1_control	6004	5	6836	0	0	SRR27179092	skeletal_muscle
co1_control	6005	4	6779	0	1	SRR27179092	skeletal_muscle
co1_control	6006	4	6558	0	1	SRR27179092	skeletal_muscle
co1_control	6007	4	6836	0	1	SRR27179092	skeletal_muscle
co1_control	6008	5	7013	0	0	SRR27179092	skeletal_muscle
co1_control	6009	5	6768	0	1	SRR27179092	skeletal_muscle
co1_control	6010	6	6441	0	0	SRR27179092	skeletal_muscle
co1_control	6011	7	5748	0	0	SRR27179092	skeletal_muscle
co1_control	6012	7	7077	0	0	SRR27179092	skeletal_muscle
co1_control	6013	8	7620	0	0	SRR27179092	skeletal_muscle
co1_control	6014	8	7736	0	0	SRR27179092	skeletal_muscle
co1_control	6015	8	7715	0	1	SRR27179092	skeletal_muscle
poly_c_hvs2	303	1317	1023	0	1	SRR27179148	skeletal_muscle
poly_c_hvs2	304	1331	1069	0	0	SRR27179148	skeletal_muscle
poly_c_hvs2	305	1328	1112	0	1	SRR27179148	skeletal_muscle
poly_c_hvs2	306	1323	1125	0	0	SRR27179148	skeletal_muscle
poly_c_hvs2	307	1323	1108	0	1	SRR27179148	skeletal_muscle
poly_c_hvs2	308	1323	1055	0	0	SRR27179148	skeletal_muscle
poly_c_hvs2	309	1316	1026	4	116	SRR27179148	skeletal_muscle
poly_c_hvs2	310	1416	740	330	68	SRR27179148	skeletal_muscle
poly_c_hvs2	311	1406	719	3	297	SRR27179148	skeletal_muscle
poly_c_hvs2	312	1384	885	2	17	SRR27179148	skeletal_muscle
poly_c_hvs2	313	1383	962	0	0	SRR27179148	skeletal_muscle
poly_c_hvs2	314	1372	991	1	0	SRR27179148	skeletal_muscle
poly_c_hvs2	315	1381	990	0	0	SRR27179148	skeletal_muscle
poly_c_hvs1	16180	13	6963	0	0	SRR27179148	skeletal_muscle
poly_c_hvs1	16181	14	6737	0	0	SRR27179148	skeletal_muscle
poly_c_hvs1	16182	12	6457	0	1	SRR27179148	skeletal_muscle
poly_c_hvs1	16183	13	6074	0	9	SRR27179148	skeletal_muscle
poly_c_hvs1	16184	13	6975	0	0	SRR27179148	skeletal_muscle
poly_c_hvs1	16185	13	6764	0	2	SRR27179148	skeletal_muscle
poly_c_hvs1	16186	14	6665	0	1	SRR27179148	skeletal_muscle
poly_c_hvs1	16187	14	6575	0	5	SRR27179148	skeletal_muscle
poly_c_hvs1	16188	14	6146	0	2	SRR27179148	skeletal_muscle
poly_c_hvs1	16189	13	5579	0	15	SRR27179148	skeletal_muscle
poly_c_hvs1	16190	14	5740	0	2	SRR27179148	skeletal_muscle
poly_c_hvs1	16191	14	5662	0	0	SRR27179148	skeletal_muscle
poly_c_hvs1	16192	14	5436	0	41	SRR27179148	skeletal_muscle
poly_c_hvs1	16193	14	6036	0	0	SRR27179148	skeletal_muscle
poly_c_hvs1	16194	12	5595	0	7	SRR27179148	skeletal_muscle
poly_c_hvs1	16195	13	5935	0	1	SRR27179148	skeletal_muscle
rnr2_control	2000	29	7891	0	0	SRR27179148	skeletal_muscle
rnr2_control	2001	25	6669	0	0	SRR27179148	skeletal_muscle
rnr2_control	2002	20	4503	0	0	SRR27179148	skeletal_muscle
rnr2_control	2003	22	2057	0	0	SRR27179148	skeletal_muscle
rnr2_control	2004	11	3612	0	0	SRR27179148	skeletal_muscle
rnr2_control	2005	8	4431	0	1	SRR27179148	skeletal_muscle
rnr2_control	2006	9	6008	0	0	SRR27179148	skeletal_muscle
rnr2_control	2007	10	6944	0	0	SRR27179148	skeletal_muscle
rnr2_control	2008	10	7489	0	2	SRR27179148	skeletal_muscle
rnr2_control	2009	12	7520	0	4	SRR27179148	skeletal_muscle
rnr2_control	2010	12	7476	0	3	SRR27179148	skeletal_muscle
rnr2_control	2011	12	7536	0	1	SRR27179148	skeletal_muscle
rnr2_control	2012	12	7478	0	0	SRR27179148	skeletal_muscle
rnr2_control	2013	10	7340	0	2	SRR27179148	skeletal_muscle
rnr2_control	2014	10	7411	0	1	SRR27179148	skeletal_muscle
rnr2_control	2015	12	7504	0	3	SRR27179148	skeletal_muscle
co1_control	6000	15	4295	0	0	SRR27179148	skeletal_muscle
co1_control	6001	15	4266	0	0	SRR27179148	skeletal_muscle
co1_control	6002	15	4253	0	1	SRR27179148	skeletal_muscle
co1_control	6003	15	4265	0	1	SRR27179148	skeletal_muscle
co1_control	6004	15	4145	0	0	SRR27179148	skeletal_muscle
co1_control	6005	14	4211	0	2	SRR27179148	skeletal_muscle
co1_control	6006	15	4175	0	0	SRR27179148	skeletal_muscle
co1_control	6007	15	4140	0	1	SRR27179148	skeletal_muscle
co1_control	6008	15	4514	0	3	SRR27179148	skeletal_muscle
co1_control	6009	15	4516	0	0	SRR27179148	skeletal_muscle
co1_control	6010	15	4220	0	2	SRR27179148	skeletal_muscle
co1_control	6011	15	4058	0	0	SRR27179148	skeletal_muscle
co1_control	6012	15	3668	0	1	SRR27179148	skeletal_muscle
co1_control	6013	15	3505	0	2	SRR27179148	skeletal_muscle
co1_control	6014	14	3520	0	0	SRR27179148	skeletal_muscle
co1_control	6015	15	3571	0	0	SRR27179148	skeletal_muscle
poly_c_hvs2	303	1617	909	0	6	SRR27179090	skeletal_muscle
poly_c_hvs2	304	1593	888	2	1	SRR27179090	skeletal_muscle
poly_c_hvs2	305	1588	898	1	1	SRR27179090	skeletal_muscle
poly_c_hvs2	306	1594	900	3	4	SRR27179090	skeletal_muscle
poly_c_hvs2	307	1591	858	0	1	SRR27179090	skeletal_muscle
poly_c_hvs2	308	1582	812	0	0	SRR27179090	skeletal_muscle
poly_c_hvs2	309	1612	750	1	36	SRR27179090	skeletal_muscle
poly_c_hvs2	310	1744	497	34	66	SRR27179090	skeletal_muscle
poly_c_hvs2	311	1642	624	0	11	SRR27179090	skeletal_muscle
poly_c_hvs2	312	1639	695	0	0	SRR27179090	skeletal_muscle
poly_c_hvs2	313	1639	737	0	0	SRR27179090	skeletal_muscle
poly_c_hvs2	314	1640	748	0	0	SRR27179090	skeletal_muscle
poly_c_hvs2	315	1634	730	0	4	SRR27179090	skeletal_muscle
poly_c_hvs1	16180	15	6866	0	1	SRR27179090	skeletal_muscle
poly_c_hvs1	16181	15	6823	0	1	SRR27179090	skeletal_muscle
poly_c_hvs1	16182	15	6703	0	1	SRR27179090	skeletal_muscle
poly_c_hvs1	16183	14	6620	0	2	SRR27179090	skeletal_muscle
poly_c_hvs1	16184	15	6879	0	0	SRR27179090	skeletal_muscle
poly_c_hvs1	16185	15	6698	0	1	SRR27179090	skeletal_muscle
poly_c_hvs1	16186	15	6682	0	1	SRR27179090	skeletal_muscle
poly_c_hvs1	16187	15	6618	0	3	SRR27179090	skeletal_muscle
poly_c_hvs1	16188	14	6232	0	3	SRR27179090	skeletal_muscle
poly_c_hvs1	16189	15	5946	0	11	SRR27179090	skeletal_muscle
poly_c_hvs1	16190	15	6011	0	5	SRR27179090	skeletal_muscle
poly_c_hvs1	16191	15	6040	0	1	SRR27179090	skeletal_muscle
poly_c_hvs1	16192	16	6107	0	2	SRR27179090	skeletal_muscle
poly_c_hvs1	16193	18	6349	0	1	SRR27179090	skeletal_muscle
poly_c_hvs1	16194	16	6055	0	1	SRR27179090	skeletal_muscle
poly_c_hvs1	16195	18	6136	0	2	SRR27179090	skeletal_muscle
rnr2_control	2000	29	7800	0	2	SRR27179090	skeletal_muscle
rnr2_control	2001	20	6094	0	4	SRR27179090	skeletal_muscle
rnr2_control	2002	18	6539	0	1	SRR27179090	skeletal_muscle
rnr2_control	2003	14	4189	0	0	SRR27179090	skeletal_muscle
rnr2_control	2004	18	3605	0	0	SRR27179090	skeletal_muscle
rnr2_control	2005	22	3943	0	0	SRR27179090	skeletal_muscle
rnr2_control	2006	17	6004	0	0	SRR27179090	skeletal_muscle
rnr2_control	2007	20	6989	0	0	SRR27179090	skeletal_muscle
rnr2_control	2008	21	7370	0	1	SRR27179090	skeletal_muscle
rnr2_control	2009	20	7453	0	3	SRR27179090	skeletal_muscle
rnr2_control	2010	20	7437	0	2	SRR27179090	skeletal_muscle
rnr2_control	2011	21	7477	0	0	SRR27179090	skeletal_muscle
rnr2_control	2012	21	7440	0	3	SRR27179090	skeletal_muscle
rnr2_control	2013	19	7387	0	4	SRR27179090	skeletal_muscle
rnr2_control	2014	21	7427	0	0	SRR27179090	skeletal_muscle
rnr2_control	2015	21	7439	0	3	SRR27179090	skeletal_muscle
co1_control	6000	10	6120	0	1	SRR27179090	skeletal_muscle
co1_control	6001	9	6018	0	2	SRR27179090	skeletal_muscle
co1_control	6002	10	5966	0	1	SRR27179090	skeletal_muscle
co1_control	6003	10	5967	0	2	SRR27179090	skeletal_muscle
co1_control	6004	10	5886	0	0	SRR27179090	skeletal_muscle
co1_control	6005	9	5857	0	1	SRR27179090	skeletal_muscle
co1_control	6006	10	5515	0	0	SRR27179090	skeletal_muscle
co1_control	6007	12	5840	0	2	SRR27179090	skeletal_muscle
co1_control	6008	11	6165	0	0	SRR27179090	skeletal_muscle
co1_control	6009	12	5908	0	0	SRR27179090	skeletal_muscle
co1_control	6010	11	5290	0	1	SRR27179090	skeletal_muscle
co1_control	6011	16	3108	0	0	SRR27179090	skeletal_muscle
co1_control	6012	15	6597	0	0	SRR27179090	skeletal_muscle
co1_control	6013	15	7232	0	1	SRR27179090	skeletal_muscle
co1_control	6014	14	7535	0	3	SRR27179090	skeletal_muscle
co1_control	6015	12	7602	0	5	SRR27179090	skeletal_muscle
poly_c_hvs2	303	1153	796	0	1	SRR27179170	skeletal_muscle
poly_c_hvs2	304	1177	747	0	1	SRR27179170	skeletal_muscle
poly_c_hvs2	305	1167	738	0	1	SRR27179170	skeletal_muscle
poly_c_hvs2	306	1174	748	0	0	SRR27179170	skeletal_muscle
poly_c_hvs2	307	1168	728	0	5	SRR27179170	skeletal_muscle
poly_c_hvs2	308	1177	715	0	1	SRR27179170	skeletal_muscle
poly_c_hvs2	309	1174	660	6	58	SRR27179170	skeletal_muscle
poly_c_hvs2	310	1239	480	42	17	SRR27179170	skeletal_muscle
poly_c_hvs2	311	1243	471	6	281	SRR27179170	skeletal_muscle
poly_c_hvs2	312	1234	585	0	7	SRR27179170	skeletal_muscle
poly_c_hvs2	313	1237	663	0	2	SRR27179170	skeletal_muscle
poly_c_hvs2	314	1228	693	0	0	SRR27179170	skeletal_muscle
poly_c_hvs2	315	1227	682	1	0	SRR27179170	skeletal_muscle
poly_c_hvs1	16180	8	6397	0	1	SRR27179170	skeletal_muscle
poly_c_hvs1	16181	8	6382	0	1	SRR27179170	skeletal_muscle
poly_c_hvs1	16182	8	6231	0	0	SRR27179170	skeletal_muscle
poly_c_hvs1	16183	7	6175	0	1	SRR27179170	skeletal_muscle
poly_c_hvs1	16184	8	6458	0	1	SRR27179170	skeletal_muscle
poly_c_hvs1	16185	8	6420	0	2	SRR27179170	skeletal_muscle
poly_c_hvs1	16186	8	6402	0	2	SRR27179170	skeletal_muscle
poly_c_hvs1	16187	8	6370	0	4	SRR27179170	skeletal_muscle
poly_c_hvs1	16188	7	6138	0	1	SRR27179170	skeletal_muscle
poly_c_hvs1	16189	7	5940	0	3	SRR27179170	skeletal_muscle
poly_c_hvs1	16190	7	5994	0	3	SRR27179170	skeletal_muscle
poly_c_hvs1	16191	8	6009	0	0	SRR27179170	skeletal_muscle
poly_c_hvs1	16192	9	6031	0	0	SRR27179170	skeletal_muscle
poly_c_hvs1	16193	9	6172	0	1	SRR27179170	skeletal_muscle
poly_c_hvs1	16194	9	5941	0	3	SRR27179170	skeletal_muscle
poly_c_hvs1	16195	10	6028	0	1	SRR27179170	skeletal_muscle
rnr2_control	2000	45	7727	0	4	SRR27179170	skeletal_muscle
rnr2_control	2001	31	6726	0	5	SRR27179170	skeletal_muscle
rnr2_control	2002	30	6862	0	3	SRR27179170	skeletal_muscle
rnr2_control	2003	27	5046	0	0	SRR27179170	skeletal_muscle
rnr2_control	2004	28	3698	0	0	SRR27179170	skeletal_muscle
rnr2_control	2005	26	2632	0	1	SRR27179170	skeletal_muscle
rnr2_control	2006	17	4154	0	0	SRR27179170	skeletal_muscle
rnr2_control	2007	15	4843	0	0	SRR27179170	skeletal_muscle
rnr2_control	2008	22	6455	0	2	SRR27179170	skeletal_muscle
rnr2_control	2009	23	7334	0	0	SRR27179170	skeletal_muscle
rnr2_control	2010	22	7424	0	2	SRR27179170	skeletal_muscle
rnr2_control	2011	22	7480	0	2	SRR27179170	skeletal_muscle
rnr2_control	2012	22	7428	0	0	SRR27179170	skeletal_muscle
rnr2_control	2013	24	7428	0	2	SRR27179170	skeletal_muscle
rnr2_control	2014	23	7452	0	1	SRR27179170	skeletal_muscle
rnr2_control	2015	24	7475	0	3	SRR27179170	skeletal_muscle
co1_control	6000	10	6282	0	0	SRR27179170	skeletal_muscle
co1_control	6001	10	6171	0	1	SRR27179170	skeletal_muscle
co1_control	6002	9	6100	0	2	SRR27179170	skeletal_muscle
co1_control	6003	10	6115	0	1	SRR27179170	skeletal_muscle
co1_control	6004	8	5904	0	9	SRR27179170	skeletal_muscle
co1_control	6005	8	5855	0	0	SRR27179170	skeletal_muscle
co1_control	6006	10	5733	0	1	SRR27179170	skeletal_muscle
co1_control	6007	10	6136	0	0	SRR27179170	skeletal_muscle
co1_control	6008	10	6359	0	0	SRR27179170	skeletal_muscle
co1_control	6009	10	6163	0	0	SRR27179170	skeletal_muscle
co1_control	6010	11	5894	0	0	SRR27179170	skeletal_muscle
co1_control	6011	11	3573	0	0	SRR27179170	skeletal_muscle
co1_control	6012	9	5388	0	1	SRR27179170	skeletal_muscle
co1_control	6013	5	5802	0	0	SRR27179170	skeletal_muscle
co1_control	6014	5	6219	0	0	SRR27179170	skeletal_muscle
co1_control	6015	7	6914	0	2	SRR27179170	skeletal_muscle
poly_c_hvs2	303	1254	901	0	4	SRR27179086	skeletal_muscle
poly_c_hvs2	304	1267	872	0	1	SRR27179086	skeletal_muscle
poly_c_hvs2	305	1258	886	0	0	SRR27179086	skeletal_muscle
poly_c_hvs2	306	1257	909	0	0	SRR27179086	skeletal_muscle
poly_c_hvs2	307	1259	885	0	2	SRR27179086	skeletal_muscle
poly_c_hvs2	308	1264	851	0	0	SRR27179086	skeletal_muscle
poly_c_hvs2	309	1268	812	10	82	SRR27179086	skeletal_muscle
poly_c_hvs2	310	1348	594	183	45	SRR27179086	skeletal_muscle
poly_c_hvs2	311	1363	575	9	323	SRR27179086	skeletal_muscle
poly_c_hvs2	312	1341	687	1	14	SRR27179086	skeletal_muscle
poly_c_hvs2	313	1341	747	1	1	SRR27179086	skeletal_muscle
poly_c_hvs2	314	1328	777	0	0	SRR27179086	skeletal_muscle
poly_c_hvs2	315	1324	768	0	1	SRR27179086	skeletal_muscle
poly_c_hvs1	16180	16	5410	0	1	SRR27179086	skeletal_muscle
poly_c_hvs1	16181	16	5399	0	1	SRR27179086	skeletal_muscle
poly_c_hvs1	16182	17	5346	0	1	SRR27179086	skeletal_muscle
poly_c_hvs1	16183	17	5358	0	4	SRR27179086	skeletal_muscle
poly_c_hvs1	16184	17	5489	0	4	SRR27179086	skeletal_muscle
poly_c_hvs1	16185	17	5390	0	1	SRR27179086	skeletal_muscle
poly_c_hvs1	16186	17	5376	0	2	SRR27179086	skeletal_muscle
poly_c_hvs1	16187	17	5398	0	6	SRR27179086	skeletal_muscle
poly_c_hvs1	16188	18	5226	0	4	SRR27179086	skeletal_muscle
poly_c_hvs1	16189	18	5082	0	5	SRR27179086	skeletal_muscle
poly_c_hvs1	16190	18	5105	0	0	SRR27179086	skeletal_muscle
poly_c_hvs1	16191	17	5127	0	2	SRR27179086	skeletal_muscle
poly_c_hvs1	16192	16	5126	0	2	SRR27179086	skeletal_muscle
poly_c_hvs1	16193	16	5193	0	6	SRR27179086	skeletal_muscle
poly_c_hvs1	16194	14	5043	0	0	SRR27179086	skeletal_muscle
poly_c_hvs1	16195	17	5126	0	2	SRR27179086	skeletal_muscle
rnr2_control	2000	30	7818	0	1	SRR27179086	skeletal_muscle
rnr2_control	2001	23	6303	0	1	SRR27179086	skeletal_muscle
rnr2_control	2002	18	6448	0	0	SRR27179086	skeletal_muscle
rnr2_control	2003	16	4270	0	0	SRR27179086	skeletal_muscle
rnr2_control	2004	17	3256	0	1	SRR27179086	skeletal_muscle
rnr2_control	2005	15	3720	0	1	SRR27179086	skeletal_muscle
rnr2_control	2006	14	6247	0	0	SRR27179086	skeletal_muscle
rnr2_control	2007	20	7019	0	0	SRR27179086	skeletal_muscle
rnr2_control	2008	20	7427	0	2	SRR27179086	skeletal_muscle
rnr2_control	2009	20	7510	0	0	SRR27179086	skeletal_muscle
rnr2_control	2010	20	7510	0	1	SRR27179086	skeletal_muscle
rnr2_control	2011	20	7509	0	3	SRR27179086	skeletal_muscle
rnr2_control	2012	20	7521	0	2	SRR27179086	skeletal_muscle
rnr2_control	2013	20	7466	0	2	SRR27179086	skeletal_muscle
rnr2_control	2014	19	7520	0	3	SRR27179086	skeletal_muscle
rnr2_control	2015	19	7510	0	5	SRR27179086	skeletal_muscle
co1_control	6000	12	6748	0	0	SRR27179086	skeletal_muscle
co1_control	6001	12	6680	0	1	SRR27179086	skeletal_muscle
co1_control	6002	12	6624	0	2	SRR27179086	skeletal_muscle
co1_control	6003	12	6652	0	0	SRR27179086	skeletal_muscle
co1_control	6004	13	6482	0	1	SRR27179086	skeletal_muscle
co1_control	6005	13	6489	0	0	SRR27179086	skeletal_muscle
co1_control	6006	13	6413	0	2	SRR27179086	skeletal_muscle
co1_control	6007	10	6509	0	1	SRR27179086	skeletal_muscle
co1_control	6008	11	6709	0	0	SRR27179086	skeletal_muscle
co1_control	6009	10	6530	0	1	SRR27179086	skeletal_muscle
co1_control	6010	12	6219	0	0	SRR27179086	skeletal_muscle
co1_control	6011	15	4296	0	0	SRR27179086	skeletal_muscle
co1_control	6012	14	6381	0	0	SRR27179086	skeletal_muscle
co1_control	6013	13	6887	0	0	SRR27179086	skeletal_muscle
co1_control	6014	12	7308	0	2	SRR27179086	skeletal_muscle
co1_control	6015	12	7638	0	0	SRR27179086	skeletal_muscle
poly_c_hvs2	303	2095	946	0	9	SRR27179135	skeletal_muscle
poly_c_hvs2	304	2055	951	1	2	SRR27179135	skeletal_muscle
poly_c_hvs2	305	2049	998	0	3	SRR27179135	skeletal_muscle
poly_c_hvs2	306	2047	1011	0	0	SRR27179135	skeletal_muscle
poly_c_hvs2	307	2051	976	1	1	SRR27179135	skeletal_muscle
poly_c_hvs2	308	2046	925	0	0	SRR27179135	skeletal_muscle
poly_c_hvs2	309	2067	901	4	65	SRR27179135	skeletal_muscle
poly_c_hvs2	310	2253	503	28	88	SRR27179135	skeletal_muscle
poly_c_hvs2	311	2101	728	0	6	SRR27179135	skeletal_muscle
poly_c_hvs2	312	2092	842	0	1	SRR27179135	skeletal_muscle
poly_c_hvs2	313	2092	912	0	0	SRR27179135	skeletal_muscle
poly_c_hvs2	314	2102	913	0	1	SRR27179135	skeletal_muscle
poly_c_hvs2	315	2086	908	0	0	SRR27179135	skeletal_muscle
poly_c_hvs1	16180	18	7167	1	2	SRR27179135	skeletal_muscle
poly_c_hvs1	16181	18	7116	0	2	SRR27179135	skeletal_muscle
poly_c_hvs1	16182	17	7012	0	1	SRR27179135	skeletal_muscle
poly_c_hvs1	16183	17	6870	0	3	SRR27179135	skeletal_muscle
poly_c_hvs1	16184	18	7125	0	4	SRR27179135	skeletal_muscle
poly_c_hvs1	16185	17	6840	0	4	SRR27179135	skeletal_muscle
poly_c_hvs1	16186	18	6802	0	2	SRR27179135	skeletal_muscle
poly_c_hvs1	16187	16	6790	0	5	SRR27179135	skeletal_muscle
poly_c_hvs1	16188	16	6554	0	11	SRR27179135	skeletal_muscle
poly_c_hvs1	16189	16	6104	0	13	SRR27179135	skeletal_muscle
poly_c_hvs1	16190	15	6186	0	8	SRR27179135	skeletal_muscle
poly_c_hvs1	16191	15	6245	0	3	SRR27179135	skeletal_muscle
poly_c_hvs1	16192	15	6361	0	9	SRR27179135	skeletal_muscle
poly_c_hvs1	16193	15	6654	0	3	SRR27179135	skeletal_muscle
poly_c_hvs1	16194	14	6420	0	1	SRR27179135	skeletal_muscle
poly_c_hvs1	16195	16	6544	0	0	SRR27179135	skeletal_muscle
rnr2_control	2000	39	7735	0	1	SRR27179135	skeletal_muscle
rnr2_control	2001	27	6009	0	4	SRR27179135	skeletal_muscle
rnr2_control	2002	24	6119	0	0	SRR27179135	skeletal_muscle
rnr2_control	2003	20	3784	0	0	SRR27179135	skeletal_muscle
rnr2_control	2004	25	3573	0	0	SRR27179135	skeletal_muscle
rnr2_control	2005	27	4199	0	3	SRR27179135	skeletal_muscle
rnr2_control	2006	21	7034	0	1	SRR27179135	skeletal_muscle
rnr2_control	2007	21	7512	0	0	SRR27179135	skeletal_muscle
rnr2_control	2008	21	7588	0	6	SRR27179135	skeletal_muscle
rnr2_control	2009	21	7623	0	1	SRR27179135	skeletal_muscle
rnr2_control	2010	21	7677	0	0	SRR27179135	skeletal_muscle
rnr2_control	2011	21	7630	0	4	SRR27179135	skeletal_muscle
rnr2_control	2012	21	7630	0	0	SRR27179135	skeletal_muscle
rnr2_control	2013	21	7567	0	0	SRR27179135	skeletal_muscle
rnr2_control	2014	20	7643	0	1	SRR27179135	skeletal_muscle
rnr2_control	2015	19	7626	0	1	SRR27179135	skeletal_muscle
co1_control	6000	10	6946	0	0	SRR27179135	skeletal_muscle
co1_control	6001	10	6919	0	4	SRR27179135	skeletal_muscle
co1_control	6002	10	6836	0	0	SRR27179135	skeletal_muscle
co1_control	6003	10	6775	0	1	SRR27179135	skeletal_muscle
co1_control	6004	10	6749	0	0	SRR27179135	skeletal_muscle
co1_control	6005	7	6727	0	0	SRR27179135	skeletal_muscle
co1_control	6006	7	6284	0	0	SRR27179135	skeletal_muscle
co1_control	6007	8	6645	0	0	SRR27179135	skeletal_muscle
co1_control	6008	7	7142	0	0	SRR27179135	skeletal_muscle
co1_control	6009	6	6884	0	0	SRR27179135	skeletal_muscle
co1_control	6010	7	6536	0	1	SRR27179135	skeletal_muscle
co1_control	6011	13	6011	0	0	SRR27179135	skeletal_muscle
co1_control	6012	12	7463	0	0	SRR27179135	skeletal_muscle
co1_control	6013	12	7641	0	0	SRR27179135	skeletal_muscle
co1_control	6014	12	7694	0	0	SRR27179135	skeletal_muscle
co1_control	6015	12	7726	0	1	SRR27179135	skeletal_muscle
poly_c_hvs2	303	1939	1295	0	0	SRR27179193	skeletal_muscle
poly_c_hvs2	304	1966	1224	0	0	SRR27179193	skeletal_muscle
poly_c_hvs2	305	1976	1216	0	1	SRR27179193	skeletal_muscle
poly_c_hvs2	306	1981	1226	0	1	SRR27179193	skeletal_muscle
poly_c_hvs2	307	1978	1236	0	0	SRR27179193	skeletal_muscle
poly_c_hvs2	308	1970	1195	0	0	SRR27179193	skeletal_muscle
poly_c_hvs2	309	1972	1169	8	76	SRR27179193	skeletal_muscle
poly_c_hvs2	310	2033	981	12	6	SRR27179193	skeletal_muscle
poly_c_hvs2	311	2020	1028	0	87	SRR27179193	skeletal_muscle
poly_c_hvs2	312	2021	1065	5	567	SRR27179193	skeletal_muscle
poly_c_hvs2	313	2012	1115	3	43	SRR27179193	skeletal_muscle
poly_c_hvs2	314	2012	1155	1	1	SRR27179193	skeletal_muscle
poly_c_hvs2	315	2004	1142	4	0	SRR27179193	skeletal_muscle
poly_c_hvs1	16180	17	7061	0	1	SRR27179193	skeletal_muscle
poly_c_hvs1	16181	17	7007	0	0	SRR27179193	skeletal_muscle
poly_c_hvs1	16182	17	6881	0	1	SRR27179193	skeletal_muscle
poly_c_hvs1	16183	13	6775	0	1	SRR27179193	skeletal_muscle
poly_c_hvs1	16184	17	6976	0	2	SRR27179193	skeletal_muscle
poly_c_hvs1	16185	17	6683	0	1	SRR27179193	skeletal_muscle
poly_c_hvs1	16186	16	6630	0	2	SRR27179193	skeletal_muscle
poly_c_hvs1	16187	16	6671	0	4	SRR27179193	skeletal_muscle
poly_c_hvs1	16188	18	6328	0	0	SRR27179193	skeletal_muscle
poly_c_hvs1	16189	17	5960	0	13	SRR27179193	skeletal_muscle
poly_c_hvs1	16190	17	6076	0	1	SRR27179193	skeletal_muscle
poly_c_hvs1	16191	17	6263	0	1	SRR27179193	skeletal_muscle
poly_c_hvs1	16192	17	6431	0	0	SRR27179193	skeletal_muscle
poly_c_hvs1	16193	17	6691	0	0	SRR27179193	skeletal_muscle
poly_c_hvs1	16194	15	6444	0	0	SRR27179193	skeletal_muscle
poly_c_hvs1	16195	17	6581	0	4	SRR27179193	skeletal_muscle
rnr2_control	2000	25	7783	0	1	SRR27179193	skeletal_muscle
rnr2_control	2001	17	6109	0	0	SRR27179193	skeletal_muscle
rnr2_control	2002	13	5230	0	0	SRR27179193	skeletal_muscle
rnr2_control	2003	14	3692	0	0	SRR27179193	skeletal_muscle
rnr2_control	2004	14	2833	0	0	SRR27179193	skeletal_muscle
rnr2_control	2005	9	3041	0	0	SRR27179193	skeletal_muscle
rnr2_control	2006	7	4156	0	0	SRR27179193	skeletal_muscle
rnr2_control	2007	8	4740	0	2	SRR27179193	skeletal_muscle
rnr2_control	2008	10	6607	0	2	SRR27179193	skeletal_muscle
rnr2_control	2009	10	7469	0	0	SRR27179193	skeletal_muscle
rnr2_control	2010	11	7592	0	2	SRR27179193	skeletal_muscle
rnr2_control	2011	11	7626	0	4	SRR27179193	skeletal_muscle
rnr2_control	2012	11	7596	0	0	SRR27179193	skeletal_muscle
rnr2_control	2013	11	7564	0	0	SRR27179193	skeletal_muscle
rnr2_control	2014	11	7641	0	1	SRR27179193	skeletal_muscle
rnr2_control	2015	10	7613	0	10	SRR27179193	skeletal_muscle
co1_control	6000	14	6787	0	0	SRR27179193	skeletal_muscle
co1_control	6001	14	6707	0	0	SRR27179193	skeletal_muscle
co1_control	6002	12	6622	0	0	SRR27179193	skeletal_muscle
co1_control	6003	15	6683	0	1	SRR27179193	skeletal_muscle
co1_control	6004	15	6420	0	4	SRR27179193	skeletal_muscle
co1_control	6005	16	6421	0	4	SRR27179193	skeletal_muscle
co1_control	6006	15	5761	0	0	SRR27179193	skeletal_muscle
co1_control	6007	20	6423	0	2	SRR27179193	skeletal_muscle
co1_control	6008	19	6679	0	1	SRR27179193	skeletal_muscle
co1_control	6009	17	6332	0	0	SRR27179193	skeletal_muscle
co1_control	6010	17	4939	0	1	SRR27179193	skeletal_muscle
co1_control	6011	25	3980	0	1	SRR27179193	skeletal_muscle
co1_control	6012	25	6150	0	0	SRR27179193	skeletal_muscle
co1_control	6013	24	7535	0	4	SRR27179193	skeletal_muscle
co1_control	6014	23	7656	0	6	SRR27179193	skeletal_muscle
co1_control	6015	22	7602	0	5	SRR27179193	skeletal_muscle
poly_c_hvs2	303	1939	1474	0	1	SRR27179199	skeletal_muscle
poly_c_hvs2	304	1938	1544	0	2	SRR27179199	skeletal_muscle
poly_c_hvs2	305	1926	1552	0	1	SRR27179199	skeletal_muscle
poly_c_hvs2	306	1928	1582	1	2	SRR27179199	skeletal_muscle
poly_c_hvs2	307	1926	1548	0	1	SRR27179199	skeletal_muscle
poly_c_hvs2	308	1929	1531	0	0	SRR27179199	skeletal_muscle
poly_c_hvs2	309	1940	1475	5	125	SRR27179199	skeletal_muscle
poly_c_hvs2	310	2096	1062	344	102	SRR27179199	skeletal_muscle
poly_c_hvs2	311	2096	1050	10	527	SRR27179199	skeletal_muscle
poly_c_hvs2	312	2060	1227	2	31	SRR27179199	skeletal_muscle
poly_c_hvs2	313	2067	1302	0	3	SRR27179199	skeletal_muscle
poly_c_hvs2	314	2067	1345	0	0	SRR27179199	skeletal_muscle
poly_c_hvs2	315	2050	1325	0	2	SRR27179199	skeletal_muscle
poly_c_hvs1	16180	24	7122	0	0	SRR27179199	skeletal_muscle
poly_c_hvs1	16181	22	7085	0	2	SRR27179199	skeletal_muscle
poly_c_hvs1	16182	21	6928	0	1	SRR27179199	skeletal_muscle
poly_c_hvs1	16183	21	6852	0	0	SRR27179199	skeletal_muscle
poly_c_hvs1	16184	22	7022	0	3	SRR27179199	skeletal_muscle
poly_c_hvs1	16185	21	6808	0	0	SRR27179199	skeletal_muscle
poly_c_hvs1	16186	20	6788	0	3	SRR27179199	skeletal_muscle
poly_c_hvs1	16187	21	6778	0	5	SRR27179199	skeletal_muscle
poly_c_hvs1	16188	21	6270	0	2	SRR27179199	skeletal_muscle
poly_c_hvs1	16189	19	5912	1	15	SRR27179199	skeletal_muscle
poly_c_hvs1	16190	21	6027	0	2	SRR27179199	skeletal_muscle
poly_c_hvs1	16191	21	6169	0	1	SRR27179199	skeletal_muscle
poly_c_hvs1	16192	20	6343	0	5	SRR27179199	skeletal_muscle
poly_c_hvs1	16193	17	6674	0	4	SRR27179199	skeletal_muscle
poly_c_hvs1	16194	17	6429	0	2	SRR27179199	skeletal_muscle
poly_c_hvs1	16195	14	6501	0	0	SRR27179199	skeletal_muscle
rnr2_control	2000	26	7846	0	2	SRR27179199	skeletal_muscle
rnr2_control	2001	21	6444	0	3	SRR27179199	skeletal_muscle
rnr2_control	2002	11	6076	0	0	SRR27179199	skeletal_muscle
rnr2_control	2003	14	3633	0	0	SRR27179199	skeletal_muscle
rnr2_control	2004	10	3446	0	0	SRR27179199	skeletal_muscle
rnr2_control	2005	6	3790	0	0	SRR27179199	skeletal_muscle
rnr2_control	2006	6	5093	0	3	SRR27179199	skeletal_muscle
rnr2_control	2007	9	5941	0	0	SRR27179199	skeletal_muscle
rnr2_control	2008	9	7433	0	0	SRR27179199	skeletal_muscle
rnr2_control	2009	9	7603	0	5	SRR27179199	skeletal_muscle
rnr2_control	2010	9	7576	0	2	SRR27179199	skeletal_muscle
rnr2_control	2011	8	7619	0	0	SRR27179199	skeletal_muscle
rnr2_control	2012	10	7574	0	3	SRR27179199	skeletal_muscle
rnr2_control	2013	10	7525	0	0	SRR27179199	skeletal_muscle
rnr2_control	2014	10	7617	0	1	SRR27179199	skeletal_muscle
rnr2_control	2015	10	7606	0	0	SRR27179199	skeletal_muscle
co1_control	6000	10	6761	0	1	SRR27179199	skeletal_muscle
co1_control	6001	10	6675	0	2	SRR27179199	skeletal_muscle
co1_control	6002	10	6580	0	1	SRR27179199	skeletal_muscle
co1_control	6003	10	6657	0	0	SRR27179199	skeletal_muscle
co1_control	6004	10	6401	0	0	SRR27179199	skeletal_muscle
co1_control	6005	10	6415	0	1	SRR27179199	skeletal_muscle
co1_control	6006	10	5813	0	5	SRR27179199	skeletal_muscle
co1_control	6007	11	6416	0	2	SRR27179199	skeletal_muscle
co1_control	6008	12	6693	0	1	SRR27179199	skeletal_muscle
co1_control	6009	12	6329	0	0	SRR27179199	skeletal_muscle
co1_control	6010	10	5305	0	0	SRR27179199	skeletal_muscle
co1_control	6011	10	3638	0	0	SRR27179199	skeletal_muscle
co1_control	6012	9	6478	0	1	SRR27179199	skeletal_muscle
co1_control	6013	5	7298	0	2	SRR27179199	skeletal_muscle
co1_control	6014	5	7590	0	2	SRR27179199	skeletal_muscle
co1_control	6015	6	7587	0	1	SRR27179199	skeletal_muscle
poly_c_hvs2	303	1287	594	0	4	SRR27179111	skeletal_muscle
poly_c_hvs2	304	1266	608	1	0	SRR27179111	skeletal_muscle
poly_c_hvs2	305	1268	619	2	0	SRR27179111	skeletal_muscle
poly_c_hvs2	306	1264	628	1	0	SRR27179111	skeletal_muscle
poly_c_hvs2	307	1266	609	0	0	SRR27179111	skeletal_muscle
poly_c_hvs2	308	1262	581	0	0	SRR27179111	skeletal_muscle
poly_c_hvs2	309	1272	562	1	31	SRR27179111	skeletal_muscle
poly_c_hvs2	310	1409	340	33	55	SRR27179111	skeletal_muscle
poly_c_hvs2	311	1313	484	0	8	SRR27179111	skeletal_muscle
poly_c_hvs2	312	1308	569	0	1	SRR27179111	skeletal_muscle
poly_c_hvs2	313	1304	608	0	0	SRR27179111	skeletal_muscle
poly_c_hvs2	314	1308	623	0	0	SRR27179111	skeletal_muscle
poly_c_hvs2	315	1293	641	0	0	SRR27179111	skeletal_muscle
poly_c_hvs1	16180	16	7382	0	3	SRR27179111	skeletal_muscle
poly_c_hvs1	16181	15	7332	0	0	SRR27179111	skeletal_muscle
poly_c_hvs1	16182	15	7155	0	3	SRR27179111	skeletal_muscle
poly_c_hvs1	16183	14	7058	0	0	SRR27179111	skeletal_muscle
poly_c_hvs1	16184	16	7342	0	1	SRR27179111	skeletal_muscle
poly_c_hvs1	16185	15	7176	0	6	SRR27179111	skeletal_muscle
poly_c_hvs1	16186	15	7113	0	3	SRR27179111	skeletal_muscle
poly_c_hvs1	16187	15	7043	0	11	SRR27179111	skeletal_muscle
poly_c_hvs1	16188	15	6619	0	4	SRR27179111	skeletal_muscle
poly_c_hvs1	16189	13	6162	0	9	SRR27179111	skeletal_muscle
poly_c_hvs1	16190	13	6223	0	0	SRR27179111	skeletal_muscle
poly_c_hvs1	16191	13	6240	0	2	SRR27179111	skeletal_muscle
poly_c_hvs1	16192	13	6249	0	14	SRR27179111	skeletal_muscle
poly_c_hvs1	16193	13	6584	0	0	SRR27179111	skeletal_muscle
poly_c_hvs1	16194	13	6360	0	2	SRR27179111	skeletal_muscle
poly_c_hvs1	16195	13	6424	0	1	SRR27179111	skeletal_muscle
rnr2_control	2000	10	7839	0	0	SRR27179111	skeletal_muscle
rnr2_control	2001	7	6849	0	2	SRR27179111	skeletal_muscle
rnr2_control	2002	7	6479	0	0	SRR27179111	skeletal_muscle
rnr2_control	2003	6	3948	0	0	SRR27179111	skeletal_muscle
rnr2_control	2004	12	3272	0	0	SRR27179111	skeletal_muscle
rnr2_control	2005	10	3418	0	0	SRR27179111	skeletal_muscle
rnr2_control	2006	11	4995	0	0	SRR27179111	skeletal_muscle
rnr2_control	2007	13	5672	0	5	SRR27179111	skeletal_muscle
rnr2_control	2008	13	7602	0	1	SRR27179111	skeletal_muscle
rnr2_control	2009	13	7777	0	1	SRR27179111	skeletal_muscle
rnr2_control	2010	12	7681	0	5	SRR27179111	skeletal_muscle
rnr2_control	2011	13	7785	0	3	SRR27179111	skeletal_muscle
rnr2_control	2012	12	7692	0	0	SRR27179111	skeletal_muscle
rnr2_control	2013	12	7679	1	0	SRR27179111	skeletal_muscle
rnr2_control	2014	13	7748	0	0	SRR27179111	skeletal_muscle
rnr2_control	2015	12	7788	0	4	SRR27179111	skeletal_muscle
co1_control	6000	5	6136	0	0	SRR27179111	skeletal_muscle
co1_control	6001	5	6028	0	2	SRR27179111	skeletal_muscle
co1_control	6002	5	5870	0	0	SRR27179111	skeletal_muscle
co1_control	6003	5	5958	0	1	SRR27179111	skeletal_muscle
co1_control	6004	5	5870	0	0	SRR27179111	skeletal_muscle
co1_control	6005	5	5720	0	1	SRR27179111	skeletal_muscle
co1_control	6006	5	5716	0	0	SRR27179111	skeletal_muscle
co1_control	6007	5	6040	0	0	SRR27179111	skeletal_muscle
co1_control	6008	5	6227	0	3	SRR27179111	skeletal_muscle
co1_control	6009	5	5967	0	2	SRR27179111	skeletal_muscle
co1_control	6010	4	4386	0	0	SRR27179111	skeletal_muscle
co1_control	6011	10	3424	0	0	SRR27179111	skeletal_muscle
co1_control	6012	7	6762	0	1	SRR27179111	skeletal_muscle
co1_control	6013	7	7598	0	0	SRR27179111	skeletal_muscle
co1_control	6014	7	7716	0	3	SRR27179111	skeletal_muscle
co1_control	6015	7	7660	0	12	SRR27179111	skeletal_muscle
poly_c_hvs2	303	1902	1202	0	1	SRR27179075	skeletal_muscle
poly_c_hvs2	304	1937	1141	1	1	SRR27179075	skeletal_muscle
poly_c_hvs2	305	1928	1130	0	1	SRR27179075	skeletal_muscle
poly_c_hvs2	306	1927	1164	0	0	SRR27179075	skeletal_muscle
poly_c_hvs2	307	1926	1148	0	1	SRR27179075	skeletal_muscle
poly_c_hvs2	308	1933	1128	0	0	SRR27179075	skeletal_muscle
poly_c_hvs2	309	1935	1079	6	92	SRR27179075	skeletal_muscle
poly_c_hvs2	310	1985	833	76	26	SRR27179075	skeletal_muscle
poly_c_hvs2	311	1978	886	7	278	SRR27179075	skeletal_muscle
poly_c_hvs2	312	1966	1021	4	235	SRR27179075	skeletal_muscle
poly_c_hvs2	313	1974	1117	1	12	SRR27179075	skeletal_muscle
poly_c_hvs2	314	1975	1177	0	1	SRR27179075	skeletal_muscle
poly_c_hvs2	315	1963	1169	0	0	SRR27179075	skeletal_muscle
poly_c_hvs1	16180	29	6883	0	1	SRR27179075	skeletal_muscle
poly_c_hvs1	16181	26	6846	0	0	SRR27179075	skeletal_muscle
poly_c_hvs1	16182	27	6649	0	1	SRR27179075	skeletal_muscle
poly_c_hvs1	16183	24	6530	0	1	SRR27179075	skeletal_muscle
poly_c_hvs1	16184	25	6920	0	5	SRR27179075	skeletal_muscle
poly_c_hvs1	16185	26	6762	0	1	SRR27179075	skeletal_muscle
poly_c_hvs1	16186	25	6726	0	1	SRR27179075	skeletal_muscle
poly_c_hvs1	16187	25	6661	0	2	SRR27179075	skeletal_muscle
poly_c_hvs1	16188	24	6312	0	4	SRR27179075	skeletal_muscle
poly_c_hvs1	16189	24	5972	0	7	SRR27179075	skeletal_muscle
poly_c_hvs1	16190	23	6106	0	2	SRR27179075	skeletal_muscle
poly_c_hvs1	16191	25	6168	0	7	SRR27179075	skeletal_muscle
poly_c_hvs1	16192	24	6297	2	10	SRR27179075	skeletal_muscle
poly_c_hvs1	16193	23	6496	0	0	SRR27179075	skeletal_muscle
poly_c_hvs1	16194	23	6229	0	3	SRR27179075	skeletal_muscle
poly_c_hvs1	16195	24	6396	0	0	SRR27179075	skeletal_muscle
rnr2_control	2000	31	7777	0	2	SRR27179075	skeletal_muscle
rnr2_control	2001	23	6106	0	1	SRR27179075	skeletal_muscle
rnr2_control	2002	19	5956	0	0	SRR27179075	skeletal_muscle
rnr2_control	2003	18	3427	0	0	SRR27179075	skeletal_muscle
rnr2_control	2004	18	3659	0	0	SRR27179075	skeletal_muscle
rnr2_control	2005	20	4396	0	1	SRR27179075	skeletal_muscle
rnr2_control	2006	21	7193	0	0	SRR27179075	skeletal_muscle
rnr2_control	2007	21	7539	0	0	SRR27179075	skeletal_muscle
rnr2_control	2008	21	7561	0	2	SRR27179075	skeletal_muscle
rnr2_control	2009	21	7611	0	0	SRR27179075	skeletal_muscle
rnr2_control	2010	20	7596	0	3	SRR27179075	skeletal_muscle
rnr2_control	2011	20	7599	0	0	SRR27179075	skeletal_muscle
rnr2_control	2012	20	7610	0	1	SRR27179075	skeletal_muscle
rnr2_control	2013	20	7532	0	1	SRR27179075	skeletal_muscle
rnr2_control	2014	20	7574	0	0	SRR27179075	skeletal_muscle
rnr2_control	2015	20	7573	0	2	SRR27179075	skeletal_muscle
co1_control	6000	12	6368	0	1	SRR27179075	skeletal_muscle
co1_control	6001	12	6269	0	1	SRR27179075	skeletal_muscle
co1_control	6002	12	6181	0	2	SRR27179075	skeletal_muscle
co1_control	6003	11	6263	0	2	SRR27179075	skeletal_muscle
co1_control	6004	12	6047	0	3	SRR27179075	skeletal_muscle
co1_control	6005	12	6048	0	0	SRR27179075	skeletal_muscle
co1_control	6006	11	5902	0	1	SRR27179075	skeletal_muscle
co1_control	6007	12	6057	0	0	SRR27179075	skeletal_muscle
co1_control	6008	10	6332	0	1	SRR27179075	skeletal_muscle
co1_control	6009	9	6004	0	2	SRR27179075	skeletal_muscle
co1_control	6010	10	5565	0	0	SRR27179075	skeletal_muscle
co1_control	6011	12	2930	0	0	SRR27179075	skeletal_muscle
co1_control	6012	12	6352	0	0	SRR27179075	skeletal_muscle
co1_control	6013	11	7348	0	0	SRR27179075	skeletal_muscle
co1_control	6014	9	7643	0	2	SRR27179075	skeletal_muscle
co1_control	6015	8	7661	0	1	SRR27179075	skeletal_muscle
poly_c_hvs2	303	1213	680	0	5	SRR27179220	skeletal_muscle
poly_c_hvs2	304	1220	664	0	2	SRR27179220	skeletal_muscle
poly_c_hvs2	305	1219	654	0	0	SRR27179220	skeletal_muscle
poly_c_hvs2	306	1209	657	0	4	SRR27179220	skeletal_muscle
poly_c_hvs2	307	1219	648	1	1	SRR27179220	skeletal_muscle
poly_c_hvs2	308	1208	594	0	1	SRR27179220	skeletal_muscle
poly_c_hvs2	309	1223	565	0	48	SRR27179220	skeletal_muscle
poly_c_hvs2	310	1249	435	18	80	SRR27179220	skeletal_muscle
poly_c_hvs2	311	1231	484	0	6	SRR27179220	skeletal_muscle
poly_c_hvs2	312	1229	587	0	1	SRR27179220	skeletal_muscle
poly_c_hvs2	313	1223	652	0	0	SRR27179220	skeletal_muscle
poly_c_hvs2	314	1223	650	0	2	SRR27179220	skeletal_muscle
poly_c_hvs2	315	1218	648	0	1	SRR27179220	skeletal_muscle
poly_c_hvs1	16180	25	6609	0	2	SRR27179220	skeletal_muscle
poly_c_hvs1	16181	25	6564	0	2	SRR27179220	skeletal_muscle
poly_c_hvs1	16182	23	6429	0	1	SRR27179220	skeletal_muscle
poly_c_hvs1	16183	24	6369	0	2	SRR27179220	skeletal_muscle
poly_c_hvs1	16184	25	6648	0	3	SRR27179220	skeletal_muscle
poly_c_hvs1	16185	23	6495	0	3	SRR27179220	skeletal_muscle
poly_c_hvs1	16186	23	6460	0	1	SRR27179220	skeletal_muscle
poly_c_hvs1	16187	24	6414	0	5	SRR27179220	skeletal_muscle
poly_c_hvs1	16188	25	6058	0	4	SRR27179220	skeletal_muscle
poly_c_hvs1	16189	23	5797	0	6	SRR27179220	skeletal_muscle
poly_c_hvs1	16190	24	5882	0	3	SRR27179220	skeletal_muscle
poly_c_hvs1	16191	26	5940	0	1	SRR27179220	skeletal_muscle
poly_c_hvs1	16192	27	5980	0	8	SRR27179220	skeletal_muscle
poly_c_hvs1	16193	26	6155	0	3	SRR27179220	skeletal_muscle
poly_c_hvs1	16194	25	5949	0	0	SRR27179220	skeletal_muscle
poly_c_hvs1	16195	25	6055	0	1	SRR27179220	skeletal_muscle
rnr2_control	2000	27	7766	0	0	SRR27179220	skeletal_muscle
rnr2_control	2001	19	6177	0	5	SRR27179220	skeletal_muscle
rnr2_control	2002	13	6463	0	0	SRR27179220	skeletal_muscle
rnr2_control	2003	11	3622	0	0	SRR27179220	skeletal_muscle
rnr2_control	2004	16	3549	0	1	SRR27179220	skeletal_muscle
rnr2_control	2005	13	4109	0	0	SRR27179220	skeletal_muscle
rnr2_control	2006	13	6664	0	0	SRR27179220	skeletal_muscle
rnr2_control	2007	13	7398	0	1	SRR27179220	skeletal_muscle
rnr2_control	2008	15	7582	0	0	SRR27179220	skeletal_muscle
rnr2_control	2009	15	7610	0	1	SRR27179220	skeletal_muscle
rnr2_control	2010	15	7640	0	0	SRR27179220	skeletal_muscle
rnr2_control	2011	15	7632	0	3	SRR27179220	skeletal_muscle
rnr2_control	2012	15	7627	0	0	SRR27179220	skeletal_muscle
rnr2_control	2013	15	7573	0	1	SRR27179220	skeletal_muscle
rnr2_control	2014	15	7631	0	3	SRR27179220	skeletal_muscle
rnr2_control	2015	15	7604	0	6	SRR27179220	skeletal_muscle
co1_control	6000	11	6977	0	1	SRR27179220	skeletal_muscle
co1_control	6001	11	6830	0	0	SRR27179220	skeletal_muscle
co1_control	6002	11	6802	0	0	SRR27179220	skeletal_muscle
co1_control	6003	11	6807	0	0	SRR27179220	skeletal_muscle
co1_control	6004	11	6766	0	0	SRR27179220	skeletal_muscle
co1_control	6005	10	6637	0	1	SRR27179220	skeletal_muscle
co1_control	6006	10	6338	0	1	SRR27179220	skeletal_muscle
co1_control	6007	9	6585	0	0	SRR27179220	skeletal_muscle
co1_control	6008	11	7062	0	1	SRR27179220	skeletal_muscle
co1_control	6009	11	6748	0	0	SRR27179220	skeletal_muscle
co1_control	6010	11	6432	0	1	SRR27179220	skeletal_muscle
co1_control	6011	12	5612	0	0	SRR27179220	skeletal_muscle
co1_control	6012	11	7533	0	0	SRR27179220	skeletal_muscle
co1_control	6013	8	7636	0	1	SRR27179220	skeletal_muscle
co1_control	6014	8	7729	0	2	SRR27179220	skeletal_muscle
co1_control	6015	8	7717	0	2	SRR27179220	skeletal_muscle
poly_c_hvs2	303	1232	903	0	0	SRR27179144	skeletal_muscle
poly_c_hvs2	304	1227	898	0	1	SRR27179144	skeletal_muscle
poly_c_hvs2	305	1235	906	0	1	SRR27179144	skeletal_muscle
poly_c_hvs2	306	1225	915	0	0	SRR27179144	skeletal_muscle
poly_c_hvs2	307	1223	890	0	1	SRR27179144	skeletal_muscle
poly_c_hvs2	308	1216	880	0	0	SRR27179144	skeletal_muscle
poly_c_hvs2	309	1216	828	3	32	SRR27179144	skeletal_muscle
poly_c_hvs2	310	1310	599	41	8	SRR27179144	skeletal_muscle
poly_c_hvs2	311	1329	589	3	374	SRR27179144	skeletal_muscle
poly_c_hvs2	312	1311	670	1	19	SRR27179144	skeletal_muscle
poly_c_hvs2	313	1298	715	0	1	SRR27179144	skeletal_muscle
poly_c_hvs2	314	1301	741	0	1	SRR27179144	skeletal_muscle
poly_c_hvs2	315	1303	723	0	0	SRR27179144	skeletal_muscle
poly_c_hvs1	16180	18	6926	0	0	SRR27179144	skeletal_muscle
poly_c_hvs1	16181	17	6899	0	0	SRR27179144	skeletal_muscle
poly_c_hvs1	16182	18	6798	0	2	SRR27179144	skeletal_muscle
poly_c_hvs1	16183	18	6684	0	4	SRR27179144	skeletal_muscle
poly_c_hvs1	16184	18	6945	0	2	SRR27179144	skeletal_muscle
poly_c_hvs1	16185	17	6716	0	2	SRR27179144	skeletal_muscle
poly_c_hvs1	16186	16	6687	0	4	SRR27179144	skeletal_muscle
poly_c_hvs1	16187	17	6575	0	4	SRR27179144	skeletal_muscle
poly_c_hvs1	16188	16	6227	0	9	SRR27179144	skeletal_muscle
poly_c_hvs1	16189	15	5954	0	10	SRR27179144	skeletal_muscle
poly_c_hvs1	16190	17	6027	0	1	SRR27179144	skeletal_muscle
poly_c_hvs1	16191	16	6007	0	1	SRR27179144	skeletal_muscle
poly_c_hvs1	16192	18	6057	0	4	SRR27179144	skeletal_muscle
poly_c_hvs1	16193	16	6296	0	1	SRR27179144	skeletal_muscle
poly_c_hvs1	16194	15	6143	0	0	SRR27179144	skeletal_muscle
poly_c_hvs1	16195	16	6185	0	4	SRR27179144	skeletal_muscle
rnr2_control	2000	24	7808	0	1	SRR27179144	skeletal_muscle
rnr2_control	2001	16	6486	0	2	SRR27179144	skeletal_muscle
rnr2_control	2002	15	6382	0	0	SRR27179144	skeletal_muscle
rnr2_control	2003	15	4242	0	0	SRR27179144	skeletal_muscle
rnr2_control	2004	11	3215	0	1	SRR27179144	skeletal_muscle
rnr2_control	2005	8	3365	0	0	SRR27179144	skeletal_muscle
rnr2_control	2006	5	4721	0	0	SRR27179144	skeletal_muscle
rnr2_control	2007	3	5335	0	2	SRR27179144	skeletal_muscle
rnr2_control	2008	6	7423	0	2	SRR27179144	skeletal_muscle
rnr2_control	2009	7	7650	0	1	SRR27179144	skeletal_muscle
rnr2_control	2010	6	7625	0	2	SRR27179144	skeletal_muscle
rnr2_control	2011	7	7658	0	3	SRR27179144	skeletal_muscle
rnr2_control	2012	7	7614	0	5	SRR27179144	skeletal_muscle
rnr2_control	2013	6	7615	0	0	SRR27179144	skeletal_muscle
rnr2_control	2014	7	7629	0	0	SRR27179144	skeletal_muscle
rnr2_control	2015	7	7640	0	3	SRR27179144	skeletal_muscle
co1_control	6000	9	6622	0	0	SRR27179144	skeletal_muscle
co1_control	6001	9	6539	0	2	SRR27179144	skeletal_muscle
co1_control	6002	9	6447	0	0	SRR27179144	skeletal_muscle
co1_control	6003	10	6494	0	2	SRR27179144	skeletal_muscle
co1_control	6004	10	6251	0	1	SRR27179144	skeletal_muscle
co1_control	6005	10	6254	0	1	SRR27179144	skeletal_muscle
co1_control	6006	10	5742	0	3	SRR27179144	skeletal_muscle
co1_control	6007	10	6262	0	0	SRR27179144	skeletal_muscle
co1_control	6008	9	6530	0	0	SRR27179144	skeletal_muscle
co1_control	6009	9	6245	0	2	SRR27179144	skeletal_muscle
co1_control	6010	9	5636	0	0	SRR27179144	skeletal_muscle
co1_control	6011	8	4295	0	0	SRR27179144	skeletal_muscle
co1_control	6012	8	5113	0	2	SRR27179144	skeletal_muscle
co1_control	6013	9	5675	0	0	SRR27179144	skeletal_muscle
co1_control	6014	7	6113	0	0	SRR27179144	skeletal_muscle
co1_control	6015	13	6981	0	1	SRR27179144	skeletal_muscle
poly_c_hvs2	303	2114	1052	1	5	SRR27179168	skeletal_muscle
poly_c_hvs2	304	2069	1098	0	1	SRR27179168	skeletal_muscle
poly_c_hvs2	305	2070	1139	0	0	SRR27179168	skeletal_muscle
poly_c_hvs2	306	2062	1146	2	1	SRR27179168	skeletal_muscle
poly_c_hvs2	307	2085	1126	1	0	SRR27179168	skeletal_muscle
poly_c_hvs2	308	2065	1059	0	0	SRR27179168	skeletal_muscle
poly_c_hvs2	309	2087	1026	1	54	SRR27179168	skeletal_muscle
poly_c_hvs2	310	2303	623	40	92	SRR27179168	skeletal_muscle
poly_c_hvs2	311	2154	871	0	8	SRR27179168	skeletal_muscle
poly_c_hvs2	312	2139	1012	1	1	SRR27179168	skeletal_muscle
poly_c_hvs2	313	2137	1118	1	0	SRR27179168	skeletal_muscle
poly_c_hvs2	314	2136	1124	0	0	SRR27179168	skeletal_muscle
poly_c_hvs2	315	2124	1127	0	1	SRR27179168	skeletal_muscle
poly_c_hvs1	16180	29	6999	0	0	SRR27179168	skeletal_muscle
poly_c_hvs1	16181	28	6930	0	2	SRR27179168	skeletal_muscle
poly_c_hvs1	16182	29	6772	0	0	SRR27179168	skeletal_muscle
poly_c_hvs1	16183	29	6736	1	2	SRR27179168	skeletal_muscle
poly_c_hvs1	16184	29	6948	0	1	SRR27179168	skeletal_muscle
poly_c_hvs1	16185	27	6741	0	2	SRR27179168	skeletal_muscle
poly_c_hvs1	16186	27	6771	0	2	SRR27179168	skeletal_muscle
poly_c_hvs1	16187	27	6803	0	3	SRR27179168	skeletal_muscle
poly_c_hvs1	16188	26	6441	0	2	SRR27179168	skeletal_muscle
poly_c_hvs1	16189	23	6212	1	6	SRR27179168	skeletal_muscle
poly_c_hvs1	16190	23	6268	0	3	SRR27179168	skeletal_muscle
poly_c_hvs1	16191	23	6326	0	3	SRR27179168	skeletal_muscle
poly_c_hvs1	16192	22	6431	0	4	SRR27179168	skeletal_muscle
poly_c_hvs1	16193	22	6600	0	4	SRR27179168	skeletal_muscle
poly_c_hvs1	16194	22	6433	0	1	SRR27179168	skeletal_muscle
poly_c_hvs1	16195	19	6475	0	1	SRR27179168	skeletal_muscle
rnr2_control	2000	37	7788	0	4	SRR27179168	skeletal_muscle
rnr2_control	2001	29	6215	0	4	SRR27179168	skeletal_muscle
rnr2_control	2002	27	6423	0	0	SRR27179168	skeletal_muscle
rnr2_control	2003	23	3825	0	0	SRR27179168	skeletal_muscle
rnr2_control	2004	25	3647	0	2	SRR27179168	skeletal_muscle
rnr2_control	2005	22	4261	0	0	SRR27179168	skeletal_muscle
rnr2_control	2006	21	7325	0	0	SRR27179168	skeletal_muscle
rnr2_control	2007	21	7557	0	0	SRR27179168	skeletal_muscle
rnr2_control	2008	22	7506	0	3	SRR27179168	skeletal_muscle
rnr2_control	2009	22	7541	0	4	SRR27179168	skeletal_muscle
rnr2_control	2010	21	7597	0	1	SRR27179168	skeletal_muscle
rnr2_control	2011	22	7569	0	3	SRR27179168	skeletal_muscle
rnr2_control	2012	21	7574	0	0	SRR27179168	skeletal_muscle
rnr2_control	2013	21	7463	0	2	SRR27179168	skeletal_muscle
rnr2_control	2014	22	7581	0	0	SRR27179168	skeletal_muscle
rnr2_control	2015	22	7532	0	7	SRR27179168	skeletal_muscle
co1_control	6000	13	7286	0	0	SRR27179168	skeletal_muscle
co1_control	6001	13	7269	0	0	SRR27179168	skeletal_muscle
co1_control	6002	12	7217	0	0	SRR27179168	skeletal_muscle
co1_control	6003	12	7170	0	2	SRR27179168	skeletal_muscle
co1_control	6004	12	7142	0	2	SRR27179168	skeletal_muscle
co1_control	6005	12	6984	0	0	SRR27179168	skeletal_muscle
co1_control	6006	15	6836	0	2	SRR27179168	skeletal_muscle
co1_control	6007	16	7074	0	1	SRR27179168	skeletal_muscle
co1_control	6008	17	7513	0	0	SRR27179168	skeletal_muscle
co1_control	6009	16	7295	0	0	SRR27179168	skeletal_muscle
co1_control	6010	16	7365	0	0	SRR27179168	skeletal_muscle
co1_control	6011	16	7048	0	0	SRR27179168	skeletal_muscle
co1_control	6012	16	7789	0	1	SRR27179168	skeletal_muscle
co1_control	6013	15	7801	0	0	SRR27179168	skeletal_muscle
co1_control	6014	14	7807	0	0	SRR27179168	skeletal_muscle
co1_control	6015	14	7816	0	2	SRR27179168	skeletal_muscle
poly_c_hvs2	303	1513	1228	0	0	SRR27179146	skeletal_muscle
poly_c_hvs2	304	1520	1321	0	0	SRR27179146	skeletal_muscle
poly_c_hvs2	305	1525	1344	0	0	SRR27179146	skeletal_muscle
poly_c_hvs2	306	1514	1358	0	0	SRR27179146	skeletal_muscle
poly_c_hvs2	307	1513	1319	0	0	SRR27179146	skeletal_muscle
poly_c_hvs2	308	1522	1280	0	1	SRR27179146	skeletal_muscle
poly_c_hvs2	309	1521	1217	10	159	SRR27179146	skeletal_muscle
poly_c_hvs2	310	1644	838	307	85	SRR27179146	skeletal_muscle
poly_c_hvs2	311	1632	873	3	375	SRR27179146	skeletal_muscle
poly_c_hvs2	312	1613	1021	0	14	SRR27179146	skeletal_muscle
poly_c_hvs2	313	1617	1090	1	0	SRR27179146	skeletal_muscle
poly_c_hvs2	314	1614	1111	0	1	SRR27179146	skeletal_muscle
poly_c_hvs2	315	1618	1111	2	1	SRR27179146	skeletal_muscle
poly_c_hvs1	16180	19	7414	0	0	SRR27179146	skeletal_muscle
poly_c_hvs1	16181	20	7385	0	0	SRR27179146	skeletal_muscle
poly_c_hvs1	16182	20	7215	0	3	SRR27179146	skeletal_muscle
poly_c_hvs1	16183	18	7084	0	2	SRR27179146	skeletal_muscle
poly_c_hvs1	16184	20	7274	0	4	SRR27179146	skeletal_muscle
poly_c_hvs1	16185	20	6809	0	1	SRR27179146	skeletal_muscle
poly_c_hvs1	16186	20	6801	0	2	SRR27179146	skeletal_muscle
poly_c_hvs1	16187	18	6735	0	10	SRR27179146	skeletal_muscle
poly_c_hvs1	16188	14	6176	0	5	SRR27179146	skeletal_muscle
poly_c_hvs1	16189	14	5888	0	13	SRR27179146	skeletal_muscle
poly_c_hvs1	16190	16	5947	0	3	SRR27179146	skeletal_muscle
poly_c_hvs1	16191	16	6084	0	0	SRR27179146	skeletal_muscle
poly_c_hvs1	16192	15	6227	0	7	SRR27179146	skeletal_muscle
poly_c_hvs1	16193	15	6489	0	1	SRR27179146	skeletal_muscle
poly_c_hvs1	16194	13	6287	0	0	SRR27179146	skeletal_muscle
poly_c_hvs1	16195	13	6311	0	2	SRR27179146	skeletal_muscle
rnr2_control	2000	22	7817	0	2	SRR27179146	skeletal_muscle
rnr2_control	2001	12	5654	0	0	SRR27179146	skeletal_muscle
rnr2_control	2002	6	4836	0	0	SRR27179146	skeletal_muscle
rnr2_control	2003	7	2499	0	0	SRR27179146	skeletal_muscle
rnr2_control	2004	9	3804	0	0	SRR27179146	skeletal_muscle
rnr2_control	2005	8	4529	0	0	SRR27179146	skeletal_muscle
rnr2_control	2006	10	6349	0	0	SRR27179146	skeletal_muscle
rnr2_control	2007	12	7249	0	0	SRR27179146	skeletal_muscle
rnr2_control	2008	16	7588	0	3	SRR27179146	skeletal_muscle
rnr2_control	2009	16	7622	0	2	SRR27179146	skeletal_muscle
rnr2_control	2010	15	7663	0	1	SRR27179146	skeletal_muscle
rnr2_control	2011	16	7673	0	0	SRR27179146	skeletal_muscle
rnr2_control	2012	16	7634	0	0	SRR27179146	skeletal_muscle
rnr2_control	2013	15	7597	0	1	SRR27179146	skeletal_muscle
rnr2_control	2014	16	7647	0	1	SRR27179146	skeletal_muscle
rnr2_control	2015	15	7594	0	2	SRR27179146	skeletal_muscle
co1_control	6000	16	6941	0	3	SRR27179146	skeletal_muscle
co1_control	6001	16	6833	0	1	SRR27179146	skeletal_muscle
co1_control	6002	16	6720	0	2	SRR27179146	skeletal_muscle
co1_control	6003	16	6791	0	1	SRR27179146	skeletal_muscle
co1_control	6004	15	6634	0	0	SRR27179146	skeletal_muscle
co1_control	6005	11	6624	0	0	SRR27179146	skeletal_muscle
co1_control	6006	12	5602	0	2	SRR27179146	skeletal_muscle
co1_control	6007	13	6504	0	2	SRR27179146	skeletal_muscle
co1_control	6008	14	6880	0	0	SRR27179146	skeletal_muscle
co1_control	6009	15	6443	0	0	SRR27179146	skeletal_muscle
co1_control	6010	17	4902	0	0	SRR27179146	skeletal_muscle
co1_control	6011	19	4495	0	1	SRR27179146	skeletal_muscle
co1_control	6012	17	6993	0	0	SRR27179146	skeletal_muscle
co1_control	6013	15	7576	0	0	SRR27179146	skeletal_muscle
co1_control	6014	15	7739	0	5	SRR27179146	skeletal_muscle
co1_control	6015	15	7666	0	3	SRR27179146	skeletal_muscle
poly_c_hvs2	303	1359	1163	0	5	SRR27179251	skeletal_muscle
poly_c_hvs2	304	1378	1120	0	1	SRR27179251	skeletal_muscle
poly_c_hvs2	305	1371	1124	0	0	SRR27179251	skeletal_muscle
poly_c_hvs2	306	1386	1105	0	0	SRR27179251	skeletal_muscle
poly_c_hvs2	307	1392	1114	0	0	SRR27179251	skeletal_muscle
poly_c_hvs2	308	1380	1060	1	1	SRR27179251	skeletal_muscle
poly_c_hvs2	309	1378	1017	2	70	SRR27179251	skeletal_muscle
poly_c_hvs2	310	1450	818	18	4	SRR27179251	skeletal_muscle
poly_c_hvs2	311	1446	847	0	95	SRR27179251	skeletal_muscle
poly_c_hvs2	312	1437	930	4	453	SRR27179251	skeletal_muscle
poly_c_hvs2	313	1433	998	0	27	SRR27179251	skeletal_muscle
poly_c_hvs2	314	1434	1012	0	1	SRR27179251	skeletal_muscle
poly_c_hvs2	315	1430	1023	0	4	SRR27179251	skeletal_muscle
poly_c_hvs1	16180	17	6963	0	0	SRR27179251	skeletal_muscle
poly_c_hvs1	16181	16	6912	0	1	SRR27179251	skeletal_muscle
poly_c_hvs1	16182	16	6776	0	0	SRR27179251	skeletal_muscle
poly_c_hvs1	16183	16	6686	0	2	SRR27179251	skeletal_muscle
poly_c_hvs1	16184	16	6889	0	3	SRR27179251	skeletal_muscle
poly_c_hvs1	16185	15	6633	0	2	SRR27179251	skeletal_muscle
poly_c_hvs1	16186	15	6570	0	0	SRR27179251	skeletal_muscle
poly_c_hvs1	16187	15	6561	0	2	SRR27179251	skeletal_muscle
poly_c_hvs1	16188	14	6131	0	3	SRR27179251	skeletal_muscle
poly_c_hvs1	16189	14	5797	0	14	SRR27179251	skeletal_muscle
poly_c_hvs1	16190	13	5875	0	2	SRR27179251	skeletal_muscle
poly_c_hvs1	16191	14	6055	0	1	SRR27179251	skeletal_muscle
poly_c_hvs1	16192	15	6274	0	7	SRR27179251	skeletal_muscle
poly_c_hvs1	16193	16	6549	0	3	SRR27179251	skeletal_muscle
poly_c_hvs1	16194	15	6319	0	0	SRR27179251	skeletal_muscle
poly_c_hvs1	16195	15	6405	0	1	SRR27179251	skeletal_muscle
rnr2_control	2000	31	7798	0	4	SRR27179251	skeletal_muscle
rnr2_control	2001	29	6321	0	1	SRR27179251	skeletal_muscle
rnr2_control	2002	10	5504	0	0	SRR27179251	skeletal_muscle
rnr2_control	2003	9	3063	0	0	SRR27179251	skeletal_muscle
rnr2_control	2004	9	3310	0	0	SRR27179251	skeletal_muscle
rnr2_control	2005	9	4029	0	2	SRR27179251	skeletal_muscle
rnr2_control	2006	10	5430	0	1	SRR27179251	skeletal_muscle
rnr2_control	2007	15	6233	0	0	SRR27179251	skeletal_muscle
rnr2_control	2008	18	7322	0	1	SRR27179251	skeletal_muscle
rnr2_control	2009	16	7477	0	1	SRR27179251	skeletal_muscle
rnr2_control	2010	18	7496	0	3	SRR27179251	skeletal_muscle
rnr2_control	2011	16	7504	0	2	SRR27179251	skeletal_muscle
rnr2_control	2012	18	7510	0	3	SRR27179251	skeletal_muscle
rnr2_control	2013	18	7444	0	0	SRR27179251	skeletal_muscle
rnr2_control	2014	18	7521	0	1	SRR27179251	skeletal_muscle
rnr2_control	2015	18	7506	0	3	SRR27179251	skeletal_muscle
co1_control	6000	15	6761	0	1	SRR27179251	skeletal_muscle
co1_control	6001	14	6689	0	1	SRR27179251	skeletal_muscle
co1_control	6002	15	6588	0	1	SRR27179251	skeletal_muscle
co1_control	6003	15	6633	0	1	SRR27179251	skeletal_muscle
co1_control	6004	14	6429	0	4	SRR27179251	skeletal_muscle
co1_control	6005	15	6427	0	1	SRR27179251	skeletal_muscle
co1_control	6006	14	5848	0	4	SRR27179251	skeletal_muscle
co1_control	6007	15	6482	0	0	SRR27179251	skeletal_muscle
co1_control	6008	14	6712	0	0	SRR27179251	skeletal_muscle
co1_control	6009	13	6398	0	3	SRR27179251	skeletal_muscle
co1_control	6010	13	4952	1	0	SRR27179251	skeletal_muscle
co1_control	6011	13	3837	0	0	SRR27179251	skeletal_muscle
co1_control	6012	7	6524	0	0	SRR27179251	skeletal_muscle
co1_control	6013	6	7427	0	0	SRR27179251	skeletal_muscle
co1_control	6014	6	7648	0	3	SRR27179251	skeletal_muscle
co1_control	6015	6	7609	0	1	SRR27179251	skeletal_muscle
poly_c_hvs2	303	2033	1052	4	16	SRR27179084	skeletal_muscle
poly_c_hvs2	304	1988	1056	0	7	SRR27179084	skeletal_muscle
poly_c_hvs2	305	1992	1056	0	2	SRR27179084	skeletal_muscle
poly_c_hvs2	306	2008	1052	0	6	SRR27179084	skeletal_muscle
poly_c_hvs2	307	2002	976	1	1	SRR27179084	skeletal_muscle
poly_c_hvs2	308	1988	908	0	2	SRR27179084	skeletal_muscle
poly_c_hvs2	309	2008	833	2	57	SRR27179084	skeletal_muscle
poly_c_hvs2	310	2166	493	31	88	SRR27179084	skeletal_muscle
poly_c_hvs2	311	2065	690	1	7	SRR27179084	skeletal_muscle
poly_c_hvs2	312	2057	785	1	0	SRR27179084	skeletal_muscle
poly_c_hvs2	313	2052	842	0	1	SRR27179084	skeletal_muscle
poly_c_hvs2	314	2056	848	0	1	SRR27179084	skeletal_muscle
poly_c_hvs2	315	2046	836	0	1	SRR27179084	skeletal_muscle
poly_c_hvs1	16180	26	5833	0	1	SRR27179084	skeletal_muscle
poly_c_hvs1	16181	24	5733	0	0	SRR27179084	skeletal_muscle
poly_c_hvs1	16182	22	5604	0	3	SRR27179084	skeletal_muscle
poly_c_hvs1	16183	22	5494	0	6	SRR27179084	skeletal_muscle
poly_c_hvs1	16184	24	5988	0	2	SRR27179084	skeletal_muscle
poly_c_hvs1	16185	25	5913	0	0	SRR27179084	skeletal_muscle
poly_c_hvs1	16186	25	5933	0	4	SRR27179084	skeletal_muscle
poly_c_hvs1	16187	25	5926	0	3	SRR27179084	skeletal_muscle
poly_c_hvs1	16188	22	5728	0	1	SRR27179084	skeletal_muscle
poly_c_hvs1	16189	22	5476	2	10	SRR27179084	skeletal_muscle
poly_c_hvs1	16190	22	5578	0	4	SRR27179084	skeletal_muscle
poly_c_hvs1	16191	22	5584	0	0	SRR27179084	skeletal_muscle
poly_c_hvs1	16192	22	5603	0	1	SRR27179084	skeletal_muscle
poly_c_hvs1	16193	25	5705	0	3	SRR27179084	skeletal_muscle
poly_c_hvs1	16194	25	5380	0	3	SRR27179084	skeletal_muscle
poly_c_hvs1	16195	23	5560	0	1	SRR27179084	skeletal_muscle
rnr2_control	2000	33	7845	0	2	SRR27179084	skeletal_muscle
rnr2_control	2001	29	6438	0	0	SRR27179084	skeletal_muscle
rnr2_control	2002	20	5868	0	0	SRR27179084	skeletal_muscle
rnr2_control	2003	18	2727	0	0	SRR27179084	skeletal_muscle
rnr2_control	2004	12	3152	0	0	SRR27179084	skeletal_muscle
rnr2_control	2005	13	3849	0	2	SRR27179084	skeletal_muscle
rnr2_control	2006	13	6696	0	0	SRR27179084	skeletal_muscle
rnr2_control	2007	12	7375	0	2	SRR27179084	skeletal_muscle
rnr2_control	2008	15	7525	0	0	SRR27179084	skeletal_muscle
rnr2_control	2009	15	7569	0	6	SRR27179084	skeletal_muscle
rnr2_control	2010	15	7545	0	0	SRR27179084	skeletal_muscle
rnr2_control	2011	15	7561	0	4	SRR27179084	skeletal_muscle
rnr2_control	2012	15	7559	0	2	SRR27179084	skeletal_muscle
rnr2_control	2013	15	7402	0	1	SRR27179084	skeletal_muscle
rnr2_control	2014	15	7519	0	3	SRR27179084	skeletal_muscle
rnr2_control	2015	15	7533	0	3	SRR27179084	skeletal_muscle
co1_control	6000	8	6374	0	1	SRR27179084	skeletal_muscle
co1_control	6001	8	6277	0	0	SRR27179084	skeletal_muscle
co1_control	6002	7	6193	0	0	SRR27179084	skeletal_muscle
co1_control	6003	7	6230	0	0	SRR27179084	skeletal_muscle
co1_control	6004	6	6128	0	2	SRR27179084	skeletal_muscle
co1_control	6005	8	6028	0	0	SRR27179084	skeletal_muscle
co1_control	6006	8	5745	0	2	SRR27179084	skeletal_muscle
co1_control	6007	9	6131	0	4	SRR27179084	skeletal_muscle
co1_control	6008	8	6369	0	2	SRR27179084	skeletal_muscle
co1_control	6009	8	5993	0	1	SRR27179084	skeletal_muscle
co1_control	6010	10	5535	0	1	SRR27179084	skeletal_muscle
co1_control	6011	11	3555	0	0	SRR27179084	skeletal_muscle
co1_control	6012	13	5880	0	0	SRR27179084	skeletal_muscle
co1_control	6013	13	6656	0	0	SRR27179084	skeletal_muscle
co1_control	6014	14	7319	0	1	SRR27179084	skeletal_muscle
co1_control	6015	14	7576	0	6	SRR27179084	skeletal_muscle
poly_c_hvs2	303	2424	1444	2	5	SRR27179201	skeletal_muscle
poly_c_hvs2	304	2382	1543	0	1	SRR27179201	skeletal_muscle
poly_c_hvs2	305	2369	1599	2	2	SRR27179201	skeletal_muscle
poly_c_hvs2	306	2365	1616	0	0	SRR27179201	skeletal_muscle
poly_c_hvs2	307	2369	1597	0	0	SRR27179201	skeletal_muscle
poly_c_hvs2	308	2358	1552	0	0	SRR27179201	skeletal_muscle
poly_c_hvs2	309	2366	1513	0	136	SRR27179201	skeletal_muscle
poly_c_hvs2	310	2613	991	26	193	SRR27179201	skeletal_muscle
poly_c_hvs2	311	2437	1303	0	16	SRR27179201	skeletal_muscle
poly_c_hvs2	312	2433	1484	0	3	SRR27179201	skeletal_muscle
poly_c_hvs2	313	2439	1567	0	0	SRR27179201	skeletal_muscle
poly_c_hvs2	314	2437	1569	0	0	SRR27179201	skeletal_muscle
poly_c_hvs2	315	2457	1536	0	0	SRR27179201	skeletal_muscle
poly_c_hvs1	16180	19	7226	0	0	SRR27179201	skeletal_muscle
poly_c_hvs1	16181	17	7136	0	1	SRR27179201	skeletal_muscle
poly_c_hvs1	16182	18	6708	0	4	SRR27179201	skeletal_muscle
poly_c_hvs1	16183	18	6474	0	3	SRR27179201	skeletal_muscle
poly_c_hvs1	16184	18	7134	0	4	SRR27179201	skeletal_muscle
poly_c_hvs1	16185	17	6842	0	2	SRR27179201	skeletal_muscle
poly_c_hvs1	16186	16	6811	0	2	SRR27179201	skeletal_muscle
poly_c_hvs1	16187	13	6803	0	5	SRR27179201	skeletal_muscle
poly_c_hvs1	16188	13	6335	0	2	SRR27179201	skeletal_muscle
poly_c_hvs1	16189	11	5656	0	13	SRR27179201	skeletal_muscle
poly_c_hvs1	16190	11	5987	0	0	SRR27179201	skeletal_muscle
poly_c_hvs1	16191	12	6118	0	2	SRR27179201	skeletal_muscle
poly_c_hvs1	16192	8	6365	0	0	SRR27179201	skeletal_muscle
poly_c_hvs1	16193	9	6622	0	3	SRR27179201	skeletal_muscle
poly_c_hvs1	16194	9	6228	0	0	SRR27179201	skeletal_muscle
poly_c_hvs1	16195	8	6291	0	2	SRR27179201	skeletal_muscle
rnr2_control	2000	24	7799	0	1	SRR27179201	skeletal_muscle
rnr2_control	2001	19	6262	0	0	SRR27179201	skeletal_muscle
rnr2_control	2002	7	5646	0	0	SRR27179201	skeletal_muscle
rnr2_control	2003	7	3337	0	0	SRR27179201	skeletal_muscle
rnr2_control	2004	6	2868	0	0	SRR27179201	skeletal_muscle
rnr2_control	2005	7	3262	0	0	SRR27179201	skeletal_muscle
rnr2_control	2006	9	4593	0	0	SRR27179201	skeletal_muscle
rnr2_control	2007	11	5158	0	1	SRR27179201	skeletal_muscle
rnr2_control	2008	12	7269	0	0	SRR27179201	skeletal_muscle
rnr2_control	2009	14	7639	0	2	SRR27179201	skeletal_muscle
rnr2_control	2010	12	7619	0	0	SRR27179201	skeletal_muscle
rnr2_control	2011	14	7662	0	6	SRR27179201	skeletal_muscle
rnr2_control	2012	14	7632	0	2	SRR27179201	skeletal_muscle
rnr2_control	2013	13	7589	0	1	SRR27179201	skeletal_muscle
rnr2_control	2014	14	7643	0	5	SRR27179201	skeletal_muscle
rnr2_control	2015	14	7642	0	6	SRR27179201	skeletal_muscle
co1_control	6000	9	7173	0	0	SRR27179201	skeletal_muscle
co1_control	6001	9	7028	0	2	SRR27179201	skeletal_muscle
co1_control	6002	9	6954	0	0	SRR27179201	skeletal_muscle
co1_control	6003	9	6989	0	1	SRR27179201	skeletal_muscle
co1_control	6004	8	6911	0	2	SRR27179201	skeletal_muscle
co1_control	6005	8	6859	0	2	SRR27179201	skeletal_muscle
co1_control	6006	9	5742	0	0	SRR27179201	skeletal_muscle
co1_control	6007	9	6730	0	0	SRR27179201	skeletal_muscle
co1_control	6008	6	7106	0	0	SRR27179201	skeletal_muscle
co1_control	6009	5	6690	0	0	SRR27179201	skeletal_muscle
co1_control	6010	4	5513	0	0	SRR27179201	skeletal_muscle
co1_control	6011	8	5854	0	1	SRR27179201	skeletal_muscle
co1_control	6012	10	7345	0	2	SRR27179201	skeletal_muscle
co1_control	6013	8	7545	0	0	SRR27179201	skeletal_muscle
co1_control	6014	8	7694	0	2	SRR27179201	skeletal_muscle
co1_control	6015	9	7695	0	0	SRR27179201	skeletal_muscle
poly_c_hvs2	303	985	770	1	3	SRR27179097	skeletal_muscle
poly_c_hvs2	304	984	732	0	0	SRR27179097	skeletal_muscle
poly_c_hvs2	305	995	728	0	1	SRR27179097	skeletal_muscle
poly_c_hvs2	306	998	731	0	1	SRR27179097	skeletal_muscle
poly_c_hvs2	307	996	713	0	1	SRR27179097	skeletal_muscle
poly_c_hvs2	308	995	680	0	0	SRR27179097	skeletal_muscle
poly_c_hvs2	309	992	644	1	73	SRR27179097	skeletal_muscle
poly_c_hvs2	310	1062	455	88	12	SRR27179097	skeletal_muscle
poly_c_hvs2	311	1051	441	8	248	SRR27179097	skeletal_muscle
poly_c_hvs2	312	1047	547	2	14	SRR27179097	skeletal_muscle
poly_c_hvs2	313	1049	618	0	5	SRR27179097	skeletal_muscle
poly_c_hvs2	314	1039	643	0	0	SRR27179097	skeletal_muscle
poly_c_hvs2	315	1043	638	0	2	SRR27179097	skeletal_muscle
poly_c_hvs1	16180	25	5211	0	0	SRR27179097	skeletal_muscle
poly_c_hvs1	16181	24	5201	0	1	SRR27179097	skeletal_muscle
poly_c_hvs1	16182	25	5164	0	0	SRR27179097	skeletal_muscle
poly_c_hvs1	16183	25	5087	1	2	SRR27179097	skeletal_muscle
poly_c_hvs1	16184	25	5260	0	5	SRR27179097	skeletal_muscle
poly_c_hvs1	16185	25	5199	0	3	SRR27179097	skeletal_muscle
poly_c_hvs1	16186	25	5215	0	1	SRR27179097	skeletal_muscle
poly_c_hvs1	16187	25	5176	0	2	SRR27179097	skeletal_muscle
poly_c_hvs1	16188	24	4994	0	2	SRR27179097	skeletal_muscle
poly_c_hvs1	16189	25	4849	2	3	SRR27179097	skeletal_muscle
poly_c_hvs1	16190	26	4874	0	3	SRR27179097	skeletal_muscle
poly_c_hvs1	16191	25	4887	0	2	SRR27179097	skeletal_muscle
poly_c_hvs1	16192	25	4915	0	3	SRR27179097	skeletal_muscle
poly_c_hvs1	16193	27	5047	0	0	SRR27179097	skeletal_muscle
poly_c_hvs1	16194	27	4910	0	2	SRR27179097	skeletal_muscle
poly_c_hvs1	16195	24	4951	0	7	SRR27179097	skeletal_muscle
rnr2_control	2000	32	7767	0	4	SRR27179097	skeletal_muscle
rnr2_control	2001	29	6524	1	2	SRR27179097	skeletal_muscle
rnr2_control	2002	29	6885	0	1	SRR27179097	skeletal_muscle
rnr2_control	2003	25	4828	0	0	SRR27179097	skeletal_muscle
rnr2_control	2004	21	3160	0	2	SRR27179097	skeletal_muscle
rnr2_control	2005	15	3016	0	1	SRR27179097	skeletal_muscle
rnr2_control	2006	13	4979	0	1	SRR27179097	skeletal_muscle
rnr2_control	2007	19	5672	0	0	SRR27179097	skeletal_muscle
rnr2_control	2008	28	7255	0	0	SRR27179097	skeletal_muscle
rnr2_control	2009	30	7493	0	1	SRR27179097	skeletal_muscle
rnr2_control	2010	28	7492	0	1	SRR27179097	skeletal_muscle
rnr2_control	2011	27	7517	0	0	SRR27179097	skeletal_muscle
rnr2_control	2012	28	7533	0	1	SRR27179097	skeletal_muscle
rnr2_control	2013	29	7457	0	0	SRR27179097	skeletal_muscle
rnr2_control	2014	29	7543	0	1	SRR27179097	skeletal_muscle
rnr2_control	2015	29	7496	0	4	SRR27179097	skeletal_muscle
co1_control	6000	9	6309	0	1	SRR27179097	skeletal_muscle
co1_control	6001	11	6194	0	3	SRR27179097	skeletal_muscle
co1_control	6002	11	6139	0	0	SRR27179097	skeletal_muscle
co1_control	6003	12	6183	0	2	SRR27179097	skeletal_muscle
co1_control	6004	11	6002	0	6	SRR27179097	skeletal_muscle
co1_control	6005	11	5935	0	4	SRR27179097	skeletal_muscle
co1_control	6006	10	5894	0	1	SRR27179097	skeletal_muscle
co1_control	6007	11	6104	0	4	SRR27179097	skeletal_muscle
co1_control	6008	12	6346	0	1	SRR27179097	skeletal_muscle
co1_control	6009	11	6084	0	3	SRR27179097	skeletal_muscle
co1_control	6010	10	5895	0	0	SRR27179097	skeletal_muscle
co1_control	6011	13	3396	0	0	SRR27179097	skeletal_muscle
co1_control	6012	11	5060	0	1	SRR27179097	skeletal_muscle
co1_control	6013	9	5408	0	1	SRR27179097	skeletal_muscle
co1_control	6014	11	5767	0	1	SRR27179097	skeletal_muscle
co1_control	6015	11	6395	0	2	SRR27179097	skeletal_muscle
poly_c_hvs2	303	1107	1006	0	0	SRR27179196	skeletal_muscle
poly_c_hvs2	304	1112	1003	0	0	SRR27179196	skeletal_muscle
poly_c_hvs2	305	1109	1012	0	2	SRR27179196	skeletal_muscle
poly_c_hvs2	306	1100	1024	0	0	SRR27179196	skeletal_muscle
poly_c_hvs2	307	1109	1028	0	2	SRR27179196	skeletal_muscle
poly_c_hvs2	308	1108	1010	0	1	SRR27179196	skeletal_muscle
poly_c_hvs2	309	1099	966	5	52	SRR27179196	skeletal_muscle
poly_c_hvs2	310	1164	716	58	15	SRR27179196	skeletal_muscle
poly_c_hvs2	311	1202	665	4	378	SRR27179196	skeletal_muscle
poly_c_hvs2	312	1158	827	0	13	SRR27179196	skeletal_muscle
poly_c_hvs2	313	1164	887	0	0	SRR27179196	skeletal_muscle
poly_c_hvs2	314	1175	929	0	0	SRR27179196	skeletal_muscle
poly_c_hvs2	315	1155	917	1	1	SRR27179196	skeletal_muscle
poly_c_hvs1	16180	64	6458	0	1	SRR27179196	skeletal_muscle
poly_c_hvs1	16181	62	6334	0	1	SRR27179196	skeletal_muscle
poly_c_hvs1	16182	62	6207	0	3	SRR27179196	skeletal_muscle
poly_c_hvs1	16183	61	5962	0	9	SRR27179196	skeletal_muscle
poly_c_hvs1	16184	64	6521	0	4	SRR27179196	skeletal_muscle
poly_c_hvs1	16185	67	6423	0	9	SRR27179196	skeletal_muscle
poly_c_hvs1	16186	65	6151	22	45	SRR27179196	skeletal_muscle
poly_c_hvs1	16187	66	6402	0	3	SRR27179196	skeletal_muscle
poly_c_hvs1	16188	66	6358	0	2	SRR27179196	skeletal_muscle
poly_c_hvs1	16189	66	5690	0	16	SRR27179196	skeletal_muscle
poly_c_hvs1	16190	67	5872	0	3	SRR27179196	skeletal_muscle
poly_c_hvs1	16191	65	6058	0	4	SRR27179196	skeletal_muscle
poly_c_hvs1	16192	63	6013	0	1	SRR27179196	skeletal_muscle
poly_c_hvs1	16193	66	6069	0	0	SRR27179196	skeletal_muscle
poly_c_hvs1	16194	59	5712	0	6	SRR27179196	skeletal_muscle
poly_c_hvs1	16195	64	5883	0	1	SRR27179196	skeletal_muscle
rnr2_control	2000	30	7806	0	0	SRR27179196	skeletal_muscle
rnr2_control	2001	30	7173	0	4	SRR27179196	skeletal_muscle
rnr2_control	2002	25	6245	0	18	SRR27179196	skeletal_muscle
rnr2_control	2003	25	4560	0	3	SRR27179196	skeletal_muscle
rnr2_control	2004	26	4173	0	14	SRR27179196	skeletal_muscle
rnr2_control	2005	22	3641	0	2	SRR27179196	skeletal_muscle
rnr2_control	2006	17	3329	0	1	SRR27179196	skeletal_muscle
rnr2_control	2007	10	3598	0	0	SRR27179196	skeletal_muscle
rnr2_control	2008	13	5810	0	1	SRR27179196	skeletal_muscle
rnr2_control	2009	14	6857	0	2	SRR27179196	skeletal_muscle
rnr2_control	2010	16	7277	0	1	SRR27179196	skeletal_muscle
rnr2_control	2011	16	7415	0	3	SRR27179196	skeletal_muscle
rnr2_control	2012	16	7347	0	0	SRR27179196	skeletal_muscle
rnr2_control	2013	16	7275	0	1	SRR27179196	skeletal_muscle
rnr2_control	2014	16	7366	0	2	SRR27179196	skeletal_muscle
rnr2_control	2015	16	7407	0	5	SRR27179196	skeletal_muscle
co1_control	6000	9	7120	0	1	SRR27179196	skeletal_muscle
co1_control	6001	9	7066	0	2	SRR27179196	skeletal_muscle
co1_control	6002	9	6966	0	1	SRR27179196	skeletal_muscle
co1_control	6003	9	7001	0	0	SRR27179196	skeletal_muscle
co1_control	6004	9	6835	0	1	SRR27179196	skeletal_muscle
co1_control	6005	9	6837	0	0	SRR27179196	skeletal_muscle
co1_control	6006	9	6075	0	1	SRR27179196	skeletal_muscle
co1_control	6007	9	6539	0	0	SRR27179196	skeletal_muscle
co1_control	6008	8	6999	0	0	SRR27179196	skeletal_muscle
co1_control	6009	7	6718	0	0	SRR27179196	skeletal_muscle
co1_control	6010	8	4811	0	0	SRR27179196	skeletal_muscle
co1_control	6011	15	3891	0	2	SRR27179196	skeletal_muscle
co1_control	6012	12	5912	0	0	SRR27179196	skeletal_muscle
co1_control	6013	15	6546	0	0	SRR27179196	skeletal_muscle
co1_control	6014	15	7054	0	2	SRR27179196	skeletal_muscle
co1_control	6015	15	7472	0	4	SRR27179196	skeletal_muscle
poly_c_hvs2	303	1378	1122	0	0	SRR27179118	skeletal_muscle
poly_c_hvs2	304	1380	1133	0	1	SRR27179118	skeletal_muscle
poly_c_hvs2	305	1374	1149	0	1	SRR27179118	skeletal_muscle
poly_c_hvs2	306	1380	1174	0	3	SRR27179118	skeletal_muscle
poly_c_hvs2	307	1378	1144	0	2	SRR27179118	skeletal_muscle
poly_c_hvs2	308	1372	1115	0	0	SRR27179118	skeletal_muscle
poly_c_hvs2	309	1377	1068	6	51	SRR27179118	skeletal_muscle
poly_c_hvs2	310	1487	727	69	17	SRR27179118	skeletal_muscle
poly_c_hvs2	311	1541	665	6	409	SRR27179118	skeletal_muscle
poly_c_hvs2	312	1479	868	0	14	SRR27179118	skeletal_muscle
poly_c_hvs2	313	1475	943	1	1	SRR27179118	skeletal_muscle
poly_c_hvs2	314	1475	996	0	0	SRR27179118	skeletal_muscle
poly_c_hvs2	315	1477	969	0	0	SRR27179118	skeletal_muscle
poly_c_hvs1	16180	17	6840	0	2	SRR27179118	skeletal_muscle
poly_c_hvs1	16181	17	6817	0	0	SRR27179118	skeletal_muscle
poly_c_hvs1	16182	18	6680	0	0	SRR27179118	skeletal_muscle
poly_c_hvs1	16183	16	6563	0	4	SRR27179118	skeletal_muscle
poly_c_hvs1	16184	18	6806	0	3	SRR27179118	skeletal_muscle
poly_c_hvs1	16185	18	6601	0	1	SRR27179118	skeletal_muscle
poly_c_hvs1	16186	17	6537	0	5	SRR27179118	skeletal_muscle
poly_c_hvs1	16187	16	6548	0	1	SRR27179118	skeletal_muscle
poly_c_hvs1	16188	16	6232	0	7	SRR27179118	skeletal_muscle
poly_c_hvs1	16189	15	5993	0	5	SRR27179118	skeletal_muscle
poly_c_hvs1	16190	13	6035	0	0	SRR27179118	skeletal_muscle
poly_c_hvs1	16191	13	6084	0	1	SRR27179118	skeletal_muscle
poly_c_hvs1	16192	12	6148	0	2	SRR27179118	skeletal_muscle
poly_c_hvs1	16193	12	6321	0	0	SRR27179118	skeletal_muscle
poly_c_hvs1	16194	11	6040	0	1	SRR27179118	skeletal_muscle
poly_c_hvs1	16195	11	6093	0	2	SRR27179118	skeletal_muscle
rnr2_control	2000	27	7795	0	1	SRR27179118	skeletal_muscle
rnr2_control	2001	20	6568	0	4	SRR27179118	skeletal_muscle
rnr2_control	2002	15	6591	0	1	SRR27179118	skeletal_muscle
rnr2_control	2003	17	4702	0	0	SRR27179118	skeletal_muscle
rnr2_control	2004	26	3231	0	2	SRR27179118	skeletal_muscle
rnr2_control	2005	21	2734	0	0	SRR27179118	skeletal_muscle
rnr2_control	2006	15	4596	0	1	SRR27179118	skeletal_muscle
rnr2_control	2007	17	5123	0	1	SRR27179118	skeletal_muscle
rnr2_control	2008	23	6912	0	0	SRR27179118	skeletal_muscle
rnr2_control	2009	27	7440	0	2	SRR27179118	skeletal_muscle
rnr2_control	2010	27	7477	0	3	SRR27179118	skeletal_muscle
rnr2_control	2011	27	7515	0	2	SRR27179118	skeletal_muscle
rnr2_control	2012	26	7500	0	1	SRR27179118	skeletal_muscle
rnr2_control	2013	27	7442	0	0	SRR27179118	skeletal_muscle
rnr2_control	2014	26	7498	0	1	SRR27179118	skeletal_muscle
rnr2_control	2015	27	7507	0	3	SRR27179118	skeletal_muscle
co1_control	6000	17	6239	0	0	SRR27179118	skeletal_muscle
co1_control	6001	17	6186	0	1	SRR27179118	skeletal_muscle
co1_control	6002	17	6107	0	1	SRR27179118	skeletal_muscle
co1_control	6003	17	6164	0	1	SRR27179118	skeletal_muscle
co1_control	6004	16	5951	0	0	SRR27179118	skeletal_muscle
co1_control	6005	16	5972	0	1	SRR27179118	skeletal_muscle
co1_control	6006	15	5795	0	0	SRR27179118	skeletal_muscle
co1_control	6007	17	5941	0	1	SRR27179118	skeletal_muscle
co1_control	6008	16	6189	0	0	SRR27179118	skeletal_muscle
co1_control	6009	17	5960	0	0	SRR27179118	skeletal_muscle
co1_control	6010	16	5571	0	0	SRR27179118	skeletal_muscle
co1_control	6011	16	3311	0	0	SRR27179118	skeletal_muscle
co1_control	6012	19	4932	0	0	SRR27179118	skeletal_muscle
co1_control	6013	16	5440	0	2	SRR27179118	skeletal_muscle
co1_control	6014	13	5831	0	3	SRR27179118	skeletal_muscle
co1_control	6015	18	6586	0	2	SRR27179118	skeletal_muscle
poly_c_hvs2	303	1077	508	0	5	SRR27179229	skeletal_muscle
poly_c_hvs2	304	1058	540	2	1	SRR27179229	skeletal_muscle
poly_c_hvs2	305	1067	554	0	1	SRR27179229	skeletal_muscle
poly_c_hvs2	306	1063	565	0	1	SRR27179229	skeletal_muscle
poly_c_hvs2	307	1059	555	0	2	SRR27179229	skeletal_muscle
poly_c_hvs2	308	1055	530	0	1	SRR27179229	skeletal_muscle
poly_c_hvs2	309	1067	501	0	38	SRR27179229	skeletal_muscle
poly_c_hvs2	310	1185	269	18	57	SRR27179229	skeletal_muscle
poly_c_hvs2	311	1108	387	1	3	SRR27179229	skeletal_muscle
poly_c_hvs2	312	1108	512	0	0	SRR27179229	skeletal_muscle
poly_c_hvs2	313	1102	571	0	0	SRR27179229	skeletal_muscle
poly_c_hvs2	314	1097	587	0	1	SRR27179229	skeletal_muscle
poly_c_hvs2	315	1110	601	0	0	SRR27179229	skeletal_muscle
poly_c_hvs1	16180	12	6844	1	1	SRR27179229	skeletal_muscle
poly_c_hvs1	16181	12	6793	0	2	SRR27179229	skeletal_muscle
poly_c_hvs1	16182	10	6675	0	1	SRR27179229	skeletal_muscle
poly_c_hvs1	16183	12	6568	0	2	SRR27179229	skeletal_muscle
poly_c_hvs1	16184	11	6860	1	10	SRR27179229	skeletal_muscle
poly_c_hvs1	16185	12	6716	0	1	SRR27179229	skeletal_muscle
poly_c_hvs1	16186	12	6645	0	2	SRR27179229	skeletal_muscle
poly_c_hvs1	16187	12	6585	0	2	SRR27179229	skeletal_muscle
poly_c_hvs1	16188	12	6378	0	2	SRR27179229	skeletal_muscle
poly_c_hvs1	16189	11	5816	0	8	SRR27179229	skeletal_muscle
poly_c_hvs1	16190	12	5897	0	0	SRR27179229	skeletal_muscle
poly_c_hvs1	16191	12	5927	0	5	SRR27179229	skeletal_muscle
poly_c_hvs1	16192	12	5971	0	8	SRR27179229	skeletal_muscle
poly_c_hvs1	16193	12	6157	0	3	SRR27179229	skeletal_muscle
poly_c_hvs1	16194	12	5917	0	2	SRR27179229	skeletal_muscle
poly_c_hvs1	16195	12	6052	0	2	SRR27179229	skeletal_muscle
rnr2_control	2000	24	7828	0	1	SRR27179229	skeletal_muscle
rnr2_control	2001	19	7097	0	2	SRR27179229	skeletal_muscle
rnr2_control	2002	16	7001	0	7	SRR27179229	skeletal_muscle
rnr2_control	2003	11	5035	0	1	SRR27179229	skeletal_muscle
rnr2_control	2004	12	3653	0	0	SRR27179229	skeletal_muscle
rnr2_control	2005	10	2563	0	1	SRR27179229	skeletal_muscle
rnr2_control	2006	10	3270	0	0	SRR27179229	skeletal_muscle
rnr2_control	2007	8	3804	0	1	SRR27179229	skeletal_muscle
rnr2_control	2008	13	5402	0	1	SRR27179229	skeletal_muscle
rnr2_control	2009	15	6542	0	3	SRR27179229	skeletal_muscle
rnr2_control	2010	16	7014	0	0	SRR27179229	skeletal_muscle
rnr2_control	2011	16	7578	0	1	SRR27179229	skeletal_muscle
rnr2_control	2012	16	7673	0	1	SRR27179229	skeletal_muscle
rnr2_control	2013	16	7584	0	1	SRR27179229	skeletal_muscle
rnr2_control	2014	17	7664	0	1	SRR27179229	skeletal_muscle
rnr2_control	2015	17	7618	0	1	SRR27179229	skeletal_muscle
co1_control	6000	11	7145	0	0	SRR27179229	skeletal_muscle
co1_control	6001	11	7105	0	2	SRR27179229	skeletal_muscle
co1_control	6002	11	7030	0	0	SRR27179229	skeletal_muscle
co1_control	6003	8	6964	0	1	SRR27179229	skeletal_muscle
co1_control	6004	9	6940	0	3	SRR27179229	skeletal_muscle
co1_control	6005	9	6810	0	0	SRR27179229	skeletal_muscle
co1_control	6006	9	6437	0	0	SRR27179229	skeletal_muscle
co1_control	6007	10	6714	0	2	SRR27179229	skeletal_muscle
co1_control	6008	8	7196	0	0	SRR27179229	skeletal_muscle
co1_control	6009	8	6989	0	0	SRR27179229	skeletal_muscle
co1_control	6010	7	6434	0	0	SRR27179229	skeletal_muscle
co1_control	6011	7	5955	0	0	SRR27179229	skeletal_muscle
co1_control	6012	8	7386	0	0	SRR27179229	skeletal_muscle
co1_control	6013	7	7687	0	1	SRR27179229	skeletal_muscle
co1_control	6014	7	7765	0	0	SRR27179229	skeletal_muscle
co1_control	6015	7	7749	0	1	SRR27179229	skeletal_muscle
poly_c_hvs2	303	830	569	0	1	SRR27179238	skeletal_muscle
poly_c_hvs2	304	830	560	0	1	SRR27179238	skeletal_muscle
poly_c_hvs2	305	834	569	0	0	SRR27179238	skeletal_muscle
poly_c_hvs2	306	835	581	0	1	SRR27179238	skeletal_muscle
poly_c_hvs2	307	840	569	0	0	SRR27179238	skeletal_muscle
poly_c_hvs2	308	832	553	0	0	SRR27179238	skeletal_muscle
poly_c_hvs2	309	829	544	5	27	SRR27179238	skeletal_muscle
poly_c_hvs2	310	885	392	46	9	SRR27179238	skeletal_muscle
poly_c_hvs2	311	890	378	6	232	SRR27179238	skeletal_muscle
poly_c_hvs2	312	881	440	0	8	SRR27179238	skeletal_muscle
poly_c_hvs2	313	884	475	0	1	SRR27179238	skeletal_muscle
poly_c_hvs2	314	881	490	0	1	SRR27179238	skeletal_muscle
poly_c_hvs2	315	878	486	0	1	SRR27179238	skeletal_muscle
poly_c_hvs1	16180	11	6726	0	1	SRR27179238	skeletal_muscle
poly_c_hvs1	16181	11	6695	0	2	SRR27179238	skeletal_muscle
poly_c_hvs1	16182	11	6604	0	1	SRR27179238	skeletal_muscle
poly_c_hvs1	16183	12	6505	0	0	SRR27179238	skeletal_muscle
poly_c_hvs1	16184	11	6722	0	1	SRR27179238	skeletal_muscle
poly_c_hvs1	16185	11	6526	0	2	SRR27179238	skeletal_muscle
poly_c_hvs1	16186	11	6524	0	11	SRR27179238	skeletal_muscle
poly_c_hvs1	16187	11	6498	0	1	SRR27179238	skeletal_muscle
poly_c_hvs1	16188	10	6212	0	2	SRR27179238	skeletal_muscle
poly_c_hvs1	16189	11	6004	0	16	SRR27179238	skeletal_muscle
poly_c_hvs1	16190	11	6047	0	0	SRR27179238	skeletal_muscle
poly_c_hvs1	16191	11	6105	0	1	SRR27179238	skeletal_muscle
poly_c_hvs1	16192	10	6091	0	5	SRR27179238	skeletal_muscle
poly_c_hvs1	16193	11	6144	0	0	SRR27179238	skeletal_muscle
poly_c_hvs1	16194	10	5966	0	0	SRR27179238	skeletal_muscle
poly_c_hvs1	16195	8	6043	0	1	SRR27179238	skeletal_muscle
rnr2_control	2000	17	7831	0	1	SRR27179238	skeletal_muscle
rnr2_control	2001	15	6894	0	2	SRR27179238	skeletal_muscle
rnr2_control	2002	16	6828	0	6	SRR27179238	skeletal_muscle
rnr2_control	2003	16	5137	0	1	SRR27179238	skeletal_muscle
rnr2_control	2004	16	3805	0	0	SRR27179238	skeletal_muscle
rnr2_control	2005	15	2579	0	0	SRR27179238	skeletal_muscle
rnr2_control	2006	7	3385	0	0	SRR27179238	skeletal_muscle
rnr2_control	2007	5	3730	0	1	SRR27179238	skeletal_muscle
rnr2_control	2008	7	5267	0	1	SRR27179238	skeletal_muscle
rnr2_control	2009	7	6342	0	2	SRR27179238	skeletal_muscle
rnr2_control	2010	8	6807	0	0	SRR27179238	skeletal_muscle
rnr2_control	2011	10	7431	0	1	SRR27179238	skeletal_muscle
rnr2_control	2012	12	7631	0	0	SRR27179238	skeletal_muscle
rnr2_control	2013	11	7614	0	2	SRR27179238	skeletal_muscle
rnr2_control	2014	12	7685	0	1	SRR27179238	skeletal_muscle
rnr2_control	2015	12	7650	0	3	SRR27179238	skeletal_muscle
co1_control	6000	11	6965	0	0	SRR27179238	skeletal_muscle
co1_control	6001	11	6874	0	2	SRR27179238	skeletal_muscle
co1_control	6002	11	6803	0	0	SRR27179238	skeletal_muscle
co1_control	6003	11	6847	0	0	SRR27179238	skeletal_muscle
co1_control	6004	11	6711	0	0	SRR27179238	skeletal_muscle
co1_control	6005	11	6657	0	0	SRR27179238	skeletal_muscle
co1_control	6006	11	6150	0	0	SRR27179238	skeletal_muscle
co1_control	6007	11	6661	0	1	SRR27179238	skeletal_muscle
co1_control	6008	12	6824	0	1	SRR27179238	skeletal_muscle
co1_control	6009	12	6537	0	0	SRR27179238	skeletal_muscle
co1_control	6010	11	5899	0	2	SRR27179238	skeletal_muscle
co1_control	6011	11	5478	0	0	SRR27179238	skeletal_muscle
co1_control	6012	11	6724	0	0	SRR27179238	skeletal_muscle
co1_control	6013	7	7374	0	1	SRR27179238	skeletal_muscle
co1_control	6014	7	7540	0	0	SRR27179238	skeletal_muscle
co1_control	6015	7	7503	0	1	SRR27179238	skeletal_muscle
