pos	surrogate	n_donors	median_depth	fixed_difference	epsilon
1	0.0	30	477.5	False	0.0
2	0.0	30	483.0	False	0.0
3	0.0	30	485.5	False	0.0005632392515176
4	0.0	30	524.0	False	0.0006423732772716
5	0.0	30	525.0	False	0.0001162655505173
6	0.0	30	535.5	False	0.0005129666571672
7	0.0	30	538.0	False	0.0011905436816146
8	0.0	30	548.0	False	0.0002781331701618
9	0.0	30	548.0	False	0.0003890185617428
10	0.0	30	530.0	False	0.0006342616617655
11	0.0	30	561.0	False	0.0002180192947075
12	0.0	30	575.0	False	0.0003172421086025
13	0.0	30	579.5	False	0.0002097645393046
14	0.0	30	584.0	False	0.0004163630685958
15	0.0	30	599.5	False	0.0005081817257851
16	0.0	30	608.5	False	0.0008553028778426
17	0.0	30	623.5	False	0.0005374505301216
18	0.0	30	626.0	False	0.0006804374240583
19	0.0	30	642.0	False	0.0005649717514124
20	0.0	30	654.0	False	0.0004172655199592
21	0.0	30	659.0	False	0.0003648802736602
22	0.0	30	665.0	False	0.0001359557690564
23	0.0	30	672.5	False	0.0004004627569636
24	0.0	30	682.0	False	0.000220138246819
25	0.0	30	690.5	False	0.000218923770743
26	0.0	30	698.0	False	0.0005213084842955
27	0.0	30	702.0	False	0.0003472975906229
28	0.0	30	704.0	False	0.0006898633208295
29	0.0	30	730.0	False	0.0002080645832466
30	0.0	30	730.5	False	0.0002906735320986
31	0.0	30	744.5	False	0.0004444444444444
32	0.0	30	747.5	False	0.0007246668545432
33	0.0	30	769.5	False	0.0007849909726038
34	0.0	30	789.0	False	0.0004208754208754
35	0.0	30	782.5	False	0.0006159294760749
36	0.0	30	785.0	False	0.0006449410068667
37	0.0014200149008308373	30	784.0	False	0.0016385946193125
38	0.0	30	809.5	False	0.0002591824644549
39	0.0	30	833.5	False	0.0006933800452521
40	0.0	30	843.0	False	0.0004995539696699
41	0.0	30	880.0	False	0.0003457456003872
42	0.0007249792211478036	30	872.5	False	0.0010112986469521
43	0.0009334384573171155	30	877.5	False	0.0011540882702664
44	0.0	30	866.0	False	0.0006016847172081
45	0.0011999752448885012	30	838.0	False	0.0012238139802749
46	0.0	30	844.0	False	0.0003911806543385
47	0.0	30	860.5	False	0.0005237247302817
48	0.0	30	862.5	False	0.0005574136008918
49	0.0	30	869.0	False	0.0005543237250554
50	0.0	30	870.5	False	0.0001718449271377
51	0.0	30	876.5	False	0.0001695202576707
52	0.0	30	883.5	False	0.0005049654940245
53	0.0	30	889.5	False	0.0006657567990413
54	0.0	30	895.5	False	0.0003310162197947
55	0.0	30	836.0	False	0.0004322455154527
56	0.0	30	856.0	False	0.0003116559318512
57	0.0	30	884.5	False	0.0002678003548354
58	0.0	30	883.5	False	0.0001330362191106
59	0.0	30	887.5	False	0.0005297662406463
60	0.0	30	884.0	False	0.000433463372345
61	0.0	30	889.0	False	0.0006325110689437
62	0.0	30	894.5	False	0.000427800447545
63	0.0	30	886.5	False	0.0003319942896982
64	0.0	30	924.0	False	0.00035036310358
65	0.0	30	932.0	False	0.0004425757911042
66	0.0	30	957.0	False	0.0004634206623826
67	0.0	30	961.0	False	0.0005231413096996
68	0.0	30	1006.5	False	0.0002973447117243
69	0.0	30	1008.5	False	0.0004120313143798
70	0.0	30	1020.5	False	0.000641792351002
71	0.0	30	1014.5	False	0.0003550400899434
72	0.0004752851711026616	30	867.5	False	0.0008348457350272
74	0.0	30	1007.5	False	0.0004031632811288
75	0.0	30	1068.0	False	0.000370729481549
76	0.0	30	1105.0	False	0.0004375769178175
77	0.0	30	1121.0	False	0.00040735409934
78	0.0007996686631833822	30	1164.5	False	0.0008826354456011
79	0.0	30	1173.5	False	0.0005689900426742
80	0.0	30	1156.0	False	0.000597154429328
81	0.0	30	1189.5	False	0.0005081042629947
82	0.0	30	1170.5	False	0.0004118934225769
83	0.0	30	1177.5	False	0.0002816036045261
84	0.0	30	1184.0	False	0.0002292935211841
85	0.0	30	1211.0	False	0.0003274064373142
86	0.0	30	1215.0	False	0.0002995880664086
87	0.0	30	1214.5	False	0.0002251350810486
88	0.0	30	1231.0	False	0.0001487615600128
89	0.0	30	1220.5	False	0.0004234649395939
90	0.0001920860545524395	30	1240.5	False	0.0004925744403122
91	0.0	30	1243.0	False	0.0003697222153755
92	0.0	30	1243.0	False	0.0003947498272969
93	0.0005032461546137044	30	1235.5	False	0.0008227374719521
94	0.0	30	1234.0	False	0.0002485274747123
95	0.00043983012557087704	30	1197.0	False	0.0006121824303642
96	0.0	30	1212.5	False	0.0004284274193548
97	0.0	30	1226.0	False	0.0005020458367848
98	0.0	30	1223.5	False	0.0003752720722523
99	0.0004995359054022999	30	1226.5	False	0.0005510745954611
100	0.0	30	1245.5	False	0.0004213239485489
101	0.0	30	1247.5	False	0.0003230375469025
102	0.0	30	1244.0	False	0.0003497376967274
103	0.00046126874436179814	30	1309.0	False	0.0005077123930177
104	0.00019238168526356292	30	1325.5	False	0.0004813477737665
105	0.0	30	1330.0	False	0.0004322455154527
106	0.00023730422401518748	30	1330.5	False	0.0006230977544515
107	0.0	30	1320.5	False	0.0003381070833433
108	0.0011508675568462808	30	1279.5	False	0.0012726456056295
109	0.0	30	1287.5	False	0.0002995207667731
110	0.0	30	1290.5	False	0.0001754429935587
111	0.001074712265626172	30	1241.0	False	0.0013594060441284
112	0.0	30	1336.0	False	0.0004153229746897
113	0.0	30	1367.0	False	0.0004603382274555
114	0.0004901573283231426	30	1384.5	False	0.0006204705648764
115	0.0	30	1374.5	False	0.0005742451069531
116	0.0005365233966281196	30	1361.5	False	0.0006016847172081
117	0.0	30	1374.5	False	0.0004785948455335
118	0.0	30	1403.0	False	0.0003537485555267
119	0.0007183040904903244	30	1392.5	False	0.0007878151260504
120	0.0	30	1424.0	False	0.0005160079746686
121	0.0005298143930627436	30	1452.5	False	0.0006233982129251
122	0.0004436055281375179	30	1438.0	False	0.0004632739570545
123	0.0008638417030575822	30	1405.5	False	0.0008710391261358
124	0.0	30	1412.5	False	0.0003762138775894
125	0.0	30	1358.0	False	0.0001706900755913
126	0.0	30	1366.0	False	0.0002913540680311
127	0.0	30	1393.5	False	0.0003824274582915
128	0.0	30	1423.5	False	0.0002587200413952
129	0.0	30	1421.5	False	0.0004463971054671
130	0.0	30	1420.0	False	0.000702329392485
131	0.00023084025854108956	30	1390.5	False	0.0005001190759704
132	0.0	30	1426.0	False	0.0002563743998508
133	0.0	30	1449.0	False	0.000342786626751
134	0.0	30	1462.0	False	0.0004079782411604
135	0.0	30	1468.5	False	0.0002040723776699
136	0.00030211480362537764	30	1463.0	False	0.0006132739744696
137	0.0	30	1443.5	False	0.0004166666666666
138	0.0	30	1464.0	False	0.0003649718287369
139	0.00041405755144898886	30	1457.5	False	0.0004797149122807
140	0.0	30	1484.0	False	0.0003386233830733
141	0.0	30	1494.5	False	0.0002902563186567
142	0.0002226179875333927	30	1486.5	False	0.0005609531716292
143	0.0005694471047811842	30	1466.5	False	0.0006703807300214
144	0.00047261567894999823	30	1434.0	False	0.0009383868900485
145	0.0	30	1438.5	False	0.0004094258939132
146	0.0009672416899841002	30	1418.0	False	0.0014972550324405
147	0.00045128043954755523	30	1430.0	False	0.0007509386733416
148	0.002246335949858528	30	1417.0	False	0.0026112052773832
149	0.0005880037565947574	30	1414.0	False	0.0007585683745948
150	0.0007065699800656111	30	1412.5	False	0.00058344759182
151	0.0	30	1386.0	False	0.0003102847459245
152	0.06551869615112142	30	1355.5	False	0.0674061735833008
153	0.0	30	1344.0	False	0.0004546215873471
154	0.0	30	1352.5	False	0.0003821990779447
155	0.0	30	1346.5	False	0.0002161071891658
156	0.0006754966222888343	30	1358.0	False	0.0007886812293867
157	0.0	30	1368.5	False	0.0002861025677705
158	0.00045171622595273884	30	1371.5	False	0.0005722460658082
159	0.0	30	1377.0	False	0.0004040500071302
160	0.0	30	1379.0	False	0.0004529417373891
161	0.00041572554608519945	30	1375.0	False	0.0005239841852045
162	0.0	30	1406.0	False	0.0005814088699737
163	0.00046425265344961924	30	1390.5	False	0.0007050528789659
164	0.0	30	1404.5	False	0.00053635558043
165	0.0012412552294394123	30	1358.5	False	0.0016305670479435
166	0.0	30	1429.5	False	0.0004391540506182
167	0.0	30	1438.5	False	0.0002515320589042
168	0.0	30	1432.0	False	0.0005045524390523
169	0.0010241109165084793	30	1423.0	False	0.0012265395385434
170	0.0005185111154812911	30	1445.0	False	0.0006398829928241
171	0.0	30	1473.0	False	0.0005618103777612
172	0.0	30	1448.0	False	0.0002277385561375
173	0.000472107871246031	30	1448.5	False	0.0006373776462554
174	0.0	30	1436.5	False	0.0002730686084878
175	0.0	30	1461.0	False	0.0004300199167119
176	0.0	30	1453.5	False	0.0002273554019643
177	0.0	30	1427.5	False	0.0003210861887069
178	0.0	30	1391.0	False	0.0004018437536934
179	0.0	30	1374.0	False	0.0003094353994096
180	0.0	30	1381.5	False	0.0003769939445347
181	0.0	30	1430.5	False	0.0003251126283033
182	0.00080258511517224	30	1437.5	False	0.000624463351807
183	0.0	30	1409.0	False	0.0003755427766694
184	0.0	30	1427.5	False	0.0003699935251133
185	0.0008933022272736336	30	1411.0	False	0.0005514047034821
186	0.0	30	1418.5	False	0.0004487800269268
187	0.0	30	1434.0	False	0.0003749794933089
188	0.0004720043531269398	30	1422.0	False	0.0006387962240045
189	0.00075463816774641	30	1410.0	False	0.0084462109722294
190	0.0	30	1437.0	False	0.0001650087218895
191	0.0	30	1433.0	False	0.0001421699879155
192	0.0	30	1434.5	False	0.000402834056065
193	0.0	30	1418.5	False	0.0003590578322481
194	0.0	30	1449.5	False	0.0003053363397219
196	0.0	30	1443.5	False	0.000301344459898
197	0.0	30	1442.5	False	0.0004655710228595
198	0.0	30	1469.5	False	0.0002955284275614
199	0.0	30	1471.0	False	0.000321559315326
200	0.0005173096168683978	30	1481.5	False	0.0004828141165651
201	0.0	30	1482.0	False	0.00034037532052
202	0.00039360239910033736	30	1478.5	False	0.0004773161196472
203	0.0	30	1467.5	False	0.0499885242139086
204	0.0	30	1415.5	False	0.0663335712586248
205	0.0005405370864789629	30	1430.0	False	0.0006108017948175
206	0.0	30	1412.0	False	0.0001905351656465
207	0.0004639481753341598	30	1420.0	False	0.0005441468723384
208	0.0	30	1392.0	False	0.0003126427935836
209	0.0	30	1374.5	False	0.0003148690871218
210	0.0017264632465258374	30	1362.0	False	0.0017331868668375
211	0.0	30	1383.0	False	0.0003394433129667
212	0.0	30	1373.0	False	0.0001462308985888
213	0.0	30	1363.5	False	0.0002694757471827
214	0.0007524342302161835	30	1327.5	False	0.0011793340526434
215	0.0	30	1348.5	False	0.0002774204938084
216	0.0	30	1359.5	False	0.0002956975999211
217	0.0008703754204163257	30	1366.0	False	0.0009314182067748
218	0.00468774860779634	30	1401.0	False	0.0048073438821113
219	0.0	30	1390.0	False	0.0002424653880658
220	0.0002655337227827934	30	1398.5	False	0.0005285158314514
221	0.0	30	1420.0	False	0.0004025478913594
222	0.0	30	1434.5	False	0.0004452046769922
223	0.0	30	1436.5	False	0.0002559687252757
224	0.0	30	1454.5	False	0.0004158484463439
225	0.0005799683733106256	30	1458.0	False	0.0008768084173608
226	0.0001972386587771203	30	1419.0	False	0.0005663048607833
227	0.0	30	1428.5	False	0.0004447669655188
228	0.0004792766287845631	30	1460.0	False	0.0006709390833583
229	0.0	30	1470.0	False	0.0003677738191012
230	0.0	30	1450.5	False	0.000556418519463
231	0.0	30	1467.5	False	0.0003911102931026
232	0.0	30	1471.5	False	0.0002752482969011
233	0.0	30	1485.0	False	0.0003874643874643
234	0.0005264163799837132	30	1493.0	False	0.0009069883451997
235	0.0	30	1511.0	False	0.0002258866049243
236	0.0	30	1495.5	False	0.0003403907686023
237	0.0010876151368128298	30	1488.0	False	0.0019268706702757
238	0.0	30	1484.0	False	0.0002059779374742
239	0.0	30	1460.0	False	0.0004466279589102
240	0.0	30	1479.0	False	0.0002032382629903
241	0.0	30	1457.5	False	0.0003424032140248
242	0.0006640249701607636	30	1461.5	False	0.0006389922179876
243	0.0	30	1438.0	False	0.0002293262395083
244	0.0	30	1435.0	False	0.0004336909381419
245	0.0	30	1435.5	False	0.0003878268011132
246	0.0	30	1431.5	False	0.0004790036723614
247	0.0005821492292743702	30	1413.0	False	0.0005265652151018
248	0.0	30	1404.0	False	0.0002986857825567
249	0.0	30	1403.0	False	0.0002533803238661
250	0.0	30	1365.0	False	0.0003233911291325
251	0.0	30	1379.5	False	0.0003965477023559
252	0.0005040487593827613	30	1382.0	False	0.0005378104101388
253	0.000599015311398262	30	1409.0	False	0.000596699791155
254	0.0001973164956590371	30	1424.0	False	0.0005227510341379
255	0.0006443979458474699	30	1405.5	False	0.0007327349331379
256	0.0	30	1336.5	False	0.0003568454859046
257	0.00020695364238410596	30	1322.0	False	0.0005319277545395
258	0.0	30	1335.5	False	0.000431344356578
259	0.0	30	1307.5	False	0.0002434452369939
260	0.0005497024786038188	30	1334.0	False	0.0005021160605408
261	0.0	30	1364.5	False	0.0002816306414137
262	0.0	30	1326.0	False	0.000433944069431
264	0.0	30	1223.0	False	0.0003626661140325
265	0.0	30	1247.0	False	0.0004344492716585
266	0.0	30	1226.5	False	0.0006438486698086
267	0.0007944514501891551	30	1207.5	False	0.0008562310266988
268	0.0	30	1191.5	False	0.0003919724051426
269	0.0	30	1157.5	False	0.0004293342635575
270	0.0	30	1125.0	False	0.0005249778956675
271	0.0	30	1107.5	False	0.0003622481678602
272	0.0	30	1067.0	False	0.000491386287432
273	0.0006244535544153583	30	1081.0	False	0.0006557564007526
274	0.0	30	1082.0	False	0.0004557495656136
275	0.0	30	1083.0	False	0.0006273525721455
276	0.0	30	1066.0	False	0.0003189422714488
277	0.0	30	1069.0	False	0.0005171373574281
278	0.0	30	1058.5	False	0.000347906760988
279	0.0	30	1055.5	False	0.0004672760725446
280	0.0	30	1067.0	False	0.0004618537655514
281	0.0	30	1062.0	False	0.0005792568135082
282	0.0	30	1050.5	False	0.0006427718771999
283	0.0	30	1054.0	False	0.0004683292354525
284	0.0	30	1042.5	False	0.0004736390278558
285	0.0002986857825567503	30	1021.0	False	0.001439107753193
286	0.0	30	1022.0	False	0.0002996793431028
287	0.0	30	1021.5	False	0.0003290851433016
288	0.0	30	1020.5	False	0.0003297362110311
289	0.0	30	1010.5	False	0.0001215399106681
290	0.0	30	959.0	False	0.0005093594804533
291	0.0010790397332294754	30	928.0	False	0.0014203137902559
292	0.00662442975599499	30	907.0	False	0.0078156719447827
293	0.000273972602739726	30	849.0	False	0.0006517960602549
294	0.0	30	832.5	False	0.0011109465264405
295	0.05223626198809145	30	762.0	False	0.063822312436568
296	0.010633227575074448	30	719.5	False	0.0136323842081127
297	0.0011965487301931843	30	616.5	False	0.0036450233281493
298	0.0	30	717.0	False	0.0013070242010287
299	0.0	30	701.5	False	0.0009488484430259
300	0.0	30	687.0	False	0.001532332209623
301	0.0	30	630.0	False	0.000602912531305
302	0.009392625877066584	30	534.0	False	0.0107877289583099
303	0.002799227421067272	30	739.0	False	0.0051072943696198
304	0.0	30	705.0	False	0.0006921612735767
305	0.0	30	713.5	False	0.0004683441904032
306	0.00036683785766691124	30	737.5	False	0.0007932862928478
307	0.0	30	722.0	False	0.0008893406174564
308	0.0	30	704.5	False	0.0002608922515001
309	0.07302138739591746	30	620.5	False	0.0791501172417093
311	0.0031980148140079516	30	685.0	False	0.0250918263486303
312	0.0003968253968253968	30	701.5	False	0.0076608564665375
313	0.0	30	719.5	False	0.0009306654257794
314	0.0	30	718.5	False	0.0002104111433741
315	0.0	30	716.0	False	0.00016905456236
316	0.0	30	676.5	False	0.0005888747961587
317	0.0	30	689.5	False	0.0004857584455729
318	0.0	30	716.0	False	0.0003453485862292
319	0.0	30	716.5	False	0.0005611187845303
320	0.0	30	726.0	False	0.0001273182531935
321	0.0	30	727.5	False	0.0005501946842728
322	0.0	30	734.0	False	0.0003353032398675
323	0.0	30	732.5	False	0.0002527592889038
324	0.0	30	729.5	False	0.0004211412929037
325	0.0	30	734.5	False	0.0003347700548185
326	0.0	30	726.5	False	0.0004664376881652
327	0.0	30	741.0	False	0.0002909151358989
328	0.0	30	741.0	False	0.0003315924728508
329	0.0	30	739.0	False	0.0003743604675346
330	0.0	30	743.0	False	0.0004979459728619
331	0.0	30	725.5	False	0.0003837625788845
332	0.0	30	753.0	False	0.0004510599909788
333	0.0	30	751.5	False	0.0005348033569195
334	0.0	30	744.5	False	0.0003284341899991
335	0.0	30	751.0	False	0.0002048928410441
336	0.0	30	750.0	False	0.0003279494957776
337	0.0	30	738.0	False	0.0004586773413393
338	0.0	30	732.0	False	0.0006279303415941
339	0.0	30	678.5	False	0.0005827244609798
340	0.0	30	707.0	False	0.0003453485862292
341	0.0	30	693.5	False	0.0005298715061597
342	0.0	30	676.0	False	0.0009117016912066
343	0.0	30	693.0	False	0.0005277044854881
344	0.0009578024758290413	30	665.5	False	0.0010095911155981
345	0.0	30	692.0	False	0.0005743571617919
346	0.0	30	683.5	False	0.0004932956634826
347	0.0	30	681.5	False	0.0008111396512099
348	0.0	30	642.5	False	0.0002853067047075
349	0.0	30	644.0	False	0.0003324310205632
350	0.0	30	641.0	False	0.0003346560214179
351	0.0	30	634.5	False	0.0002882813626099
352	0.0	30	619.5	False	0.0004944620253164
353	0.0	30	637.0	False	0.0005729838132072
354	0.0	30	636.5	False	0.0003837298541826
355	0.0	30	643.5	False	0.0004295122649613
356	0.0	30	650.0	False	0.0002344885804061
357	0.000973537397378457	30	625.5	False	0.0008198513336248
358	0.0	30	634.5	False	0.0004697923517805
359	0.0	30	636.5	False	0.0001406667604445
360	0.0	30	626.5	False	0.0004263584253162
361	0.0	30	615.0	False	0.0003401525827299
362	0.0	30	621.0	False	0.0004809079542175
363	0.0	30	611.0	False	0.0004925137903861
364	0.0	30	610.5	False	0.0004950495049504
365	0.0	30	601.5	False	0.000498330592515
366	0.0	30	577.0	False	0.000574412532637
367	0.0	30	561.5	False	0.0005010577886649
368	0.0	30	543.5	False	0.0017781346793621
369	0.0	30	557.0	False	0.0005011693952555
370	0.0	30	533.0	False	0.0003477656059815
371	0.0	30	524.0	False	5.862351975612616e-05
372	0.0006305170239596469	30	486.5	False	0.0014490927419354
373	0.0	30	489.0	False	0.0005761843790012
374	0.0	30	467.5	False	0.000886706227406
375	0.0	30	456.5	False	0.0009685230024213
376	0.0	30	400.5	False	0.002
377	0.0	30	406.5	False	0.0012444582717585
378	0.0	30	393.0	False	0.0014457831325301
379	0.002499719132681721	30	388.5	False	0.0034353018158023
380	0.0032565873083114463	30	374.0	False	0.004541559554413
381	0.0	30	319.5	False	0.0002004008016032
382	0.0	30	301.5	False	0.0002136752136752
383	0.0	30	278.0	False	0.0014852050725465
384	0.0	30	277.0	False	0.0002280501710376
385	0.0	30	273.0	False	0.0018639328984156
386	0.0	30	275.5	False	0.0002297002411852
387	0.0	29	262.0	False	0.0001250625312656
388	0.0	29	241.0	False	0.0005392289026691
389	0.0	29	233.0	False	0.0006926167059149
390	0.0	29	209.0	False	0.0005979073243647
391	0.0	29	201.0	False	0.0006233442418575
392	0.0	27	194.0	False	0.0001666944490748
393	0.0	26	193.5	False	0.0005175090564084
394	0.0	26	196.5	False	0.0013733905579399
395	0.0	26	191.5	False	0.0005216484089723
396	0.0	26	188.5	False	0.0010649627263045
397	0.0	26	182.0	False	0.0009208103130755
398	0.0	25	180.0	False	0.0009491268033409
399	0.0	25	180.0	False	0.0011370096645821
400	0.0	25	179.0	False	0.0007581501137225
401	0.0	25	179.0	False	0.0003802281368821
402	0.0	24	177.5	False	0.0003940110323089
403	0.0	25	174.0	False	0.0013725490196078
404	0.0	25	175.0	False	0.001170503316426
405	0.0	24	175.5	False	0.0005974905397331
406	0.0	25	178.0	False	0.0007739938080495
407	0.0	24	176.5	False	0.000801442596674
408	0.0	24	174.5	False	0.0014129995962858
409	0.0	24	171.0	False	0.0008240626287597
410	0.0	23	175.0	False	0.0006374840628984
411	0.0	22	167.0	False	0.0002207018318252
412	0.0	22	168.5	False	0.0004416961130742
413	0.0	22	164.0	False	0.0002230649118893
414	0.0	22	158.5	False	0.00046490004649
415	0.0	22	164.0	False	0.0
416	0.0	22	168.5	False	0.0
417	0.0	25	176.0	False	0.0005822981366459
418	0.0	23	182.0	False	0.0004027386226339
419	0.0	22	179.5	False	0.0010532968190436
420	0.0	27	184.0	False	0.0005260389268805
421	0.0	27	191.0	False	0.0005040322580645
422	0.0	27	193.0	False	0.0005014206919605
423	0.0	27	196.0	False	0.0008361204013377
424	0.0	27	195.0	False	0.0006692320562154
425	0.0	27	199.0	False	0.0001664447403462
426	0.0	28	196.0	False	0.0003271716015049
427	0.0	28	200.5	False	0.0003236769703835
428	0.0	27	194.0	False	0.0001701837985023
429	0.0	26	192.5	False	0.0005180452426178
430	0.0	26	187.0	False	0.0008938148015731
431	0.0	24	188.5	False	0.0001882530120481
432	0.0	22	171.5	False	0.0
433	0.0	25	190.0	False	0.0003669051550174
434	0.0	23	193.0	False	0.0001912411550965
435	0.0	24	194.0	False	0.0
436	0.0	25	198.0	False	0.0001790830945558
437	0.0	25	200.0	False	0.0001787949222242
438	0.0	26	197.0	False	0.0005258545135845
439	0.0	24	202.5	False	0.0001830161054172
440	0.0	23	207.0	False	0.000749203970781
441	0.0	26	203.5	False	0.0001701548409052
442	0.0	26	203.0	False	0.0003395009336275
443	0.0	26	207.0	False	0.0003379520108144
444	0.0	27	203.0	False	0.0004999166805532
445	0.0	26	205.0	False	0.0
446	0.0	24	202.0	False	0.0001823154056517
447	0.0	25	203.0	False	0.0001751313485113
448	0.0	27	201.0	False	0.000168605631428
449	0.0	27	204.0	False	0.0001678415575696
450	0.0	26	205.0	False	0.0005152868430092
451	0.0	27	199.0	False	0.000672268907563
452	0.0	27	205.0	False	0.0003291097581043
453	0.0	27	207.0	False	0.0004928536224741
454	0.0	27	208.0	False	0.0003292181069958
455	0.0	26	202.5	False	0.0003460806367883
456	0.0	26	198.5	False	0.0121762990910649
457	0.0	26	198.5	False	0.0003465603881476
458	0.0	24	200.5	False	0.0003731343283582
459	0.0	24	201.5	False	0.0005578281889178
460	0.0	23	191.0	False	0.0013980427401637
461	0.0	24	194.5	False	0.0009437523593808
462	0.0	24	191.5	False	0.0003809523809523
463	0.0	23	185.0	False	0.0002009242515571
464	0.0	22	167.0	False	0.0007420232500618
465	0.0	23	185.0	False	0.0002012072434607
466	0.0	22	188.5	False	0.0006444683136412
467	0.0	24	186.0	False	0.0007832386919913
468	0.0	23	186.0	False	0.0003997601439136
469	0.0	24	184.0	False	0.000197511356903
470	0.0	23	181.0	False	0.0
471	0.0	23	178.0	False	0.0004142502071251
472	0.0	23	177.0	False	0.0002094679514034
473	0.0	23	187.0	False	0.0004015257980325
474	0.0	23	186.0	False	0.0006150061500615
475	0.0	22	188.0	False	0.0
476	0.0	24	193.5	False	0.0001944768572539
477	0.0	24	189.0	False	0.0
478	0.0	23	198.0	False	0.0003955696202531
479	0.0	23	191.0	False	0.000200964630225
480	0.0	23	189.0	False	0.0006204756980351
481	0.0	23	195.0	False	0.0005976095617529
482	0.0	23	193.0	False	0.0006176652254478
483	0.0	25	199.0	False	0.0001884303749764
484	0.0	24	197.0	False	0.0007797270955165
485	0.0	24	190.0	False	0.0002004811547714
486	0.0	24	195.5	False	0.0003920799843168
487	0.0	24	196.5	False	0.0005817335660267
488	0.0	24	195.5	False	0.0003918495297805
489	0.0	24	196.0	False	0.0013853156540668
490	0.0	22	194.5	False	0.0002114611968703
491	0.0	24	199.5	False	0.0001944768572539
492	0.0	23	193.0	False	0.001233806292412
493	0.0	21	162.0	False	0.0002570033410434
494	0.0	25	201.0	False	0.0005555555555555
495	0.0	25	199.0	False	0.0003749531308586
496	0.0	25	199.0	False	0.0001865671641791
497	0.0	25	196.0	False	0.0001922707171697
498	0.0	25	192.0	False	0.0005563798219584
499	0.0	24	187.0	False	0.0029148448886112
500	0.0	24	195.5	False	0.0001940993788819
501	0.0	24	195.0	False	0.0007806401249024
502	0.0	24	188.5	False	0.001000200040008
503	0.0	23	189.0	False	0.000624349635796
504	0.0	23	180.0	False	0.0008501594048884
505	0.0	24	185.0	False	0.0004023335345001
506	0.0	24	187.5	False	0.0002018978396931
507	0.0	23	181.0	False	0.0004314994606256
508	0.0	22	169.0	False	0.0009560229445506
509	0.0	24	185.5	False	0.0002046245140167
510	0.0	24	185.0	False	0.0002058036633052
511	0.0	23	190.0	False	0.0002123593119558
512	0.0	23	183.0	False	0.0004316857327865
513	0.0	23	177.0	False	0.0010919414719371
514	0.0	18	189.5	False	0.0010584810796507
515	0.0	17	181.0	False	0.0
516	0.0	22	179.0	False	0.0004627487274409
517	0.0	22	167.0	False	0.0009881422924901
518	0.0	22	171.5	False	0.0009523809523809
519	0.0	22	165.5	False	0.0007505629221916
520	0.0	22	172.0	False	0.0004826254826254
521	0.0	21	163.0	False	0.0008019246190858
522	0.0	22	170.0	False	0.0004906771344455
523	0.0	20	160.0	False	0.0011799410029498
524	0.0	22	167.5	False	0.0005008765339343
525	0.0	22	161.5	False	0.0
526	0.0	22	159.5	False	0.0005153311002318
527	0.0	22	158.5	False	0.0007763975155279
528	0.0	22	157.0	False	0.0002647603918453
529	0.0	22	157.0	False	0.001058201058201
530	0.0	21	153.0	False	0.0005561735261401
531	0.0	21	151.0	False	0.0008498583569405
532	0.0	21	150.0	False	0.0002863688430698
533	0.0	21	146.0	False	0.0002964719833975
534	0.0	21	146.0	False	0.0002880184331797
535	0.0	21	143.0	False	0.0
536	0.0	21	140.0	False	0.0002970885323826
537	0.0	21	139.0	False	0.000603318250377
538	0.0	18	140.5	False	0.0003444712366517
539	0.0	18	134.0	False	0.0007315288953913
540	0.0	14	119.0	False	0.002568053415511
541	0.0	19	136.0	False	0.0
542	0.0	18	142.5	False	0.0
543	0.0	19	139.0	False	0.0006736274840013
544	0.0	19	137.0	False	0.000337723741979
545	0.0	17	140.0	False	0.0015020653398422
546	0.0	17	134.0	False	0.0004008016032064
547	0.0	16	131.0	False	0.0008810572687224
548	0.0	16	134.5	False	0.0
549	0.0	13	130.0	False	0.0
550	0.0	13	129.0	False	0.0
551	0.0	13	130.0	False	0.0
552	0.0	13	131.0	False	0.0005494505494505
553	0.0	12	127.0	False	0.0
554	0.0	11	128.0	False	0.0
555	0.0	11	125.0	False	0.0006934812760055
556	0.0	8	121.0	False	0.0
557	0.0	10	121.5	False	0.0
558	0.0	8	114.5	False	0.0019940179461615
559	0.0	7	117.0	False	0.0033519553072625
560	0.0	7	119.0	False	0.0011415525114155
561	0.0	7	122.0	False	0.0011600928074245
562	0.0	7	121.0	False	0.0
563	0.0	6	118.0	False	0.0
564	0.0	4	108.0	False	0.0022988505747126
568	0.001953125	2	220.5	False	0.0022675736961451
569	0.0	2	238.5	False	0.0
570	0.004901960784313725	2	254.0	False	0.0059055118110236
571	0.0	4	170.0	False	0.0
572	0.0	7	129.0	False	0.0030935808197989
573	0.0	14	164.5	False	0.0022213994816734
574	0.0	16	136.5	False	0.0017618040873854
575	0.0	16	144.0	False	0.001325381047051
576	0.0	26	135.0	False	0.0004291845493562
577	0.0	30	186.5	False	0.0004159157077498
578	0.0	30	189.5	False	0.0006782419967444
579	0.0	30	192.0	False	0.0006556517178075
580	0.0	30	202.0	False	0.0001233045622688
581	0.0	30	230.0	False	0.0002207505518763
582	0.0	30	251.0	False	0.0007209062821833
583	0.0	30	275.5	False	0.0005656108597285
584	0.0	30	279.5	False	0.0010308312248149
585	0.0	30	300.5	False	0.0007072761029086
586	0.0	30	315.5	False	0.0002489213408562
587	0.0	30	362.0	False	0.0005193648909333
588	0.0	30	364.5	False	0.0003681614019586
589	0.0	30	365.5	False	0.0004392065002562
590	0.0	30	369.0	False	7.291818579553741e-05
591	0.0	30	383.0	False	0.0007785956964892
592	0.0	30	383.0	False	0.0006324221769376
593	0.0	30	383.5	False	0.0004203741329783
594	0.0	30	394.5	False	0.0006146701270318
595	0.0	30	412.5	False	0.0005290655379935
596	0.0	30	410.0	False	0.0004633306857294
597	0.0	30	416.5	False	0.0009089138479516
598	0.0	30	418.0	False	0.0003867474539125
599	0.0	30	431.5	False	0.000686898963407
600	0.0	30	434.0	False	0.0009981907792126
601	0.0	30	439.0	False	0.0007997539218701
602	0.0	30	433.0	False	0.0004330611234842
603	0.0	30	451.5	False	0.0001797591227754
604	0.0	30	454.5	False	0.0006540611249851
605	0.0	30	454.0	False	0.0004759638267491
606	0.0	30	456.0	False	0.0002368826246594
607	0.0	30	457.0	False	0.0008841211835435
608	0.0	30	458.5	False	0.0002949678485045
609	0.0	30	462.0	False	0.0005249650023331
610	0.0	30	470.5	False	0.0001725923369002
611	0.0	30	491.0	False	0.000607131029915
612	0.0	30	512.0	False	0.000427693130179
613	0.0	30	519.5	False	0.0006856178471599
614	0.0	30	522.5	False	0.000262219425215
615	0.0	30	521.5	False	0.0004205877714105
616	0.0	30	513.0	False	0.0005292685508627
617	0.0	30	547.5	False	0.000803051596065
618	0.0	30	550.0	False	0.0003006463897379
619	0.0	30	558.5	False	0.0002958288137264
620	0.0	30	567.5	False	0.0001952076521399
621	0.0	30	571.5	False	0.0004853190973064
622	0.0	30	580.5	False	0.0003374957813027
623	0.0	30	583.5	False	0.0002894076789504
624	0.0013785594982192058	30	601.0	False	0.0015115729806329
625	0.0	30	607.5	False	0.0009818130814904
626	0.0	30	608.5	False	0.0007931694116549
627	0.0	30	616.0	False	0.0007388593858231
628	0.0	30	630.5	False	0.0006750978891939
629	0.0	30	632.0	False	0.0005846375247346
630	0.0	30	633.0	False	0.0003566969859104
631	0.0	30	640.5	False	0.0003981243917544
632	0.0	30	650.5	False	0.0004357108622717
633	0.0	30	656.0	False	0.0002593473092716
634	0.0	30	655.5	False	0.0006033442509912
635	0.0	30	657.5	False	0.0006464124111182
636	0.0	30	663.0	False	0.0003853894574572
637	0.0	30	665.0	False	0.0005553656869446
638	0.0	30	671.5	False	0.0002970759241183
639	0.0	30	679.5	False	0.0005451648075148
640	0.0	30	686.0	False	0.0003347700548185
641	0.0	30	684.5	False	0.0005443658138268
642	0.0	30	686.0	False	0.0005434101074279
643	0.0	30	705.5	False	0.0006964929531301
644	0.0	30	709.5	False	0.0004495667811018
645	0.0	30	700.5	False	0.0004920452681646
646	0.0	30	702.5	False	0.000326743996079
647	0.001288661933823224	30	688.0	False	0.001803722226777
648	0.002053388090349076	30	664.0	False	0.0026635099141757
649	0.0	30	666.0	False	0.0002967736465001
650	0.0	30	665.5	False	0.0004225292601512
651	0.0	30	653.0	False	0.0003857528610003
652	0.0	30	608.0	False	0.0002709782314154
653	0.0	30	632.5	False	0.0003542801470262
654	0.0	30	620.0	False	0.0006372615958851
655	0.0	30	632.5	False	0.0002677376171352
656	0.0	30	624.5	False	0.0002710639259091
657	0.0	30	605.5	False	0.0004616805170821
658	0.0	30	597.5	False	0.0003749004170767
659	0.0	30	590.5	False	0.0004278990158322
660	0.0	30	673.5	False	0.0006243236493798
661	0.0	30	738.0	False	0.0003397123768542
662	0.0	30	769.5	False	0.0006867635364707
663	0.0012552441896374602	30	829.5	False	0.0015613332428212
664	0.0	30	858.0	False	0.0006854457029082
665	0.0	30	905.5	False	0.0008986117997025
666	0.0	30	1016.5	False	0.0002789166875854
667	0.0007283184988287471	30	1112.5	False	0.0007206836198908
668	0.0	30	1142.5	False	0.000426033130341
669	0.0	30	1148.5	False	0.0004969561436203
670	0.0	30	1179.0	False	0.0005069647297395
671	0.0	30	1191.5	False	0.0002883506343713
672	0.0006183748272355868	30	1251.5	False	0.0005490608771247
673	0.0	30	1316.0	False	0.0002220643098241
674	0.0004681922376986071	30	1326.5	False	0.0004416473445953
675	0.0	30	1327.5	False	0.0003086691948143
676	0.0	30	1358.0	False	0.0002173393318988
677	0.0004350919916732427	30	1403.5	False	0.0004585339419329
678	0.0	30	1454.5	False	0.0004255060482645
679	0.0	30	1489.5	False	0.0003369539364148
680	0.0	30	1494.5	False	0.0002961442024836
681	0.0005304865362793388	30	1515.0	False	0.0003707534099557
682	0.0	30	1515.5	False	0.0003301868469098
683	0.0	30	1585.0	False	0.0002794128604425
684	0.00043138722123622084	30	1594.0	False	0.0004089067320917
685	0.00016795431642593214	30	1615.0	False	0.0003853140309352
686	0.0	30	1616.0	False	0.0004206214224319
687	0.0	30	1618.5	False	0.0001641167782052
688	0.0	30	1634.0	False	0.0003980243518535
689	0.0	30	1650.0	False	0.0002877025155988
690	0.0	30	1711.5	False	0.000261917234154
691	0.0	30	1724.0	False	0.0004509191814082
692	0.0007361000230031257	30	1758.0	False	0.0010175527855507
693	0.0006036966655887451	30	1768.0	False	0.0005442454547
694	0.0006453083554376658	30	1784.5	False	0.0007069159948159
695	0.00018811136192626034	30	1811.5	False	0.0003337783711615
696	0.0	30	1841.0	False	0.0002969561989606
697	0.0006403435940014556	30	1869.0	False	0.0006665257750394
698	0.0006510485654255064	30	1935.0	False	0.0007078031363543
699	0.00037524299675403903	30	1959.5	False	0.0004338193142556
700	0.00044045000858853554	30	1972.5	False	0.0004631273445821
701	0.0	30	1969.5	False	0.0004631702459434
702	0.0004332840856428184	30	1961.0	False	0.0004955401387512
703	0.0	30	1966.5	False	0.000385409921993
704	0.0005356115000676501	30	1957.5	False	0.0006194347657762
705	0.00039462200144064645	30	2036.0	False	0.0005072961117245
706	0.00047404728742479177	30	2053.0	False	0.0005466337701478
707	0.0004855255920492476	30	2063.0	False	0.0005147815855272
708	0.0004426842267665292	30	2052.5	False	0.000516307955568
709	0.0014348418002180507	30	2053.5	False	0.0010574018126888
710	0.0006557436800116634	30	2056.0	False	0.1804892382281642
711	0.0004766256922657387	30	2074.0	False	0.000465630638496
712	0.00031047346414793696	30	2086.0	False	0.000359484642816
713	0.00032112287251591864	30	2107.0	False	0.0004424652450686
714	0.0005534171595458488	30	2126.0	False	0.0005656828499101
715	0.0	30	2183.5	False	0.0003440303847635
716	0.00045046150999162183	30	2166.5	False	0.0008676546734399
717	0.0004369684680040174	30	2192.5	False	0.0010174198781845
718	0.00013539128080151638	30	2196.5	False	0.0003165340893451
719	0.0002859094554219406	30	2265.0	False	0.0003199530735492
720	0.00031839176175254343	30	2261.5	False	0.0004295129055205
721	0.00013517166801838335	30	2322.0	False	0.0003808623248361
722	0.0005431563911255065	30	2339.5	False	0.0006531422674486
723	0.00039086906723389354	30	2327.0	False	0.00040697369112
724	0.0005095874619805304	30	2361.5	False	0.0005662441284344
725	0.00031665461986011276	30	2356.5	False	0.0003619067314652
726	0.0	30	2409.0	False	0.0002793792700581
727	0.0004977647963790815	30	2435.0	False	0.0019039693347455
728	0.0003983937930231178	30	2461.5	False	0.000399356038388
729	0.0	30	2474.5	False	0.0002490753079193
730	0.000242328400724155	30	2485.0	False	0.0002969782463434
731	0.0	30	2489.0	False	0.0002715747632979
732	0.0	30	2500.5	False	0.000233808744447
733	0.0	30	2489.5	False	0.0002475768416622
734	0.0003217214070487289	30	2470.5	False	0.0003100083082226
735	0.00039996493808661126	30	2392.5	False	0.0004303470622484
736	0.0004022534604391728	30	2452.5	False	0.0004344641815315
737	0.00027411886728275295	30	2441.5	False	0.0002871912693854
738	0.00034857264205321117	30	2411.0	False	0.0004063543664046
739	0.0008906861714575838	30	2440.0	False	0.0007713805182159
740	0.0	30	2418.5	False	0.0002040087723772
741	0.0003334296945150482	30	2369.0	False	0.0004036563452173
742	0.00011193194537721066	30	2330.5	False	0.00026526606186
743	0.000528282543892864	30	2349.0	False	0.0005520794994479
744	0.0004690291353198952	30	2392.5	False	0.0004118563136285
745	0.00010679196924391286	30	2412.5	False	0.0002420690533825
746	0.00027044613151660477	30	2423.0	False	0.0003153818012085
747	0.00043168591378953705	30	2408.5	False	0.0005105231586067
748	0.00010715816545220746	30	2394.0	False	0.0002680930921346
749	0.00028587961844047836	30	2369.5	False	0.0003094897288096
751	0.00033144841204685814	30	2391.5	False	0.0003604485009204
752	0.00024211535508884694	30	2480.0	False	0.0003225206227128
753	0.00029689567957512847	30	2489.0	False	0.0003101929400086
754	0.0003187652238136218	30	2474.0	False	0.0003114255817429
755	0.0002796789771740264	30	2468.0	False	0.0003236527952398
756	0.0003302949022118859	30	2459.5	False	0.0004487994614406
757	0.00027479499084554924	30	2480.0	False	0.0002844457636132
758	0.0003522175362475672	30	2448.0	False	0.0004129129129129
759	0.0003957017784740111	30	2527.5	False	0.0004853132090122
760	0.0004364633225747913	30	2564.5	False	0.0004657939996178
761	0.00014188422247446084	30	2559.5	False	0.0002875318980699
762	0.0003541144759393705	30	2547.5	False	0.0005164048614113
763	0.00026010843515467553	30	2535.5	False	0.0003746495214154
764	0.0002894094807044991	30	2517.0	False	0.0003543456213878
765	0.00042003648579030196	30	2551.5	False	0.0005319406160839
766	0.0	30	2525.5	False	0.000243783520234
767	0.00031925964741276013	30	2565.5	False	0.000301048854208
768	0.00029256502286517395	30	2551.0	False	0.0003623144648011
769	0.0011075379475275217	30	2547.5	False	0.000682949623479
770	0.0003761046926097337	30	2525.0	False	0.0003424071220681
771	0.00032863262668545844	30	2524.5	False	0.0002555677254472
772	0.0	30	2511.5	False	0.0002328174588587
773	0.0003761505719944151	30	2483.5	False	0.0004355292302331
774	0.00029845676211196946	30	2481.5	False	0.0004227961749381
775	0.0003503692159017931	30	2485.0	False	0.0004494101491792
776	0.0003519173531043286	30	2484.5	False	0.000362808387129
777	0.00038074776978171235	30	2492.5	False	0.0004605770906465
778	0.00037005573361135785	30	2527.5	False	0.0004306632213608
779	0.0002377558022929925	30	2526.5	False	0.0003192651988653
780	0.0004449355557586895	30	2547.0	False	0.0004898958971218
781	0.00031961728775983637	30	2550.5	False	0.0004247985241285
782	0.00044392834460386975	30	2580.5	False	0.000503856904639
783	0.00028557097033722243	30	2603.5	False	0.000345045034326
784	0.0002934263473653984	30	2572.0	False	0.0003250544767224
785	0.0006047052375060951	30	2585.0	False	0.0006586431950182
786	0.00042847258487068915	30	2577.0	False	0.0004671665748305
787	0.00040182978164532554	30	2624.0	False	0.0004476486664781
788	0.0	30	2628.5	False	0.0002358768722726
789	0.00030367261022440524	30	2595.5	False	0.0003452504256104
790	0.0003530862983393582	30	2553.5	False	0.0004231755090196
791	0.00038737024780916864	30	2523.5	False	0.0005505934173498
792	0.0005164001993712138	30	2556.0	False	0.0006143320042882
793	0.00051697834153881	30	2581.0	False	0.0006551284647362
794	0.0009029960285594906	30	2569.0	False	0.0008279735048478
795	0.0005902795185018077	30	2554.5	False	0.0006979626710309
796	0.0004355155174555939	30	2562.0	False	0.0005756016836349
797	0.0004708379652530668	30	2544.5	False	0.0004234263661549
798	0.0004708436080985101	30	2590.0	False	0.0004881533515894
799	0.000752753496775449	30	2543.0	False	0.0006834519203778
800	0.00047377126866140486	30	2575.5	False	0.0005401706939392
801	0.00116855769064462	30	2440.0	False	0.0012431753518058
802	0.0006502017839071024	30	2532.0	False	0.0007317519360936
803	0.0005118437502045412	30	2512.5	False	0.0005550758603675
804	0.0006161188684506546	30	2514.5	False	0.0006898930665746
805	0.0004802066531901447	30	2513.0	False	0.0006528540809539
806	0.0005203335304273278	30	2521.5	False	0.0005928634067413
807	0.0006135681906138148	30	2472.5	False	0.0008090512609822
808	0.000504830331507793	30	2541.5	False	0.0006525405991061
809	0.0002499495737642954	30	2576.0	False	0.0004403238826781
810	0.00037494532192500256	30	2611.5	False	0.0004733239477644
811	0.0004232891050256759	30	2576.5	False	0.0004660803866014
812	0.00039216554738005733	30	2534.5	False	0.0004094089623343
813	0.0003541263209315954	30	2558.0	False	0.0004693965783459
814	0.0003093723250344601	30	2553.5	False	0.0004202615510123
815	0.00047424258063358	30	2560.5	False	0.0005184993148401
816	0.00039256023237716603	30	2501.5	False	0.0004026271421022
817	0.00040649237965149204	30	2478.5	False	0.0005046490796462
818	0.00046530201169376424	30	2501.5	False	0.0004751009589537
819	0.0003740273198199203	30	2449.5	False	0.0004065660415713
820	0.0005841723226632117	30	2444.0	False	0.0009562423500611
821	0.0005415706801405842	30	2350.5	False	0.000574674239893
822	0.0	30	2379.5	False	0.0001572306442525
823	0.00025103562040112006	30	2371.0	False	0.0003946433739377
824	0.0003351897170441537	30	2356.5	False	0.0003008384236066
825	0.0005572292008903248	30	2304.0	False	0.0004410907544227
826	0.00032678529524308856	30	2351.0	False	0.0003393059887507
827	0.0007716977082403778	30	2368.5	False	0.000842227164458
828	0.0004107216125033335	30	2360.0	False	0.0003902185223725
829	0.00027388235601279507	30	2372.5	False	0.0003230308042174
830	0.002116466175960159	30	2385.0	False	0.001953175194675
831	0.00043043665850049905	30	2404.5	False	0.0004997501249375
832	0.0	30	2420.0	False	0.0002416441979956
833	0.0	30	2426.0	False	0.0002291592402098
834	0.00032142009744684844	30	2368.5	False	0.008491352365076
835	0.0004448905664201034	30	2345.0	False	0.00048550696112
836	0.00028112027539584257	30	2347.5	False	0.0003933136676499
837	0.00040661495324630667	30	2355.0	False	0.0004068668626627
838	0.0005073519726009352	30	2333.0	False	0.0005702539619388
839	0.0003542495281768128	30	2342.5	False	0.0003307053283242
840	0.00012490632025980515	30	2309.0	False	0.0003071089034876
841	0.0	30	2309.0	False	0.0002269420229878
842	0.00028877168466465587	30	2385.5	False	0.0002714897027834
843	0.0004087542040307256	30	2378.0	False	0.000425888881719
844	0.00038166272829920724	30	2389.5	False	0.0004125784866105
845	0.00028182157521463235	30	2413.0	False	0.000332761665856
846	0.0	30	2410.5	False	0.0002425851920891
847	0.0002457262273071107	30	2469.5	False	0.0003868906472306
848	0.00026223263048374105	30	2447.5	False	0.0004688291941206
849	0.00029542952380537944	30	2454.0	False	0.0002897820335139
850	0.0	30	2469.5	False	0.0002764861128566
851	0.0003228527027937684	30	2489.0	False	0.0003372554897699
852	0.0	30	2472.5	False	0.0002132035717868
853	0.00037213509688458743	30	2500.5	False	0.0004343455653317
854	0.0002626659075952981	30	2465.5	False	0.0003404620195702
855	0.0004880575061184323	30	2461.0	False	0.0006670946141549
856	0.0005568039206932643	30	2481.0	False	0.0006009916361997
857	0.00031293602815165927	30	2463.0	False	0.0003512072750078
858	0.00024292503883255323	30	2468.5	False	0.0003396012829381
859	0.0002961624507508458	30	2454.0	False	0.0004416570974295
860	0.000369549351909311	30	2499.0	False	0.0003461662092327
861	0.00010004001600640257	30	2549.5	False	0.0002693338883243
862	0.0002462011069684103	30	2509.5	False	0.0003214003164556
863	0.00026915147462559265	30	2603.5	False	0.0003589031918457
864	0.0008168216695859377	30	2583.5	False	0.000818025430967
865	0.0004005037654090496	30	2563.5	False	0.0004851013255393
866	0.0005799523796712314	30	2480.5	False	0.0006653861122619
867	0.00023544044074672228	30	2604.5	False	0.0003459753522386
868	0.0005044624249922263	30	2608.5	False	0.0005990965623839
869	0.00039795629371513537	30	2611.0	False	0.0006263701847792
870	0.0007611941983819155	30	2625.5	False	0.0008875029983209
871	0.0007659620374142321	30	2577.0	False	0.0010114303819063
872	0.00039739439399921045	30	2576.5	False	0.0004391314954867
873	0.0	30	2525.5	False	0.0003117595710188
874	0.00026313950136460317	30	2509.0	False	0.0003773822252971
875	0.0008770158770447199	30	2443.5	False	0.0029346182433298
876	0.0003739992478055517	30	2511.0	False	0.0005009894541719
877	0.0006386759518269764	30	2595.5	False	0.0005729052390355
878	0.0006476252306848152	30	2664.5	False	0.0006264405176998
879	0.0005163586795913857	30	2611.5	False	0.0006125537485887
880	0.00040733399160090177	30	2722.0	False	0.0004619897900256
881	0.0002407731902690216	30	2786.0	False	0.0002620067438257
882	0.0004488337572934227	30	2845.0	False	0.0004892748723993
883	0.0004399519962628275	30	2904.0	False	0.0004818907641254
884	0.00033796473574169907	30	2935.5	False	0.0003335557038025
885	0.0003373819547323112	30	2880.0	False	0.0002954921037943
886	0.0003622754836725418	30	2885.5	False	0.0005142344471432
887	0.0003830314223867351	30	2918.5	False	0.0005965357541838
888	0.0003242793870184669	30	2829.0	False	0.0003647416413373
889	0.0006423189360563264	30	2856.5	False	0.0005832828922027
890	0.0005918806785357912	30	2867.5	False	0.0005806373864744
891	0.000417399989865382	30	2877.0	False	0.0005337806923898
892	0.0005068434779037293	30	2870.5	False	0.00061161411518
893	0.0004235364961394243	30	2899.0	False	0.0004905701515316
894	0.0004707309280301268	30	2859.0	False	0.0005215268530847
895	0.00032552300572668376	30	2839.5	False	0.0004364564215049
896	0.0005182194448247173	30	2738.5	False	0.000604609543157
897	0.0004178775618743708	30	2941.5	False	0.0004879318196603
898	0.00036597171865605414	30	2997.5	False	0.0004052295945571
899	0.0003987716180094032	30	2981.5	False	0.000578152268177
900	0.0004643022274475022	30	2962.0	False	0.0007196794740969
901	0.00033699051466476253	30	2942.5	False	0.0004198830787119
902	0.0004705252243349626	30	2908.0	False	0.0004810635878597
903	0.0005964900877018828	30	2773.0	False	0.0006358867213226
904	0.00034905104145433185	30	2844.0	False	0.00050075112669
905	0.0002649798575989539	30	2814.5	False	0.0002687569988801
906	0.0003353327774340767	30	2921.0	False	0.0004223201619976
907	0.0003192638223439045	30	2858.0	False	0.0004094233769682
908	0.0006702058626861416	30	2931.5	False	0.0007136060894386
909	0.00036183143641779417	30	3053.0	False	0.0004617435014849
910	0.0003338521267299332	30	3040.5	False	0.0004416682440532
911	0.0	30	3069.0	False	0.0003863180755095
912	0.0002856320145889793	30	3073.5	False	0.0003352856738718
913	0.0008079192074265252	30	3071.5	False	0.000774325865623
914	0.00030680245856119575	30	3021.5	False	0.0003830765301779
915	0.00030167364717342257	30	3135.5	False	0.0003695415631608
916	0.0004167109669183614	30	3135.5	False	0.0004313487865747
917	0.0003921476519957852	30	3035.0	False	0.0005597625761752
918	0.00031867661223356717	30	3001.5	False	0.000435984687367
919	0.0002990326121605706	30	3000.5	False	0.0003622030467668
920	0.0003147141415053825	30	3019.0	False	0.0003912073504689
921	0.00033922206298460297	30	2910.5	False	0.00036399074759
922	0.0005518366180570122	30	2892.5	False	0.0005365159312383
923	0.00021229388629980152	30	2935.0	False	0.0002491793332827
924	0.00024839886551700804	30	2955.5	False	0.0002906069379715
925	0.0003563991492653237	30	2996.0	False	0.0004250706679985
926	0.00029382820261103233	30	2996.0	False	0.0003625893142796
927	0.00030928477978368907	30	3006.0	False	0.0002881967423094
928	0.0004216649918491424	30	3008.0	False	0.0005025770439915
929	0.0012512171677797296	30	3020.5	False	0.0014604765204413
930	0.002256652963286041	30	3043.5	False	0.0021896188793805
931	0.0010352451166348192	30	3029.0	False	0.0011179251309569
932	0.0013336213721653286	30	3060.0	False	0.001268512352139
933	0.0007688609350862259	30	3058.0	False	0.0009478573158787
934	0.0004757826911749661	30	3035.5	False	0.0005512971385558
935	0.0004377750993599768	30	3001.0	False	0.0005366822304513
936	0.00032185409501982187	30	3002.5	False	0.0004938801803736
937	0.0002468243179751536	30	2917.0	False	0.0002318622958783
938	7.973210014351777e-05	30	2957.0	False	0.0002276003338138
939	0.0002118379103358145	30	2961.5	False	0.0003352402374798
940	0.00018405028856935754	30	2976.0	False	0.000268768074653
941	0.00034830359654995104	30	2991.0	False	0.0011341871836848
942	0.00034426314080628686	30	2973.5	False	0.000410593307329
943	0.0003378599744455001	30	2969.5	False	0.0003995507753444
944	0.0006387125446976462	30	2717.5	False	0.0008382922452063
945	0.00035998986119267827	30	3003.5	False	0.0003960692800102
946	0.0	30	3038.5	False	0.0002458236696129
947	0.00033171901504986274	30	3106.5	False	0.0003124804699706
948	0.0003162017145181632	30	3098.5	False	0.0003753479788553
949	0.00012664640324214793	30	3077.5	False	0.000356906668906
950	0.0003715160722042038	30	3030.0	False	0.0004035769663756
951	0.0002713341430732001	30	3029.5	False	0.0002986825964051
952	0.00011165698972755694	30	2931.0	False	0.0002522565998003
953	0.0004955891866508322	30	2854.5	False	0.0005132840134346
954	0.0006254890453834116	30	2817.5	False	0.0008020605047332
955	0.0008036741968249797	30	2663.0	False	0.0009302325581395
956	0.0006287853629995098	30	2821.5	False	0.0007050528789659
957	0.0004848202617994295	30	2792.5	False	0.0005864044386305
958	0.00048718137374934923	30	2803.5	False	0.0006519637598075
959	0.0005130831297901043	30	2700.0	False	0.0007345568173868
960	0.00038987688098495214	30	2712.0	False	0.0005328823140993
961	0.0011739383167357464	30	2649.0	False	0.0014739444655762
962	0.0009680945323432813	30	2722.5	False	0.0009658947174757
963	0.00042626848335533866	30	2740.5	False	0.0006282842129312
964	0.0005027388896172327	30	2744.5	False	0.0006149571238227
965	0.0004422432730128829	30	2724.0	False	0.0005623264247515
966	0.000539629054128766	30	2712.5	False	0.0005404721656834
967	0.000373694634786809	30	2681.5	False	0.0003708296153801
968	0.0005725569238584504	30	2689.5	False	0.0005797639201317
969	0.00038340469839418325	30	2720.0	False	0.0004364555217366
970	0.00036829598559071205	30	2732.0	False	0.0004124514510271
971	0.0004042710100844746	30	2769.0	False	0.000476812170063
972	0.0	30	2788.0	False	0.0002487084119967
973	0.00026224556562059597	30	2895.0	False	0.0003800629818655
974	0.0006488398537733453	30	2949.5	False	0.0006715262057686
975	0.00032269939212028743	30	2989.5	False	0.0003313452617627
976	0.0002831569457321887	30	2989.5	False	0.0003524097350519
977	0.00011584800741427248	30	2975.5	False	0.0002255832939457
978	0.0002869826193024231	30	2943.0	False	0.0003507348992185
979	0.0003246873704886848	30	2985.0	False	0.000345069283442
980	0.0009730855619839181	30	2939.5	False	0.0010709095081465
981	0.000380331325623473	30	2891.5	False	0.0005296902415608
982	0.0003482464765650606	30	2863.0	False	0.0003247298583505
983	0.0006625815881766826	30	2883.0	False	0.0006621347223448
984	0.0003929273084479371	30	2829.0	False	0.0005931330856349
985	0.0003653935501904047	30	2814.0	False	0.0003844501232501
986	0.00033110464396583284	30	2829.0	False	0.0004165869146672
987	0.00019841955993716166	30	2828.5	False	0.0002687389425122
988	0.0	30	2910.5	False	0.0002305235079091
989	0.00032159979778069274	30	2881.0	False	0.0003437759911283
990	0.0002926963906581741	30	2870.0	False	0.0044726590679555
991	0.00043693123174899347	30	2871.5	False	0.0006662817039044
992	0.0012717067979005011	30	2867.0	False	0.0013659078289838
993	0.00046827751500439657	30	2987.0	False	0.0005866541513781
994	0.0004486459879064815	30	3075.0	False	0.0006002463079677
995	0.0003223231954249779	30	3075.0	False	0.0003513739755898
996	0.00031328806089641465	30	3077.0	False	0.0004034594057767
997	0.00010271158586688578	30	3063.5	False	0.0002290211428155
998	0.0003076029147682132	30	3018.5	False	0.0003378449713887
999	0.0002896296967317893	30	3100.0	False	0.0002764382467672
1000	0.0003705799229039953	30	3030.5	False	0.0111672455530996
1001	0.0003613363689851884	30	3058.5	False	0.0005625351584474
1002	0.000354688084568609	30	3064.5	False	0.0004392340594639
1003	0.00047340340685364095	30	3019.0	False	0.0005729564553093
1004	0.00012537612838515547	30	3042.0	False	0.0002737562516451
1005	0.00027714982508876844	30	3006.0	False	0.0002875552478832
1006	0.0004081416419078757	30	3000.0	False	0.0005416887944768
1007	0.00024568081740799304	30	2996.0	False	0.0003409078802987
1008	0.00028290559915310426	30	2935.5	False	0.0003905783814865
1009	0.00033109610011061654	30	2990.5	False	0.0003739436093037
1010	0.0003102959746219471	30	2919.0	False	0.0004138802361295
1011	0.0009131033130172175	30	2921.0	False	0.0009224791899547
1012	0.00032871115813312316	30	2988.0	False	0.0004047332488363
1013	0.0	30	3016.5	False	0.000274978054636
1014	0.0002853351726907241	30	3030.5	False	0.0002423067603586
1015	0.00026122268316151355	30	3030.0	False	0.0002429363612358
1016	0.0003948786582759222	30	3013.5	False	0.0004148892033063
1017	0.00025800413565452737	30	2994.5	False	0.0003519624573378
1018	0.0006185517975523928	30	2968.5	False	0.0003961180431768
1019	0.0004367099342695805	30	2991.5	False	0.0005187674948933
1020	0.00033312573966334336	30	3002.0	False	0.0003643377625375
1021	0.0004537740877339124	30	2930.0	False	0.0005229669659199
1022	0.00029751826397832746	30	2984.0	False	0.0003340481244814
1023	0.00034471252125559284	30	3081.5	False	0.0004579183448333
1024	0.00040922581702954925	30	3131.5	False	0.0004815031092807
1025	0.000533975514818726	30	3153.5	False	0.000581330124119
1026	0.00025116649730928624	30	3142.5	False	0.0003474209106515
1027	0.0003012099685846144	30	3141.0	False	0.0003794288058247
1028	0.000287805752224659	30	3142.0	False	0.0002966054023094
1029	0.0011799672881045026	30	3031.5	False	0.0012018463763799
1030	0.00044891242132237633	30	3098.5	False	0.0005411368035465
1031	0.00038658717346496725	30	3099.0	False	0.0123931313173285
1032	0.0003145079863764635	30	3106.5	False	0.0004442607707407
1033	0.0003904393756625361	30	3038.5	False	0.0004497860901036
1034	0.00027663589982849184	30	3077.0	False	0.0003332882005561
1035	0.00017534636449241398	30	3097.0	False	0.0002488593944421
1036	0.00033450607620318334	30	3117.0	False	0.0003608024245922
1037	0.00013058239749281798	30	3125.0	False	0.000268817204301
1038	0.00038774925718331604	30	3104.5	False	0.0004876125658795
1039	0.0002729997242457108	30	3057.0	False	0.0003497170471164
1040	0.0007193313467068805	30	3023.5	False	0.0007921724794998
1041	0.0001143379830779785	30	3029.5	False	0.0002356923999914
1042	0.0005525948535970774	30	3017.0	False	0.0006101477199743
1043	0.0003190623709169025	30	3055.5	False	0.0003835785750055
1044	0.0006640919588527564	30	3032.0	False	0.0007764140307587
1045	0.0005840340635164078	30	3034.0	False	0.0006692231699933
1046	0.0004491868246061598	30	2930.0	False	0.0005781103427212
1047	0.0004531130633091543	30	2917.0	False	0.0004627028456225
1048	0.0003807736376705105	30	2801.0	False	0.000504888236104
1049	0.00039864064884167073	30	2656.5	False	0.001312193771293
1050	0.0002483875230588957	30	2706.0	False	0.0003796732437146
1051	0.0005198406288698649	30	2669.0	False	0.0005994053898532
1052	0.0007915444646788684	30	2702.5	False	0.0007941681977123
1053	0.0007230411374209399	30	2709.5	False	0.0008775882924978
1054	0.00026431026530593566	30	2709.0	False	0.0002613913146794
1055	0.00035099567308011204	30	2665.0	False	0.0003609065973726
1056	0.00042168981055876436	30	2712.5	False	0.0004161217453334
1057	0.00036765421472303745	30	2720.0	False	0.000437890551032
1058	0.00045130015731440816	30	2789.0	False	0.0005190371284559
1059	0.0006709438070234816	30	2764.5	False	0.0006947580505089
1060	0.00042204942928944684	30	2780.0	False	0.0004608825901601
1061	0.00027601376600477066	30	2765.5	False	0.0002547357695336
1062	0.00023698614569972449	30	2759.5	False	0.0003596037398788
1063	0.00043188915889213347	30	2630.0	False	0.0005303249445569
1064	0.0003414775227271032	30	2833.0	False	0.0003736920777279
1065	0.0004374094060396483	30	2873.0	False	0.0004922360943303
1066	0.00046523013470571356	30	2923.0	False	0.0005641156105168
1067	0.0005290645478338157	30	2930.5	False	0.0005618534553987
1068	0.00032441193499306575	30	2874.0	False	0.0003715002983259
1069	0.00019996377898144274	30	2784.5	False	0.0002667749231572
1070	0.00032748508924477864	30	2851.5	False	0.0003860258637328
1071	0.00047215405686892756	30	2819.5	False	0.0005460502366217
1072	0.00029838396349343656	30	2881.0	False	0.0003902199725731
1073	0.0002637439130067968	30	2941.0	False	0.000362717080677
1074	0.0	30	2946.0	False	0.0002420721374969
1075	0.00042525259011747256	30	2928.5	False	0.0004174447984181
1076	0.0003151892406929276	30	2955.5	False	0.0002840971175069
1077	0.0002698051500249826	30	2957.5	False	0.000227728677547
1078	0.0002802335556597929	30	3001.5	False	0.0003946666666666
1079	0.0003016427599823486	30	2990.0	False	0.0003216261417728
1080	0.002782648298603638	30	2922.5	False	0.0028851702250432
1081	0.00028384506906829906	30	2830.0	False	0.0002908993264561
1082	0.0008962623951182303	30	2575.5	False	0.0010091181028579
1083	0.00028485138929643973	30	2911.5	False	0.0003158078146099
1084	0.00040838719575237293	30	2907.0	False	0.0004698529251076
1085	0.0003324341301524276	30	2902.5	False	0.0004503811762638
1086	0.00039418433914229254	30	2901.0	False	0.0004625601603541
1087	0.00048567311486770654	30	2755.5	False	0.0006391409945033
1088	0.00027206750440523716	30	2842.5	False	0.0003630834865091
1089	0.00033585814434850285	30	2839.0	False	0.0004002653187255
1090	0.000553318138118885	30	2855.5	False	0.0005019736691993
1091	0.000519386293640025	30	2818.0	False	0.0006355295694576
1092	0.0004836494600384488	30	2836.5	False	0.0006206967896182
1093	0.00040104285617784526	30	2901.0	False	0.0004727387330601
1094	0.00030391615163865	30	2885.0	False	0.000373003583095
1095	0.00047206431037832884	30	2849.0	False	0.0004897494305239
1096	0.00029295718408456925	30	2828.5	False	0.0003228782287822
1097	0.00045155153472714474	30	2740.0	False	0.0006726774924471
1098	0.0003895802538336475	30	2705.0	False	0.0003932222778294
1099	0.00043365949943733337	30	2660.0	False	0.0004239341085271
1100	0.0004302024514784566	30	2691.5	False	0.0004469624672328
1101	0.0006687161886314272	30	2656.5	False	0.0007673755755316
1102	0.0	30	2688.0	False	0.0002864953265449
1103	0.0003620546325518529	30	2647.0	False	0.0004111146042417
1104	0.00038317763592753346	30	2561.5	False	0.0004412561933458
1105	0.00029189990542647547	30	2625.5	False	0.0003648747263439
1106	0.0002927211937680703	30	2556.5	False	0.0003223766599298
1107	0.0018659363263553532	30	2377.5	False	0.0021489588894821
1108	0.0005068611218509037	30	2525.5	False	0.0006660299587815
1109	0.00035848705766185137	30	2581.5	False	0.0004062538471008
1110	0.00116801952314793	30	2534.5	False	0.0013479805487666
1111	0.000374139395565093	30	2503.0	False	0.0004209720627631
1112	0.00030190477864977506	30	2474.0	False	0.0003461360955848
1113	0.0002987880496205057	30	2516.5	False	0.0004409393267486
1114	0.0002717381706701139	30	2554.0	False	0.0003374578177727
1115	0.00028484062980961404	30	2459.5	False	0.0003765842509869
1116	0.0005200797536694742	30	2647.0	False	0.000507295390859
1117	0.00037766957335318667	30	2648.0	False	0.0004100387124784
1118	0.0002838905701586483	30	2603.0	False	0.0003680620307209
1119	0.0005051462490757034	30	2340.0	False	0.0005204766470346
1120	0.0004234805781197534	30	2530.5	False	0.0005076915266284
1121	0.00041074443807648676	30	2630.5	False	0.0004019047851027
1122	0.0007116990962845381	30	2602.0	False	0.0007678684220303
1123	0.0005275591402949505	30	2567.5	False	0.0005736089981794
1124	8.87784090909091e-05	30	2669.5	False	0.0002275667129784
1125	0.0002807748155237731	30	2646.0	False	0.0003862355312549
1126	0.00036361883552135074	30	2609.0	False	0.0003417343015805
1127	0.0005408556634959284	30	2428.0	False	0.0006442705936493
1128	0.00026999024157900545	30	2598.5	False	0.0003566465386838
1129	0.0005434914992260616	30	2366.5	False	0.000662206905872
1130	0.0006991377868045585	30	2432.5	False	0.0006452887337854
1131	0.0003788237454556932	30	2526.0	False	0.0005052355028987
1132	0.0013074216423044809	30	2238.0	False	0.001481903676261
1133	0.0005722863461579387	30	2401.0	False	0.0006245283509849
1134	0.0020363220985778916	30	2256.5	False	0.0018773817529701
1135	0.000535765907097087	30	2382.0	False	0.0006469244682676
1136	0.0004162664271467046	30	2332.0	False	0.0005172038327526
1137	0.001742781200918207	30	2412.5	False	0.0017612575904944
1138	0.0007422233639867778	30	2264.5	False	0.0007289753690437
1139	0.00033936068291546564	30	2273.5	False	0.0003016880819494
1140	0.0004317155624997094	30	2160.5	False	0.0004086398131932
1141	0.0003521680538551917	30	2147.5	False	0.0005046863734679
1142	0.0006013237801317272	30	1903.0	False	0.0008214631902344
1143	0.00045116690712617775	30	2124.0	False	0.0005256548783693
1144	0.0007206881833404471	30	1940.5	False	0.0009247596422136
1145	0.00042856991273755465	30	1753.0	False	0.0007245876751086
1146	0.0012551015158339923	30	2044.5	False	0.0021694894966784
1147	0.0004191309772017672	30	2363.0	False	0.0004701396053439
1148	0.0004921259842519685	30	2321.0	False	0.0005288556885039
1149	0.00030144686317646675	30	2325.5	False	0.0004490286453862
1150	0.0003646462964128792	30	2295.0	False	0.0013022581424697
1151	0.0004651323191523297	30	2321.0	False	0.0004674270146104
1152	0.0002942682121152376	30	2302.5	False	0.0004294149221685
1153	0.0005147445480987252	30	2340.5	False	0.0004926567513947
1154	0.00029318265854158824	30	2357.5	False	0.0003323716712977
1155	0.000347021539937103	30	2370.5	False	0.0005020809935918
1156	0.0003936983555623501	30	2416.5	False	0.0003918546480492
1157	0.00042625598954552056	30	2450.0	False	0.0005920891737781
1158	0.0006159580546664903	30	2423.5	False	0.0005926307652666
1159	0.0004611100484881231	30	2467.0	False	0.0005191647778354
1160	0.0003178565379211334	30	2495.0	False	0.0003518825717589
1161	0.00013116474291710389	30	2478.5	False	0.0002531805810494
1162	0.0003302326432598554	30	2449.5	False	0.000397003265672
1163	0.0	30	2506.0	False	0.0002372894056524
1164	0.000419506018693561	30	2490.5	False	0.000517912182305
1165	0.00048207094989662785	30	2531.5	False	0.0005464616607466
1166	0.0003685971378064364	30	2566.5	False	0.0003802794440559
1167	0.00027107296118508684	30	2559.0	False	0.000319822867335
1168	0.0003979298782340904	30	2500.0	False	0.0004280336887691
1169	0.0002855042025929137	30	2482.5	False	0.000356724252153
1170	0.0003062296858579353	30	2471.0	False	0.0003859265453142
1171	0.00046037605833121076	30	2406.0	False	0.00050343128163
1172	0.0001287664177182591	30	2535.5	False	0.0003142164071239
1173	0.0002743784441636305	30	2573.0	False	0.0002986263189329
1174	0.0008905126834194737	30	2579.5	False	0.0008521730412552
1175	0.0002982544155529938	30	2570.5	False	0.0003854618703604
1176	0.0003448655879245742	30	2590.0	False	0.0004237763458014
1177	0.0005982051162774054	30	2608.0	False	0.0007406493025552
1178	0.0003130983472401142	30	2646.5	False	0.0004420757914384
1179	0.0	30	2669.5	False	0.0003310081035687
1180	0.0004875801864516135	30	2541.5	False	0.000464078996558
1181	0.00048245827905605133	30	2663.0	False	0.0004468885385503
1182	0.00012503125781445363	30	2670.0	False	0.0004188894501459
1183	0.0003943895071943555	30	2688.5	False	0.0004183740017473
1184	0.00031889803312250644	30	2660.5	False	0.0003705899792469
1185	0.0005826156429422598	30	2655.0	False	0.0005206396429899
1186	0.00031351960190182895	30	2654.0	False	0.0003106902294136
1187	0.0005058709165792637	30	2644.5	False	0.0006003301815998
1188	0.0003242619835082415	30	2588.5	False	0.0003198526119164
1189	0.0010690151134651387	30	2554.0	False	0.001127874421135
1190	0.0005554804836768026	30	2610.0	False	0.0007307823150679
1191	0.00013116474291710389	30	2625.5	False	0.0002766182165669
1192	0.000326108298325273	30	2636.5	False	0.0003375295338342
1193	0.0006420571201199797	30	2517.0	False	0.0007166964204271
1194	8.168599901976801e-05	30	2606.5	False	0.0003039975680194
1195	0.0003585511527840216	30	2558.5	False	0.0004392935126684
1196	0.0005017189568473878	30	2568.0	False	0.0006548452125678
1197	0.00024057385169216797	30	2576.0	False	0.0003612157490066
1198	0.0005085636374843902	30	2514.5	False	0.0004743395480598
1199	0.0004211292685280212	30	2548.5	False	0.0004671441918405
1200	0.00048357267608604504	30	2510.5	False	0.0006048254552626
1201	0.0005814037945634522	30	2479.5	False	0.0005330490405117
1202	0.0004429775967929435	30	2523.5	False	0.0004453642817846
1203	0.0004521548314581191	30	2474.5	False	0.0004817084593357
1204	0.0	30	2527.0	False	0.0002629261046182
1205	0.0003597914252607184	30	2496.0	False	0.0003997814528057
1206	0.0	30	2528.5	False	0.0003694418788758
1207	0.00039554265638318297	30	2512.5	False	0.0004244313283374
1208	0.0	30	2522.5	False	0.0002252222413587
1209	0.0002540151667967408	30	2566.0	False	0.0003761153766341
1210	0.0003138732261507823	30	2565.0	False	0.0004288443295083
1211	0.0002884331129480592	30	2554.5	False	0.0004827262289948
1212	0.00034525378743226204	30	2500.5	False	0.0003972089451454
1213	0.0001321353065539112	30	2531.0	False	0.0002868243331334
1214	0.00037105044221947197	30	2531.0	False	0.0003778994005733
1215	0.00013326226012793177	30	2513.0	False	0.0002620751107267
1216	0.0003278963100391672	30	2580.0	False	0.0004616627553572
1217	0.00034007822782292107	30	2604.0	False	0.0005223063007974
1218	0.0	30	2508.0	False	0.0002877020452999
1219	0.00042950427530383316	30	2511.0	False	0.0004052446501169
1220	0.0001332267519317879	30	2479.5	False	0.0003561159619087
1221	0.0004915810405768142	30	2404.0	False	0.0004471605306304
1222	0.000983429194058877	30	2274.5	False	0.0011201907196507
1223	0.0003774225838797134	30	2467.0	False	0.0003297848483649
1224	8.963786303334529e-05	30	2434.5	False	0.0002913752913752
1225	0.0004373522704909199	30	2404.5	False	0.0004826643069744
1226	0.0005617290861531369	30	2398.0	False	0.0006818546446334
1227	0.00037152685530533313	30	2440.5	False	0.000436952981211
1228	0.0	30	2395.0	False	0.0002702191477288
1229	0.000509881007835765	30	2416.5	False	0.0004752980797957
1230	0.00035570602906550566	30	2422.5	False	0.0004176715484835
1231	0.0001369487811558477	30	2425.0	False	0.0003759751856377
1232	0.00031222322110097036	30	2371.5	False	0.0003714556935903
1233	0.0003522474902521303	30	2528.5	False	0.0003761690425849
1234	0.0003658205496553965	30	2538.0	False	0.0003876369650609
1235	0.000786514422779708	30	2441.0	False	0.0007838155600902
1236	0.0004906829232471267	30	2530.5	False	0.0005333610854548
1237	0.0007621125976007749	30	2297.0	False	0.0009028581102051
1238	0.0004606716500342785	30	2662.5	False	0.0004552221360991
1239	0.00035067953738007263	30	2608.0	False	0.0004394335074327
1240	0.0012194642452389433	30	2267.0	False	0.0018358624250595
1241	0.0003689127692389744	30	2711.5	False	0.0004140585040309
1242	0.00011246063877642825	30	2710.0	False	0.0002917755759528
1243	0.00034018192833481424	30	2686.5	False	0.0004175365344467
1244	0.00033151336124111045	30	2777.5	False	0.0004515209125475
1245	0.0002997086588417858	30	2773.5	False	0.000404814916239
1246	0.00035618172179652046	30	2793.0	False	0.0003906296239302
1247	0.0003480886323557652	30	2771.0	False	0.0005226087679498
1248	0.0004336294228321911	30	2754.0	False	0.0005574069901208
1249	0.001176361628217197	30	2686.5	False	0.0011802496775606
1250	0.00052849799084216	30	2691.0	False	0.0005071055141687
1251	0.0003460355884017393	30	2661.5	False	0.0003770097049595
1252	0.00012419274714356682	30	2631.5	False	0.00044145779173
1253	0.00032649613265939704	30	2565.5	False	0.0003874564111537
1254	0.0	30	2546.0	False	0.0002630161692321
1255	0.000322228050314883	30	2492.0	False	0.0003955141045433
1256	0.0005283754280099119	30	2461.0	False	0.0004623208506703
1257	0.0003052812965722802	30	2466.5	False	0.0003460473700399
1258	0.0002514410961774154	30	2452.0	False	0.0003073967339097
1259	0.0004110044263312731	30	2454.5	False	0.0004088202979277
1260	0.00039161208017467674	30	2444.5	False	0.0004265384466245
1261	0.00036169617259924246	30	2568.5	False	0.001092936437764
1262	0.0004610151113690335	30	2598.5	False	0.0006092434414943
1263	0.0008456014959514438	30	2614.0	False	0.0010607138121813
1264	0.00038465582866193234	30	2630.0	False	0.0005017321705889
1265	0.0005767388643499547	30	2569.5	False	0.0005680170163395
1266	9.05961224859576e-05	30	2567.0	False	0.0002302862822097
1267	0.00025357126792059995	30	2517.0	False	0.0005016824717038
1268	0.0003435714315220592	30	2572.5	False	0.0003357273893598
1269	0.0003720108420516242	30	2590.0	False	0.0004418015952619
1270	0.0004460186278368096	30	2617.0	False	0.0004757883217756
1271	0.0003994974377994837	30	2647.0	False	0.0004144415104616
1272	0.00035581236469774976	30	2668.5	False	0.0004104416351994
1273	0.0007360166319445574	30	2704.5	False	0.0008032315518666
1274	0.0006654291207136736	30	2694.0	False	0.0006527567315537
1275	0.00013966480446927373	30	2686.0	False	0.0003038838696104
1276	0.0004667530475619831	30	2680.5	False	0.0004911419049289
1277	0.0017241674530455693	30	2636.5	False	0.0018007131771925
1278	0.0003556748121784067	30	2728.5	False	0.0004490449160055
1279	0.0004112489171543874	30	2739.0	False	0.0004394536896763
1280	0.0003532772107996756	30	2758.5	False	0.0004137407913941
1281	0.0006313040762043185	30	2717.5	False	0.0006934492164023
1282	0.0	30	2742.0	False	0.0002874686659154
1283	0.0002821459262853138	30	2718.5	False	0.0002899693792335
1284	0.00034545204522465713	30	2677.0	False	0.0004207868714496
1285	0.00047823178361289514	30	2704.5	False	0.0005499455904894
1286	0.00011739845034045551	30	2704.0	False	0.0002914262400186
1287	0.0006717470595162865	30	2721.0	False	0.0006392524233478
1288	8.782715615668365e-05	30	2698.0	False	0.0002930248367851
1289	0.0003326232083078458	30	2661.0	False	0.0004662116122553
1290	0.0015477467142180213	30	2502.5	False	0.00153923163559
1291	0.00034868251489216185	30	2692.0	False	0.0004626608932914
1292	0.00045364043621883346	30	2679.5	False	0.0004995123807711
1293	0.0004012967645890843	30	2718.5	False	0.0004823075475249
1294	8.76731544800982e-05	30	2717.5	False	0.0002470820783132
1295	0.0003471058827158017	30	2727.0	False	0.0003643672351579
1296	0.000356135518696544	30	2723.0	False	0.0003877289657036
1297	0.00037713909906978007	30	2728.0	False	0.0003844316818303
1298	0.00040773520654087224	30	2606.0	False	0.000482765279521
1299	0.0002671173606236334	30	2668.0	False	0.0003448439878234
1300	0.00042807340767318607	30	2694.0	False	0.0004621400639886
1301	0.0003734259262736223	30	2699.0	False	0.000486964784132
1302	0.0006171013305417748	30	2655.0	False	0.0007237199203908
1303	0.0005827523638656858	30	2613.0	False	0.000707506892093
1304	0.000498248316509211	30	2615.0	False	0.0005988536230644
1305	0.0	30	2595.5	False	0.0003301500348491
1306	0.0003223324391207603	30	2643.5	False	0.0003510258427646
1307	0.00027886963184701303	30	2623.0	False	0.0002684465486315
1308	0.0005712243238622497	30	2454.0	False	0.0006996993884109
1309	0.000546190945063143	30	2400.0	False	0.0007196257945868
1310	0.0004153421035595397	30	2488.5	False	0.0004873919400764
1311	0.0	30	2476.5	False	0.0002577419230124
1312	0.0007852114409491459	30	2409.5	False	0.0008571353218872
1313	0.0004280588205765759	30	2272.0	False	0.0004965311780202
1314	0.00045559997514344304	30	2324.5	False	0.0005024647935141
1315	0.000373865564236629	30	2286.0	False	0.0005247893937301
1316	0.0002366666097796767	30	2250.0	False	0.000293382137219
1317	0.0003371017585984571	30	2311.5	False	0.00034162339437
1318	0.000343510194710608	30	2315.0	False	0.000285819280552
1319	0.0004986628631669103	30	2321.5	False	0.0005843899919816
1320	0.00034928193737631617	30	2334.5	False	0.0003655317132606
1321	0.0002990404957152727	30	2286.5	False	0.0003345413994981
1322	0.0003050640918395053	30	2374.5	False	0.0003378378378378
1323	0.00039838979641142246	30	2392.5	False	0.0046562806113548
1324	0.00027766436852443867	30	2358.0	False	0.0003538474101091
1325	0.0004165950793014461	30	2371.5	False	0.0005435890466807
1326	0.00031384296625424924	30	2350.5	False	0.0003968579795823
1327	0.0003091240027764782	30	2356.5	False	0.0003424798279381
1328	0.0002993133646706237	30	2350.0	False	0.0004246459001123
1329	0.0012319579062710336	30	2310.5	False	0.0012904479103069
1330	0.00030000230148604073	30	2343.0	False	0.0004229656715603
1331	0.0003152855816549407	30	2360.5	False	0.0003805692228232
1332	0.000506885320662741	30	2353.5	False	0.0005867743784285
1333	0.0	30	2349.0	False	0.0002593644206617
1334	0.00036492084259274966	30	2336.0	False	0.0004437049362174
1335	0.0007387250659905983	30	2190.5	False	0.0008500659533929
1336	0.00041880549260402383	30	2220.0	False	0.0004469628155773
1337	0.000820527369512282	30	2158.5	False	0.0008874426859931
1338	0.0003085879676703855	30	2175.0	False	0.0003548143877234
1339	0.000670863622479116	30	2125.5	False	0.0006052536012589
1340	0.0004600202150919617	30	2116.5	False	0.0006131395812256
1341	0.0003838946897023122	30	2112.0	False	0.0004305241631686
1342	0.0005042159391496706	30	2122.5	False	0.0006250762288083
1343	0.00044773049651076916	30	2070.5	False	0.0004958703299087
1344	0.0	30	2082.0	False	0.0002787154315443
1345	0.0003492704743972921	30	2075.0	False	0.0003120222159817
1346	0.0005730156649406829	30	2043.0	False	0.0008173787292904
1347	0.000456204759347827	30	2040.0	False	0.0004693440135171
1348	0.0004112242579025399	30	2031.5	False	0.0005195623081161
1349	0.0023783517390527685	30	1949.0	False	0.0027033629183291
1350	0.00047066286329462676	30	2029.5	False	0.0005354330708661
1351	0.0004743978070680327	30	2039.5	False	0.0006600348875583
1352	0.0007414695277460205	30	2078.5	False	0.0007268565772787
1353	0.00042589445531412886	30	2044.0	False	0.0005172170587589
1354	0.00043144290547464663	30	2032.0	False	0.0004234297812279
1355	0.0005111096715683099	30	2100.0	False	0.0005936705585069
1356	0.00011399908800729594	30	2108.0	False	0.0003516927123153
1357	0.00011452130096197893	30	2113.5	False	0.0003972983710766
1358	0.00038113870575656576	30	2120.0	False	0.0003477945290408
1359	0.0007065916686916651	30	2093.0	False	0.0006433724973575
1360	0.0003608155954556619	30	2098.5	False	0.0004282196766941
1361	0.0	30	2096.5	False	0.000305843133057
1362	0.0006090266810984733	30	2091.5	False	0.0007337654396477
1363	0.00034324317769601005	30	2073.5	False	0.0004467449240533
1364	0.0	30	2060.0	False	0.000291966316307
1365	0.0	30	2026.5	False	0.0003092289376439
1366	0.0	30	2043.0	False	0.0002604805099289
1367	0.000366250103282395	30	2048.5	False	0.0004249377769683
1368	0.0003415424156024395	30	2079.0	False	0.0004512771142332
1369	0.00024030488434130233	30	2073.0	False	0.0003602143275248
1370	0.0	30	2069.0	False	0.0003441001780344
1371	0.0004056925995580337	30	2071.0	False	0.0004784975177941
1372	0.00017793594306049823	30	2038.0	False	0.000451467268623
1373	0.0	30	2017.0	False	0.0002445772634861
1374	0.00037456062638298635	30	1933.5	False	0.0006051726334564
1375	0.00046102429909073057	30	1966.0	False	0.0005176632992407
1376	0.00043686881488717264	30	1946.5	False	0.0004909413404282
1377	0.0004701781094692018	30	1915.0	False	0.0005779975595658
1378	0.00046699677275468024	30	1929.5	False	0.0005740619668
1379	0.001929782576422965	30	1881.5	False	0.0024039242439008
1380	0.0004061834919901671	30	1881.5	False	0.0004406220931181
1381	0.00013078733978550875	30	1766.0	False	0.0003775981326055
1382	0.00018389113644722325	30	1742.0	False	0.0003640271806961
1383	0.00027903485488011835	30	1729.5	False	0.0003508710373502
1384	0.0	30	1710.5	False	0.0002143967411695
1385	0.0	30	1759.0	False	0.0004137431689278
1386	0.0004197296539440849	30	1766.5	False	0.0005030704645595
1387	0.0003961386299062532	30	1756.0	False	0.000472168301768
1388	0.00030096870685105337	30	1774.5	False	0.0004146796599626
1389	0.0	30	1719.0	False	0.000353894610185
1390	0.0004249199720511529	30	1742.5	False	0.0004217926186291
1391	0.000845518981731357	30	1772.5	False	0.0008233336252956
1392	0.00015028554253080853	30	1736.0	False	0.0003914451443009
1393	0.0006352243548707424	30	1729.5	False	0.0006084902283628
1394	0.0003351747013612729	30	1710.5	False	0.000524886877828
1395	0.000360506195270303	30	1703.5	False	0.0003814090339454
1396	0.0	30	1684.0	False	0.0003296099615455
1397	0.0	30	1635.0	False	0.0002987527074464
1398	0.0	30	1636.0	False	0.0003181256783562
1399	0.0	30	1644.0	False	0.0002236427679519
1400	0.0006455874783536477	30	1667.0	False	0.0006400643721882
1401	0.0003058576290899523	30	1713.5	False	0.0004093983624065
1402	0.00036961575947279434	30	1768.5	False	0.0004506378258458
1403	0.0004781134841483388	30	1771.0	False	0.0004670068321369
1404	0.00019193857965451057	30	1753.0	False	0.0004192066514122
1405	0.0	30	1792.0	False	0.0003246586812022
1406	0.00044762909725262637	30	1768.0	False	0.0004481831345238
1407	0.0	30	1786.5	False	0.0003066387284714
1408	0.0004460352920644655	30	1790.0	False	0.0004578055852281
1409	0.0	30	1794.5	False	0.0004069589988808
1410	0.0	30	1789.0	False	0.0002369146937877
1411	0.0	30	1785.5	False	0.0001535390756947
1412	0.0	30	1823.5	False	0.000316978362056
1413	0.0011642453345477267	30	1789.5	False	0.0011689961880559
1414	0.0	30	1880.0	False	0.0004061210565645
1415	0.0001723543605653223	30	1903.5	False	0.0003838710193375
1416	0.00010613457864572278	30	1892.0	False	0.0003071153783984
1417	0.00010588733587462939	30	1892.5	False	0.0003071749603905
1418	0.0	30	1910.5	False	0.0002251926201161
1419	0.0004076939646002638	30	1918.0	False	0.0004171546841657
1420	0.0030123160375261217	30	1847.0	False	0.0027043269230769
1421	0.0001967729240456513	30	1906.5	False	0.0004019421846361
1422	0.0002767414379966283	30	1927.0	False	0.000369323655983
1423	0.0	30	1840.5	False	0.0002496546444085
1424	0.0	30	1818.0	False	0.0003353847701775
1425	0.0	30	1807.0	False	0.0003019374318543
1426	0.0	30	1798.0	False	0.0003699779694936
1427	0.00034877487133383374	30	1778.0	False	0.0004431641923332
1428	0.00015342129487572875	30	1773.0	False	0.0004098010757278
1429	0.0006432666528498781	30	1764.0	False	0.0006692751235584
1430	0.0	30	1670.0	False	0.0003758389261744
1431	0.0006035005215526535	30	1657.0	False	0.0007334788364521
1432	0.0009515060736195394	30	1619.0	False	0.0010377976840725
1433	0.0	30	1628.5	False	0.0005990306594782
1434	0.00045146186316542987	30	1622.5	False	0.0006350012700025
1435	0.0	30	1598.0	False	0.0002393093164957
1436	0.00015328019619865113	30	1612.5	False	0.0004562709884654
1437	0.0002814087972884304	30	1590.5	False	0.0003726476616359
1439	0.0005206041545750266	30	1602.5	False	0.0005406110769345
1440	0.0	30	1628.5	False	0.0006226079950191
1441	0.0	30	1618.5	False	0.0002417075710248
1442	0.0	30	1596.0	False	0.0003025833049661
1443	0.0011521672909782584	30	1539.0	False	0.0011064788287131
1444	0.0	30	1572.0	False	0.0004230443812014
1445	0.0	30	1580.5	False	0.0003642777713869
1446	0.0001148105625717566	30	1559.0	False	0.0004079333320383
1447	0.00011560693641618497	30	1546.5	False	0.0003534401508011
1448	0.00023872045834328001	30	1467.5	False	0.000553653085078
1449	0.0	30	1518.5	False	0.0002988107332815
1450	0.0	30	1547.5	False	0.000370811296083
1451	0.0	30	1552.5	False	0.0002126919061061
1452	0.0	30	1559.0	False	0.0002700981999884
1453	0.0004603837334574158	30	1553.5	False	0.0004461774234223
1454	0.00044812680402705714	30	1564.0	False	0.0005386169087236
1455	0.0	30	1569.0	False	0.0002297266253158
1456	0.00015862944162436547	30	1611.0	False	0.0004149142824811
1457	0.00027411614188043094	30	1613.0	False	0.0004849931914417
1458	0.0	30	1642.0	False	0.0004286406500428
1459	0.0004544123438588696	30	1635.0	False	0.0005245803357314
1460	0.0007311070553434145	30	1654.0	False	0.0006911495498188
1461	0.003044226424186541	30	1600.5	False	0.0027340947431696
1462	0.0020487017590685025	30	1605.5	False	0.0019992236024844
1463	0.0007770476897170689	30	1598.0	False	0.0008405989756421
1464	0.0005326994644640102	30	1554.5	False	0.0006997341010416
1465	0.0	30	1510.5	False	0.0003503493188797
1466	0.0	30	1471.0	False	0.0004426270972093
1467	0.0	30	1458.5	False	0.0003804772876196
1468	0.0005162654839799645	30	1425.5	False	0.0006440670688507
1469	0.00017889087656529517	30	1434.5	False	0.0005358482477762
1470	0.0	30	1423.5	False	0.0002799853546122
1471	0.00041283743191781975	30	1414.0	False	0.0005379583405061
1472	0.0004096239905312319	30	1406.0	False	0.0004731895123997
1473	0.0009975211004525607	30	1385.5	False	0.001040424840143
1474	0.000936539783648787	30	1365.5	False	0.0014655059276433
1475	0.00037905656648382373	30	1359.0	False	0.0005951593704536
1476	0.0001437607820586544	30	1343.5	False	0.000451875282422
1477	0.0	30	1224.5	False	0.0003624501631025
1478	0.0	30	1204.0	False	0.0003675839929423
1479	0.000718693247482252	30	1246.5	False	0.000695210241166
1480	0.0004593277733416142	30	1170.0	False	0.0005529583270497
1481	0.0	30	1223.0	False	0.0004846487508178
1482	0.0	30	1116.5	False	0.0005674197874754
1483	0.0	30	1224.0	False	0.0004337767495662
1484	0.0005875448771057719	30	1209.5	False	0.0006047996903425
1485	0.0012925770755443666	30	1140.0	False	0.0013505739939474
1486	0.000644928112897236	30	1203.5	False	0.0006322342184612
1487	0.000675368795872393	30	1169.0	False	0.0006862196919636
1488	0.0003765600900753741	30	1173.5	False	0.0006048691970361
1489	0.0	30	1154.5	False	0.0006923254442421
1490	0.00021105951878429716	30	1087.5	False	0.0007789835607607
1491	0.0	30	1105.0	False	0.000503337925188
1492	0.0006981505706473831	30	995.5	False	0.0010667743051551
1493	0.0002735229759299781	30	1140.0	False	0.0006027253668763
1494	0.0	30	1117.0	False	0.0004270880602194
1495	0.0	30	1113.5	False	0.0004507968497255
1496	0.000646285381070237	30	1099.0	False	0.001003226593639
1497	0.0	30	1127.5	False	0.000291313559322
1498	0.0	30	1158.5	False	0.0003369010288439
1499	0.0	30	1122.0	False	0.0005312649418264
1500	0.00018443378827001107	30	1131.0	False	0.0006304673339112
1501	0.0	30	1129.5	False	0.0004471330878485
1502	0.0	30	1123.0	False	0.0003156648691306
1503	0.0	30	1122.0	False	0.0003688967352638
1504	0.0	30	1090.0	False	0.0003794449262792
1505	0.00019334880123743234	30	1095.5	False	0.0004573457803126
1506	0.0006065842759391147	30	1094.0	False	0.0006746545768566
1507	0.0	30	1067.0	False	0.0003029218186324
1508	0.0	30	1118.5	False	0.000318911448921
1509	0.0	30	1101.0	False	0.0003228062624414
1510	0.0	30	1096.0	False	0.0004851490485688
1511	0.0006510385518606123	30	1100.0	False	0.0005642734307824
1512	0.0	30	1087.0	False	0.0001895631922441
1513	0.0	30	1087.0	False	0.0003254237288135
1514	0.0	30	1071.0	False	0.000275269764369
1515	0.0	30	1034.0	False	0.0002530222097272
1516	0.0	30	971.0	False	0.0002933583665806
1517	0.0	30	965.5	False	0.0003553765510705
1518	0.0	30	965.0	False	0.000264247335506
1519	0.0	30	958.0	False	0.0002964368293116
1520	0.0	30	958.5	False	5.941947176089604e-05
1521	0.0	30	965.0	False	0.0003552713384847
1522	0.0	30	967.5	False	0.0003243593902043
1523	0.0	30	960.0	False	0.0004420345376318
1524	0.0	30	951.0	False	0.0003891400005986
1525	0.0	30	951.0	False	0.0002682643297862
1526	0.0	30	918.5	False	0.0006751365617136
1527	0.0	30	928.5	False	0.000392571342292
1528	0.0	30	926.5	False	0.0003018776791644
1529	0.0	30	919.5	False	0.0002151925973746
1530	0.0009174335060332915	30	865.0	False	0.0009309439106293
1531	0.0	30	903.0	False	0.0003790630824146
1532	0.0	30	840.0	False	0.000304620071078
1533	0.0	30	840.0	False	0.000372995151063
1534	0.0	30	837.0	False	0.0004767418102567
1535	0.0	30	807.0	False	0.0005745475438092
1536	0.0	30	794.5	False	0.0006257822277847
1537	0.0	30	811.0	False	0.00032189992489
1538	0.0	30	800.0	False	0.0006171719005264
1539	0.0	30	801.5	False	0.0005815855475991
1540	0.0	30	807.0	False	0.0003640732515382
1541	0.0	30	807.5	False	0.0004018558433492
1542	0.0	30	802.0	False	0.000330870188596
1543	0.0	30	797.5	False	0.000370109922647
1544	0.0007952019863614642	30	792.0	False	0.0007821811680572
1545	0.0	30	775.5	False	0.0004938459200729
1546	0.0	30	776.0	False	0.0004559443747862
1547	0.0	30	758.5	False	0.0003094657846891
1548	0.0	30	756.0	False	0.000349528137015
1549	0.0	30	760.0	False	0.0005816207832493
1550	0.0	30	753.5	False	0.0006641403289447
1551	0.0	30	754.5	False	0.0003139101432215
1552	0.0010360094451003542	30	736.0	False	0.0012913118921754
1553	0.0	30	691.0	False	0.0004731793349679
1554	0.0	30	695.0	False	0.0006828560454099
1555	0.0	30	652.5	False	0.0004990699151581
1556	0.0	30	662.0	False	0.0006782113306506
1557	0.0	30	661.5	False	0.0003597122302158
1558	0.0	30	662.0	False	0.0005461745027536
1559	0.0	30	665.5	False	0.0004055881027489
1560	0.0016167336499817318	30	622.0	False	0.0015406836783822
1561	0.0	30	629.0	False	0.0008043910286741
1562	0.0	30	624.0	False	0.0003796687390252
1563	0.0	30	574.0	False	0.0012220581496002
1564	0.0	30	554.5	False	0.0003699202029276
1565	0.0	30	536.0	False	0.0006669630947087
1566	0.0	30	522.0	False	0.0003452243958573
1567	0.0	30	491.5	False	0.0006151196407701
1568	0.0	30	484.0	False	0.0011087840335099
1569	0.0	30	486.0	False	0.0002463054187192
1570	0.0	30	473.0	False	0.0007521153243497
1571	0.0	30	450.0	False	0.0005293455965063
1572	0.0	30	449.5	False	0.0002653223666755
1573	0.0	30	431.5	False	0.0001366960563187
1574	0.0	30	431.5	False	0.0009009009009009
1575	0.0	30	415.5	False	0.0014311270125223
1576	0.0	30	418.5	False	0.0004269247189412
1577	0.003365030848474557	30	410.5	False	0.0043991494977637
1578	0.0	30	411.5	False	0.0007320644216691
1579	0.0	30	423.0	False	0.0005654109831083
1580	0.0013198757763975156	30	418.0	False	0.0023479188900747
1581	0.0	30	428.5	False	0.0005614035087719
1582	0.0	30	432.0	False	0.0007040766035344
1583	0.002971781305114638	30	419.5	False	0.0038899082568807
1584	0.0	30	418.5	False	0.001556824078879
1585	0.0	30	414.5	False	0.0003714434291657
1586	0.0	30	416.5	False	0.000520059435364
1587	0.0	30	406.5	False	0.0009891949474965
1588	0.0	30	423.5	False	0.0006607929515418
1589	0.0	30	427.0	False	0.000586940572267
1590	0.0	30	414.5	False	0.0003797660641045
1591	0.0	30	428.5	False	0.0007313683902581
1592	0.0	30	427.0	False	0.0001471237310578
1593	0.0	30	426.5	False	7.356727727506805e-05
1594	0.0	30	426.0	False	0.0005870267097152
1595	0.0	30	428.5	False	0.0007343761474627
1596	0.0	30	425.5	False	0.0007436049970255
1597	0.0	30	420.0	False	0.0006029090360991
1598	0.0	30	398.5	False	0.001024670922992
1599	0.0	30	391.5	False	0.0004004485023226
1600	0.0	30	389.0	False	0.0004836759371221
1601	0.0	30	401.0	False	0.0006263211461676
1602	0.0	30	353.0	False	0.001048401188188
1603	0.0	30	355.5	False	0.000522102332057
1604	0.0	30	352.0	False	0.0010467550593161
1605	0.0	30	349.5	False	0.0011455763130066
1606	0.0	30	353.5	False	0.0004380201489268
1607	0.0	30	339.0	False	0.0008223684210526
1608	0.0	30	358.0	False	0.0
1609	0.0	30	358.0	False	0.0006090663882363
1610	0.0	30	364.5	False	0.0018044337515036
1611	0.0	30	374.5	False	0.0004991265285749
1612	0.0	30	388.5	False	0.0004001600640256
1613	0.0	30	402.5	False	0.0003088564589606
1614	0.0	30	410.0	False	0.000304947777693
1615	0.0	30	419.5	False	0.0006761325219743
1616	0.0	30	415.0	False	0.0012761804669319
1617	0.0	30	436.0	False	0.0010844418739155
1618	0.0	30	431.5	False	0.0006511358703516
1619	0.0	30	442.5	False	0.0007795889440113
1620	0.0	30	450.5	False	0.0008285004142502
1621	0.0	30	457.5	False	0.0004783708057131
1622	0.0	30	457.5	False	0.0006158056790968
1623	0.0	30	444.5	False	0.0011239112110143
1624	0.0	30	429.0	False	0.0004388531304856
1625	0.0	30	423.5	False	0.0003746440881162
1626	0.0	30	432.5	False	0.000216091622848
1627	0.0	30	441.5	False	0.0004914004914004
1628	0.0	30	441.5	False	0.0002807017543859
1629	0.0	30	436.5	False	0.0002847380410022
1630	0.0	30	430.5	False	0.0002889338341519
1631	0.0	30	459.5	False	0.0005434782608695
1632	0.0	30	458.5	False	0.0004779135659179
1633	0.0	30	461.5	False	0.0004749304566117
1634	0.0	30	454.0	False	0.000411325152533
1635	0.0	30	471.0	False	0.0003339790261171
1636	0.0	30	468.0	False	0.0002037074760643
1637	0.0	30	469.0	False	0.0005342950644493
1638	0.0	30	472.0	False	0.0005364087434625
1639	0.0	30	470.0	False	0.0007370678102385
1640	0.0	30	473.5	False	0.0004005340453938
1641	0.0	30	489.5	False	0.0001924927815206
1642	0.0	30	493.0	False	0.0001285016705217
1643	0.0	30	480.5	False	0.0005259006047856
1644	0.0	30	480.0	False	0.0002625016406352
1645	0.0	30	476.5	False	0.0004652090117631
1646	0.0	30	506.5	False	0.0001873945905428
1647	0.0	30	513.0	False	0.0005510991366113
1648	0.0	30	516.5	False	0.0004286326618088
1649	0.0	30	514.5	False	0.0007353842382644
1650	0.0	30	515.5	False	0.000545223238626
1651	0.0	30	526.5	False	0.0004185351270553
1652	0.0	30	561.0	False	0.0002288853284504
1653	0.0	30	560.5	False	0.0001716247139588
1654	0.0	30	544.5	False	0.0003474031613687
1655	0.0	30	540.0	False	0.0001756543123133
1656	0.0	30	530.5	False	0.0004157263332937
1657	0.0	30	541.0	False	0.0004107981220657
1658	0.0	30	532.0	False	0.0004179853108019
1659	0.0	30	533.0	False	0.0007743626399809
1660	0.0	30	524.5	False	0.0003588731383455
1661	0.0	30	525.0	False	0.0003007337904486
1662	0.0	30	537.5	False	0.0002936857562408
1663	0.0	30	516.0	False	0.0003639010189228
1664	0.0	30	514.5	False	0.0004250926094613
1665	0.0	30	530.0	False	0.0005347911343514
1666	0.0	30	515.0	False	0.000483471324107
1667	0.0	30	533.5	False	0.0008785287571746
1668	0.0	30	542.0	False	0.0005805852299117
1669	0.0	30	539.0	False	0.0009336523312131
1670	0.0	30	534.5	False	0.0009369875849144
1671	0.0	30	571.0	False	0.0006074663132317
1672	0.0	30	578.0	False	0.0004353978447806
1673	0.0	30	583.5	False	0.0009739732698447
1674	0.0	30	584.0	False	0.0010719262514738
1675	0.0	30	589.5	False	0.0010626427926252
1676	0.0	30	581.5	False	0.00134415828808
1677	0.0019011475557965123	30	589.0	False	0.0018820577164366
1678	0.0	30	603.0	False	0.0009729619008603
1679	0.004565349544072948	30	603.5	False	0.0047788510421962
1680	0.003356649922538848	30	608.0	False	0.0035685564937675
1681	0.0045540803522974346	30	616.0	False	0.0043450353034118
1682	0.0014252386475606552	30	674.5	False	0.0016907329555839
1683	0.00108700275531568	30	920.0	False	0.001320086152991
1684	0.0014082107998478893	30	1037.0	False	0.0014569577482253
1685	0.0014272002811817745	30	1217.5	False	0.0015918074974133
1686	0.0018349009953075352	30	1292.5	False	0.0019410227696901
1687	0.0019962549365394105	30	1355.5	False	0.0026271793647002
1688	0.0032642183926293077	30	1532.0	False	0.0033706666666666
1689	0.001778015595556225	30	1696.0	False	0.0022111878345876
1690	0.0015738097805634353	30	1783.5	False	0.0016974169741697
1691	0.0018080606213822443	30	1816.5	False	0.0020039718360714
1692	0.001960764229104841	30	1814.0	False	0.0023448127729648
1693	0.001158448048654147	30	2056.0	False	0.0012013531029686
1694	0.0012208219820485765	30	2094.5	False	0.0013433931611915
1695	0.0016003342200395607	30	2172.0	False	0.0017617462189641
1696	0.0006932817830862259	30	2271.0	False	0.0007684098185699
1697	0.0012666235145747926	30	2258.5	False	0.001396150613309
1698	0.0009863990466911722	30	2383.5	False	0.0009600951981717
1699	0.0004072968490878939	30	2499.0	False	0.0005815531345713
1700	0.00034154741557209045	30	2545.5	False	0.0004290506279741
1701	0.0004986860846316661	30	2561.5	False	0.0005812851456372
1702	0.0008095702641778019	30	2546.0	False	0.0008119045504712
1703	0.0004577284293779075	30	2631.5	False	0.0005817629948147
1704	0.0005475641862743511	30	2704.0	False	0.0005804813157576
1705	0.0005151768309663047	30	2736.5	False	0.0004984571564206
1706	0.0004916271630631673	30	2767.5	False	0.0006302226786798
1707	0.0007194763046379262	30	2815.0	False	0.000688784295718
1708	0.0005032167919932673	30	2919.0	False	0.0005845437801233
1709	0.00030437108745138956	30	3052.5	False	0.0003916960438699
1710	0.000647891524447621	30	3087.0	False	0.0006724737577623
1711	0.0006087807175743495	30	3196.5	False	0.0006579746527918
1712	0.00036144194304500536	30	3205.5	False	0.0003626107977437
1713	0.0003685754423448129	30	3228.5	False	0.0004709466026713
1714	0.0003282850460141906	30	3340.5	False	0.000428390614351
1715	0.000482274648349879	30	3499.0	False	0.0004921077065923
1716	0.0004093756577157006	30	3512.0	False	0.000425795821647
1717	0.0005542074683561886	30	3520.0	False	0.0006107435339841
1718	0.00035075567486634435	30	3602.5	False	0.0004350111471606
1719	0.0006832963457652259	30	3689.0	False	0.0008757163846535
1720	0.0005702217777051585	30	3728.0	False	0.0007355387821579
1721	0.0009122571636683175	30	3771.5	False	0.0008465646586273
1722	0.00034974415276620467	30	3887.5	False	0.0004710632570659
1723	0.00030688057563969107	30	3922.0	False	0.0004250247931129
1724	0.0005251919586880034	30	3939.5	False	0.0006146179401993
1725	0.0004752191269459026	30	3944.0	False	0.0005883425313644
1726	0.00032277578891540704	30	3994.0	False	0.0004084700346382
1727	0.0003213008953797745	30	4075.0	False	0.0003755433392994
1728	0.00035856038839117383	30	4105.0	False	0.0004042101258599
1729	0.00021779074863723357	30	4128.5	False	0.0002529464306887
1730	0.000264062272240205	30	4132.5	False	0.0002916738928216
1731	0.0004894196021263553	30	4131.5	False	0.0004805684888878
1732	0.000397272180086517	30	4301.5	False	0.0004475596619786
1733	0.00042785348619816686	30	4336.5	False	0.0005205622071837
1734	0.0005446940357845019	30	4362.5	False	0.0005837187373714
1735	0.00033561981453656894	30	4400.0	False	0.0004369140538218
1736	0.0002037790544436037	30	4421.0	False	0.0002797861844527
1737	0.0002524760408420359	30	4481.5	False	0.0003711817407695
1738	0.000767949181836064	30	4476.5	False	0.0007271140841998
1739	0.0006175246018522402	30	4569.5	False	0.0006248003124001
1740	0.000210098223726626	30	4570.0	False	0.0002908771008775
1741	0.002240351969722909	30	4566.5	False	0.0024609056416439
1742	0.0003185285221490496	30	4611.5	False	0.0003871058558558
1743	0.00041871437477111794	30	4470.0	False	0.0005381857322598
1744	0.0003078200016028049	30	4613.0	False	0.0003728823099003
1745	0.00030348551106481193	30	4630.5	False	0.0003575835763966
1746	0.00035843140027136226	30	4683.0	False	0.0004011259189587
1747	0.0002470973387714281	30	4713.0	False	0.0002952262600325
1748	0.0004140982192877939	30	4723.0	False	0.0004239432189598
1749	0.0005270412113657325	30	4740.5	False	0.0005659425329678
1750	0.00021395424803092515	30	4751.0	False	0.0003121606948968
1751	0.00020117022560019301	30	4716.0	False	0.0002058686283659
1752	0.0002864399981736758	30	4871.5	False	0.0003251644071058
1753	0.00025605311655365617	30	4959.5	False	0.0003727731707955
1754	0.0001693784137804063	30	5032.5	False	0.0001937771691739
1755	0.00042054554200503664	30	5043.0	False	0.0005087714778845
1756	0.0003707190743033246	30	5076.0	False	0.0003774188389573
1757	0.00019548222508053374	30	5178.5	False	0.0002771723382006
1758	0.0002698496897929355	30	5117.5	False	0.0003295707341188
1759	0.0003279128340136616	30	5131.5	False	0.0003689567430025
1760	0.00046168091070929195	30	5057.0	False	0.0005283539198061
1761	0.0003082753452683867	30	5057.0	False	0.0003896685868668
1762	0.00027729733198251887	30	5014.0	False	0.0003203975545166
1763	0.0003500382202252782	30	4878.5	False	0.0004409789733207
1764	0.0003132878475429275	30	4847.0	False	0.0003367683707146
1765	0.00033074319499293075	30	4811.0	False	0.0003862835456763
1766	0.001974794595248473	30	4826.5	False	0.0019140444709906
1767	0.0004611040736273586	30	4844.5	False	0.0006027727546714
1768	0.0003730373059916422	30	4748.0	False	0.0004890514468345
1769	0.00073590393348964	30	4709.0	False	0.0008045727718581
1770	0.0002728661051605867	30	4717.5	False	0.0005561580601206
1771	0.0002764019011989257	30	4638.5	False	0.0003659549312426
1772	0.00028966235442862576	30	4695.5	False	0.0003283062888117
1773	0.0002707880202617466	30	4631.0	False	0.0003532545340219
1774	0.0002728426386498132	30	4603.5	False	0.0002691828176357
1775	0.0003619770628978909	30	4634.5	False	0.0003805443193189
1776	0.00024316899316899316	30	4683.5	False	0.0002934928443649
1777	0.0004485496201896297	30	4705.5	False	0.0005623555058769
1778	0.0013234706240555572	30	4714.0	False	0.0017029550061361
1779	0.0002384614645934293	30	4729.5	False	0.0002953398124935
1780	0.00027314161386289115	30	4739.0	False	0.0003812859220764
1781	0.0002473958333333333	30	4782.5	False	0.0002574700182939
1782	0.00036434494195688224	30	4783.5	False	0.0003712328304815
1783	0.0008488457691009812	30	4623.5	False	0.0008687916151183
1784	0.0003368427524894089	30	4563.5	False	0.0003790830402459
1785	0.00042366354448987545	30	4723.5	False	0.0004576752828023
1786	0.0006861152420758376	30	4747.5	False	0.0007321190100124
1787	0.0005095874287673486	30	4826.5	False	0.0007431658866772
1788	0.0004893560909557783	30	4838.0	False	0.0005812127973705
1789	0.0005918113890528704	30	4803.5	False	0.0007598273241974
1790	0.0006271702090654761	30	4730.0	False	0.000569628506132
1791	0.00021857907326482248	30	4756.5	False	0.0003122412131249
1792	0.0002304445404225214	30	4838.0	False	0.0002466337821623
1793	0.00033207970265027666	30	4905.0	False	0.000363072251378
1794	0.0006352506274825485	30	4840.0	False	0.0007275251463393
1795	0.00025581500879323285	30	4862.0	False	0.0003910599713664
1796	0.0003655411351720471	30	4834.0	False	0.0003593101245608
1797	0.00021877124235036188	30	4784.0	False	0.000362856893273
1798	0.00028208035204073314	30	4749.0	False	0.0003652572696342
1799	0.0003704981966665309	30	4767.0	False	0.0003715437982584
1800	0.00026406123459764806	30	4887.5	False	0.0004008463772687
1801	0.00042798813576226744	30	5019.0	False	0.0004177807486631
1802	0.00038900055229251833	30	5027.5	False	0.0003853391305464
1803	0.0002919102006741697	30	5002.0	False	0.000373509183174
1804	0.0002342759794977506	30	5002.0	False	0.0002899820855511
1805	0.00022711741147527035	30	5080.0	False	0.0002866077740766
1806	0.00024075870334464456	30	5118.5	False	0.000542251478581
1807	0.0005082378398968361	30	5104.5	False	0.0004941525284137
1808	0.0002672199994944776	30	5075.5	False	0.0003051959612401
1809	0.00041295394486298394	30	5058.5	False	0.0004461156076731
1810	0.0002371911328816287	30	5078.5	False	0.0002865657955066
1811	0.0005910238708484359	30	5082.5	False	0.0007140407003199
1812	0.00043242203944774934	30	5069.0	False	0.0004783651392999
1813	0.0004620176560215323	30	5040.5	False	0.0005109698847124
1814	0.00042993164070005186	30	5066.5	False	0.0005082301520243
1815	0.00048768261854785754	30	5065.0	False	0.0004653060183827
1816	0.00042724580468482174	30	5136.0	False	0.0004977600796416
1817	0.00034349782075779306	30	5055.5	False	0.0003696598492042
1818	0.0003717180312146578	30	5076.0	False	0.0004131233395619
1819	0.0005552353718725257	30	5101.5	False	0.0005956643241427
1820	0.0003349597518218327	30	5164.5	False	0.0003698248033346
1821	0.0002791635026586964	30	5151.5	False	0.0003144179494919
1822	0.0005137868484117615	30	5091.5	False	0.0005968064505888
1823	0.00042492074921767083	30	5093.5	False	0.0005140083129739
1824	0.0003993098764980496	30	5101.5	False	0.0003676423980426
1825	0.0004455876402256215	30	5147.5	False	0.0004647277888377
1826	0.000416341350570975	30	5253.5	False	0.0004752499691396
1827	0.0003398852424034351	30	5287.0	False	0.000479849401111
1828	0.0003999626106309775	30	5326.0	False	0.0004334977775606
1829	0.0003299586327019377	30	5307.0	False	0.000410695239613
1830	0.0003346197252014426	30	5386.0	False	0.0003993175300395
1831	0.00028263466723838664	30	5423.0	False	0.0003559019399671
1832	0.00031495205152140164	30	5358.5	False	0.0003666786855791
1833	0.0003917001770654041	30	5421.5	False	0.0004151874360671
1834	0.0007360412202345123	30	5355.5	False	0.0007610072082602
1835	0.00031865646732931506	30	5365.0	False	0.0003956394446439
1836	0.00033361193686325927	30	5330.0	False	0.0003181556760196
1837	0.0006746424882505637	30	5405.0	False	0.0006987404600844
1838	0.00024152564887489934	30	5402.0	False	0.00029614229335
1839	0.00045113573510228267	30	5468.0	False	0.0004353270916572
1840	0.00033289464097758636	30	5483.5	False	0.0004448636048187
1841	0.00033700486992734805	30	5454.5	False	0.000464335464514
1842	0.0003588242860818112	30	5503.0	False	0.0003612032212221
1843	0.0005105613720929655	30	5424.0	False	0.0005397560302743
1844	0.0003075904882282037	30	5352.5	False	0.0004198357164587
1845	0.00024024199729008643	30	5437.5	False	0.0002981923579262
1846	0.00036599710738388614	30	5538.5	False	0.000382537459245
1847	0.0003904024583665269	30	5522.5	False	0.0004591854756101
1848	0.00043408239700374533	30	5555.0	False	0.0005753773712299
1849	0.00042106033498115817	30	5589.0	False	0.0004151391300788
1850	0.00037795527695086585	30	5549.0	False	0.0004519097589032
1851	0.0005220147477453988	30	5519.0	False	0.0005071771463618
1852	0.0003958476706760336	30	5446.5	False	0.0004881853199102
1853	0.0003830515721327634	30	5467.5	False	0.0004170986617091
1854	0.0004790432628273443	30	5483.5	False	0.0004943153732081
1855	0.00022627156960552746	30	5521.5	False	0.0002959490494116
1856	0.00024191559358578083	30	5534.0	False	0.0003314668592331
1857	0.00022279691517114545	30	5486.0	False	0.0003093507204302
1858	0.0003362189753693569	30	5541.0	False	0.0003843333885196
1859	0.0003617830839199895	30	5629.0	False	0.0003387909834868
1860	0.0002687740702534593	30	5649.5	False	0.0003026053153787
1861	0.0003797812873425866	30	5582.0	False	0.0004533225006917
1862	0.00028723544309887703	30	5536.0	False	0.000350435371402
1863	0.00023205927544556188	30	5562.5	False	0.0003317240766519
1864	0.00033650248869514297	30	5613.0	False	0.0004044904299909
1865	0.0003138509349655059	30	5820.5	False	0.0003698729913051
1866	0.0004635223205987428	30	5789.0	False	0.0005466192170818
1867	0.0003230350115311471	30	5812.5	False	0.0004200011351382
1868	0.00029256790895748624	30	5869.0	False	0.0004175271110509
1869	0.00021170085336347374	30	5954.0	False	0.0002942009114677
1870	0.00042219400960724206	30	6024.5	False	0.0004227702984648
1871	0.0002531140724829517	30	6013.5	False	0.000274640769873
1872	0.0003411449716296017	30	6087.0	False	0.000354609929078
1873	0.0002969374496436045	30	6096.0	False	0.000281984957187
1874	0.0006045620794523315	30	6076.5	False	0.0007163751417825
1875	0.00037123319566067657	30	6207.0	False	0.0004581632979233
1876	0.0005700665931339054	30	6112.5	False	0.0006510872080196
1877	0.00028929532482203625	30	6119.0	False	0.0003715670436187
1878	0.0005413702037748937	30	6142.5	False	0.0005313667396625
1879	0.0004935148362669531	30	6222.5	False	0.0005259634694463
1880	0.00045091543435119393	30	6169.0	False	0.0005384828645155
1881	0.0004136664358933956	30	6124.5	False	0.0004446110992071
1882	0.0004267127845297915	30	6086.5	False	0.0005070446846613
1883	0.0003209802675043317	30	6119.0	False	0.0003174295736759
1884	0.0006232482539726384	30	6114.0	False	0.0006562032724104
1885	0.0005799262978466507	30	6106.5	False	0.000609838365849
1886	0.00035997607280703007	30	6102.0	False	0.0004106421145907
1887	0.0003177703118969947	30	6021.5	False	0.0003509349125404
1888	0.0005526197939991044	30	6121.0	False	0.0006847566212483
1889	0.00028429722312207597	30	6228.5	False	0.0004095091208849
1890	0.00042724515825313936	30	6347.0	False	0.0004608270798749
1891	0.0003153084959086324	30	6343.0	False	0.0003798739651036
1892	0.0002805102937315715	30	6343.0	False	0.0003383865728207
1893	0.00020078243083605448	30	6329.5	False	0.0003484809869813
1894	0.00029687424701531275	30	6368.5	False	0.0003838612289784
1895	0.0004841820708917847	30	6476.5	False	0.0005472306039993
1896	0.0003344816529089696	30	6461.0	False	0.0004451630729555
1897	0.00027317895161956777	30	6584.5	False	0.0002722981967808
1898	0.0002532395244472814	30	6575.5	False	0.0003224717459325
1899	0.00019721743352331568	30	6502.0	False	0.0002503461418594
1900	0.00045392317898093203	30	6133.0	False	0.0004831442375549
1901	0.00040273667447764485	30	6440.5	False	0.0005969104737205
1902	0.0004166907802143331	30	6327.5	False	0.0005180723522054
1903	0.00048478649969657277	30	6355.0	False	0.0004746678628992
1904	0.000498085281124759	30	6455.5	False	0.0006020903341344
1905	0.0007022752435647372	30	6474.5	False	0.0007343388126306
1906	0.0006619295712981258	30	6389.5	False	0.0009624238514641
1907	0.0005637566770562799	30	6282.5	False	0.0005968162756551
1908	0.00017279920008606275	30	6224.5	False	0.000255591054313
1909	0.0004568747160350528	30	6101.5	False	0.0005608708200149
1910	0.00032449534889123876	30	6132.5	False	0.0004043301058805
1911	0.00028016010823798607	30	6114.5	False	0.0003247913215758
1912	0.0004025534827614742	30	6225.0	False	0.0004517624048641
1913	0.0003157592973107052	30	6278.5	False	0.0004070025583017
1914	0.0004862611062507908	30	6110.0	False	0.000586408357405
1915	0.0004805560070719658	30	6172.5	False	0.0005425178198303
1916	0.0004455500263232206	30	6110.5	False	0.0005632490806583
1917	0.00038601393544205936	30	6058.5	False	0.0004624617108907
1918	0.00025181419383796976	30	6170.5	False	0.0003642206748794
1919	0.00032726095809648367	30	6120.0	False	0.0004318162190171
1920	0.00019680743016516089	30	6025.5	False	0.0002567814898789
1921	0.00042700970992437493	30	5956.5	False	0.0005019941856937
1922	0.00034030004761190187	30	6111.5	False	0.0003386896473864
1923	0.00029928660221009923	30	6207.0	False	0.0004299454340856
1924	0.0008979883087839851	30	6169.0	False	0.0010067167716883
1925	0.0004265427833403107	30	6227.5	False	0.0005422308324032
1926	0.00025443239644827554	30	6326.5	False	0.0002703587973192
1927	0.0003827341632205212	30	6336.5	False	0.0004150453955901
1928	0.00031291974731632735	30	6366.5	False	0.0003784069585411
1929	0.0019479088070318198	30	6303.0	False	0.0021811790920645
1930	0.0003798636192443259	30	6302.5	False	0.0004654763025491
1931	0.0020144210165971956	30	6308.5	False	0.0022524882137244
1932	0.002175080888762294	30	6369.0	False	0.002287603787024
1933	0.0003367402289743028	30	6363.5	False	0.0004411940267519
1934	0.002908751696065129	30	6343.5	False	0.0029774009531854
1935	0.00024895691106117197	30	6449.0	False	0.0002864391521401
1936	0.0003016839690330324	30	6520.5	False	0.0003390002023881
1937	0.0003427465983244139	30	6546.0	False	0.000412491448348
1938	0.00034059961308997627	30	6452.0	False	0.0004524265823492
1939	0.0003751680432885125	30	6422.0	False	0.0004297774366845
1940	0.0005977091927602568	30	6259.5	False	0.0005937809260899
1941	0.00047124901552910174	30	6219.0	False	0.0004942022275515
1942	0.000440654969197839	30	6164.0	False	0.0005249839879883
1943	0.0003989841936164226	30	5856.5	False	0.0004960126097427
1944	0.0005249756936563802	30	6009.5	False	0.0005368810432672
1945	0.0013604094894375156	30	5487.0	False	0.0014970147420865
1946	0.0004442174445542171	30	6156.5	False	0.0004903795959904
1947	0.00043115425183422936	30	6132.0	False	0.0004391371748136
1948	0.0003260487515018175	30	6179.5	False	0.0004143110374558
1949	0.00022472628222713212	30	6162.0	False	0.0003571503603016
1950	0.0001582790415567538	30	5960.0	False	0.0001966117246125
1951	0.000290732084900446	30	6023.5	False	0.0003128573586208
1952	0.00020312700548886638	30	6032.5	False	0.0002427537990969
1953	0.0002665950822652486	30	6035.0	False	0.0002920939893547
1954	0.00037300319050207853	30	6040.0	False	0.0004008124576844
1955	0.0003480077192243281	30	6034.0	False	0.0004226863342256
1956	0.0005522954696582448	30	5983.5	False	0.0006388101750995
1957	0.00018868844124158277	30	6011.5	False	0.0002666318412833
1958	0.00023155245267894304	30	6062.5	False	0.0003550945304681
1959	0.0007399357244143201	30	6084.5	False	0.000796919291865
1960	0.0003588615726604511	30	6089.5	False	0.0004537301960114
1961	0.00038252399999591237	30	6086.5	False	0.0004695161316139
1962	0.00029637512084218574	30	6075.0	False	0.0003796750836889
1963	0.00026378532250334147	30	5984.0	False	0.000314456884166
1964	0.00017716413046824778	30	5851.5	False	0.0002551600574664
1965	0.0002465818724170617	30	5766.5	False	0.0003424753670381
1966	0.000341086155132444	30	5775.5	False	0.0003831871023729
1967	0.002502655832328538	30	5563.0	False	0.0026196838836813
1968	0.0004925742238121474	30	5694.5	False	0.0004568400374608
1969	0.0005019291801588452	30	5663.5	False	0.0005911047345767
1970	0.0004780577570973984	30	5562.0	False	0.0005088939453319
1971	0.0002654404107015507	30	5544.0	False	0.0003998894423306
1972	0.0003410923391375294	30	5451.5	False	0.0003870360777168
1973	0.00016586804883898966	30	5421.5	False	0.0002157924077037
1974	0.00032325446634402306	30	5349.0	False	0.0003875804683667
1975	0.0004817942505292967	30	5399.0	False	0.0004258662779887
1976	0.0002596474147185977	30	5419.5	False	0.0002983382559145
1977	0.00025508394900272945	30	5445.5	False	0.0003206174855276
1978	0.0005127719829519965	30	5422.0	False	0.0004967234208085
1979	0.00026274089380852884	30	5362.0	False	0.0003510492134681
1980	0.0005161467318105666	30	5237.5	False	0.0005421991103005
1981	0.00026176836716846924	30	5283.5	False	0.0003069593831344
1982	0.00035967138428421615	30	5354.5	False	0.0004784080517891
1983	0.0010543986481335603	30	5330.5	False	0.001127114100502
1984	0.000493579588800446	30	5524.0	False	0.0005465090996703
1985	0.0004498873149306575	30	5553.5	False	0.0004266037085303
1986	0.00040948114291375646	30	5535.5	False	0.000492114451761
1987	0.0003671709884356119	30	5500.0	False	0.0004705550196456
1988	0.0004998599542861482	30	5424.0	False	0.0006677159345638
1989	0.000534456002660811	30	5502.0	False	0.000672419589824
1990	0.0006334875539239507	30	5581.0	False	0.0007459642170289
1991	0.0005278036410305688	30	5464.5	False	0.0005366566292
1992	0.0005104969749546407	30	5568.5	False	0.0006016109154415
1993	0.0002864676887426006	30	5544.5	False	0.0003466448887504
1994	0.00022983562463689346	30	5566.5	False	0.0003346052245377
1995	0.00035077132050151687	30	5414.0	False	0.0004131588086655
1996	0.00038270099345359665	30	5642.0	False	0.00039283878012
1997	0.00027470560377032647	30	5611.0	False	0.0003141507458171
1998	0.0006036144729754322	30	5515.0	False	0.0007275179217829
1999	0.0005681298626700204	30	5428.0	False	0.0006438956287309
2000	0.0003797776734275384	30	5705.5	False	0.0004319782235635
2001	0.0005713131010356331	30	5725.0	False	0.0006831884404515
2002	0.0005532096707449703	30	5706.5	False	0.0006282842129312
2003	0.0013142456704369546	30	5685.0	False	0.0016787397953317
2004	0.0004115674227500727	30	5819.0	False	0.0005170979563389
2005	0.000354793162967698	30	5828.5	False	0.0004605835931137
2006	0.00035695449632316815	30	5857.5	False	0.0003956467710208
2007	0.0014838635572137935	30	5822.0	False	0.0016156538910331
2008	0.0003869112415526662	30	5790.5	False	0.0007705200166477
2009	0.0004405639528944418	30	5747.0	False	0.0004863785721961
2010	0.0005594773703588785	30	5531.5	False	0.0007344970768201
2011	0.00019241177274281797	30	5591.0	False	0.0003449263669899
2012	0.0003103578924902925	30	5489.0	False	0.0003558233455697
2013	0.000369142629831577	30	5503.0	False	0.0004015803367369
2014	0.0003864423971807325	30	5503.5	False	0.0004902800503275
2015	0.0004107489541277186	30	5536.5	False	0.0005453298072581
2016	0.0003736012016627503	30	5453.0	False	0.000485986404234
2017	0.0011822858738240473	30	5447.5	False	0.0012699166246328
2018	0.0004971228225715262	30	5522.0	False	0.0005206687961435
2019	0.00044769626318754926	30	5474.5	False	0.0004369364847869
2020	0.0004616805608184918	30	5291.5	False	0.000506932144384
2021	0.0002872097905677051	30	5282.0	False	0.0003839216068642
2022	0.0002856431597537089	30	5393.0	False	0.0003891726190119
2023	0.0013976367942492127	30	5348.0	False	0.0014022956546967
2024	0.00030469338505091637	30	5491.5	False	0.0003759840206791
2025	0.0005846065929462442	30	5536.5	False	0.0005426347542973
2026	0.0003237721690698203	30	5514.5	False	0.0003499868754921
2027	0.0003571110174574101	30	5480.5	False	0.0004513508285511
2028	0.0005111117670244557	30	5504.5	False	0.0005428786578638
2029	0.00024017073680719284	30	5519.5	False	0.0003543956682391
2030	0.00034703192609459807	30	5615.0	False	0.0003266307181864
2031	0.0004919515611339511	30	5669.5	False	0.0005767338768955
2032	0.0006321054663095944	30	5686.5	False	0.0010430468243452
2033	0.001733028116791456	30	5690.5	False	0.0018944856330126
2034	0.0002850732467005067	30	5689.0	False	0.0003677427384953
2035	0.00028050803156115186	30	5746.5	False	0.0003259049481361
2036	0.0004411316566540228	30	5842.0	False	0.000396930404869
2037	0.0002517991929794231	30	5862.5	False	0.0002911703951127
2038	0.0003401742690934512	30	5853.0	False	0.0003573745615289
2039	0.00036427342320711456	30	5846.5	False	0.0004079584984922
2040	0.0003153067814341648	30	5927.5	False	0.0003930216816961
2041	0.0002684481592171771	30	5979.5	False	0.0003093958638658
2042	0.0002843062315542407	30	5995.0	False	0.0003453001413572
2043	0.0003517721197253981	30	6032.5	False	0.0003986016622766
2044	0.000273883803024554	30	6016.0	False	0.0002853604694987
2045	0.00022389463272457787	30	5960.0	False	0.0002773261409795
2046	0.00095436656860134	30	5984.5	False	0.0009492761091613
2047	0.0005598684261711226	30	6047.5	False	0.0005405694712053
2048	0.0002248790668327644	30	6074.0	False	0.000292721350563
2049	0.0003362067107881649	30	6069.5	False	0.0003410532149594
2050	0.0007197329537558762	30	6052.5	False	0.0008474531102595
2051	0.00029175983170690934	30	6056.5	False	0.0003458274587002
2052	0.0003029412836285703	30	6044.5	False	0.0003792532450189
2053	0.0005214914101432278	30	6041.5	False	0.0005180074336736
2054	0.0003424712456826608	30	6006.0	False	0.0003436795188486
2055	0.00044014161246422155	30	6004.5	False	0.0003966105873588
2056	0.0006379595712708185	30	5986.0	False	0.0006720068813504
2057	0.0005341668993611111	30	5881.5	False	0.0006289067413333
2058	0.0004569047792316389	30	5781.0	False	0.0004275616216246
2059	0.0004452821631290775	30	5676.0	False	0.0004710048292181
2060	0.0005464737582816662	30	5682.0	False	0.0006147995924106
2061	0.00048396237903867946	30	5800.0	False	0.0007692350570516
2062	0.00036444166331892335	30	5826.5	False	0.0003878331209485
2063	0.0003144750639641934	30	5856.5	False	0.0005960363582178
2064	0.00037474873244945205	30	5710.5	False	0.0004261436274481
2065	0.000350410790161454	30	5622.0	False	0.0004641932900859
2066	0.0004459328522544835	30	5649.5	False	0.0005038042949316
2067	0.00024933816458270553	30	5598.0	False	0.0003585058401757
2068	0.00034686580061377956	30	5633.0	False	0.0003845800615328
2069	0.0007488295158260674	30	5656.0	False	0.0007683133801201
2070	0.00040736541193484157	30	5761.0	False	0.0005035697500055
2071	0.0004272464643996299	30	5736.0	False	0.0004669532146634
2072	0.00023889350645674477	30	5800.0	False	0.0003336354587765
2073	0.00020050497907632552	30	5798.0	False	0.0002385482949344
2074	0.000346153407394873	30	5773.0	False	0.0004571326632437
2075	0.0015889534376119746	30	5661.0	False	0.0015800131192425
2076	0.00047502343020973327	30	5593.0	False	0.0005214451479815
2077	0.00040647058280156295	30	5532.0	False	0.000398282191591
2078	0.00024568583016141925	30	5470.0	False	0.000367312670538
2079	0.00033633555162650326	30	5333.5	False	0.0003413664239172
2080	0.0003875892888551223	30	5192.5	False	0.0005503475228177
2081	0.0003964594923894437	30	5246.0	False	0.0004037117009107
2082	0.00027908468153330416	30	5342.5	False	0.0003903622561737
2083	0.00043034398968396046	30	5352.5	False	0.0004487283039865
2084	0.0003025588104824218	30	5427.5	False	0.000407560543414
2085	0.00032825150476216544	30	5498.0	False	0.0003489386449549
2086	0.00035707089721225905	30	5550.0	False	0.0003524483605373
2087	0.0004985518804451488	30	5631.5	False	0.0005974803400516
2088	0.0001984126984126984	30	5690.0	False	0.0002870150992453
2089	0.00033577278751120753	30	5677.0	False	0.000350118306105
2090	0.0003597067549108143	30	5616.5	False	0.0004123380714032
2091	0.0003637818763869184	30	5549.5	False	0.0003708682953965
2092	0.0002457214547236822	30	5592.0	False	0.0003109792968412
2093	0.00020747919701636053	30	5593.0	False	0.0003279310999499
2094	0.00021910217777630606	30	5622.0	False	0.0003543727887423
2095	0.0005925647361576169	30	5651.0	False	0.0006091000688795
2096	0.00045405872982469256	30	5650.0	False	0.0005118231139318
2097	0.00038386275140397653	30	5588.0	False	0.0004177826614472
2098	0.0003941129504126527	30	5536.5	False	0.0004048231790185
2099	0.0013376433217167378	30	5444.0	False	0.001392806978199
2100	0.00039745239555899947	30	5454.5	False	0.0003703137674429
2101	0.0003930511976498928	30	5490.0	False	0.0004822217057866
2102	0.0003440057282658611	30	5520.5	False	0.0004444726649311
2103	0.0006163893294078666	30	5516.0	False	0.0007265095253471
2104	0.00038298253672965695	30	5460.5	False	0.0004708262128134
2105	0.00031920186856058085	30	5396.0	False	0.0003651483562434
2106	0.0002411179036763397	30	5311.0	False	0.0003173196666347
2107	8.252186829509821e-05	30	5454.0	False	0.0002336011960381
2108	0.0003150862725779384	30	5506.0	False	0.0004051746592191
2109	0.00026332779477622296	30	5567.0	False	0.0003615702479338
2110	0.00040503381393853306	30	5603.5	False	0.0004047221383009
2111	0.0004887983998684963	30	5656.5	False	0.0005688954978398
2112	0.00035073258731713495	30	5719.0	False	0.000424346311258
2113	0.0003703998061501646	30	5803.0	False	0.0004562996844385
2114	0.00029150407791876226	30	5848.0	False	0.0003163952758912
2115	0.00020571476453829396	30	5853.0	False	0.0002951642260957
2116	0.00038833520542241504	30	5907.0	False	0.0003960933260987
2117	0.0004208973357632561	30	6018.0	False	0.000486865336258
2118	0.00021978980461548952	30	6040.5	False	0.000398781324273
2119	0.00020613690141587138	30	6080.0	False	0.0003539093780702
2120	0.00027679032597609135	30	6104.0	False	0.000336829695748
2121	0.0002322213225183701	30	6060.0	False	0.0002858534312998
2122	0.0002529966652511879	30	5983.5	False	0.0003255138850348
2123	0.00037319900698231507	30	6075.0	False	0.0004332984580915
2124	0.0003536898652208738	30	6070.5	False	0.0003812004637938
2125	0.0003879815187397562	30	6109.5	False	0.0003522348512727
2126	0.00027734913681850697	30	6136.0	False	0.0002767696284498
2127	0.0002803029875358866	30	6121.5	False	0.0003712321246503
2128	0.0005886092984779818	30	6124.0	False	0.0006874570339353
2129	0.009273013857794457	30	6247.5	False	0.0113858515785746
2130	0.000455670555414134	30	6372.5	False	0.0004254296839808
2131	0.00028206369545789373	30	6447.0	False	0.0003017292548771
2132	0.0002635581026346821	30	6524.0	False	0.0003963360930068
2133	0.0003067896697432486	30	6562.5	False	0.0003805564906836
2134	0.00029036397995009543	30	6525.5	False	0.0002649500520087
2135	0.00033898135917262575	30	6528.0	False	0.000360179004031
2136	0.00017300649155680152	30	6590.5	False	0.0002635509092506
2137	0.0003119220056541193	30	6551.5	False	0.0003101843873858
2138	0.00038527385826729593	30	6530.5	False	0.0004200850054363
2139	0.00027289039196100166	30	6617.0	False	0.0003373258372036
2140	0.00031497243087126397	30	6672.5	False	0.0003640211229323
2141	0.0006629843481960612	30	6610.0	False	0.0006883118785056
2142	0.0004788407261153026	30	6688.0	False	0.0005041642024025
2143	0.000463940862374359	30	6709.0	False	0.0004694313105844
2144	0.0003564187389319105	30	6621.0	False	0.000407288001688
2145	0.0004450291392174267	30	6618.0	False	0.0005266888499478
2146	0.00037603774162913947	30	6599.0	False	0.0003962534238772
2147	0.0002684337867675678	30	6526.0	False	0.0002803251772055
2148	0.0003239004905977116	30	6376.0	False	0.0003534401508011
2149	0.0003297975684612717	30	6324.0	False	0.0003360023985401
2150	0.0008548707528609318	30	5973.0	False	0.0009055318779755
2151	0.00032656300388743414	30	6360.0	False	0.0003439213190152
2152	0.00030869270461878986	30	6482.5	False	0.000308320613002
2153	0.000171102104514903	30	6516.5	False	0.0002308680639203
2154	0.00020942412050970014	30	6530.5	False	0.0002656788093579
2155	0.0002957488399092209	30	6507.0	False	0.0002970571205598
2156	0.0006289540652122958	30	6495.5	False	0.0006368493143761
2157	0.002478457619801881	30	6434.5	False	0.0025374373920442
2158	0.0003019488168854097	30	6339.5	False	0.0003394974409094
2159	0.0002908374118941457	30	6360.5	False	0.0002883402414849
2160	0.0003548784569331247	30	6260.0	False	0.0004243437079257
2161	0.00032551634997907586	30	6240.5	False	0.000357762929447
2162	0.0003863915015412204	30	6216.5	False	0.0004482460396144
2163	0.0005475946235957164	30	5795.5	False	0.0006864861872335
2164	0.0004229755168734203	30	6230.5	False	0.0004839659961282
2165	0.00039959180912727964	30	6269.0	False	0.0003926495994974
2166	0.00033028383071798226	30	6253.0	False	0.0004031730240594
2167	0.00023292355929983724	30	6151.0	False	0.0003149639926757
2168	0.0004553295861248299	30	5932.0	False	0.0004684279557804
2169	0.00016739338765856804	30	5974.0	False	0.0002086261419536
2170	0.00023078188038936758	30	5949.5	False	0.0002694380292532
2171	0.0009177961078054815	30	5821.0	False	0.000913109807022
2172	0.00032244796664244785	30	5962.0	False	0.0003455879932857
2173	0.00033123551753204417	30	6017.5	False	0.0003489887505657
2174	0.00020781985086254715	30	5937.0	False	0.0003862921472324
2175	0.0003358724398714734	30	6002.0	False	0.0004037736466762
2176	0.00031114593534802264	30	6077.0	False	0.0003482285879598
2177	0.00038726032509577447	30	6130.0	False	0.0003830174326128
2178	0.0003218204223401095	30	6273.5	False	0.0002972434580365
2179	0.000315159351019057	30	6346.0	False	0.0003807602856731
2180	0.00035379109741294945	30	6364.0	False	0.0004096576798013
2181	0.00034476774901692314	30	6368.0	False	0.0005169704507879
2182	0.0004552852176791007	30	6304.5	False	0.000525153298426
2183	0.0004347808974745491	30	6349.5	False	0.0005172643374407
2184	0.00044175530522441904	30	6309.5	False	0.0004932207830907
2185	0.00030240943190374975	30	6311.0	False	0.0004383205618753
2186	0.00034078190036710505	30	6184.5	False	0.000352768973179
2187	0.0003030653447474673	30	6170.5	False	0.0003897814063734
2188	0.0005169988197377721	30	6025.0	False	0.0006164732370205
2189	0.00040306179748674973	30	6156.0	False	0.0004166380997083
2190	0.0004125606103973727	30	6164.5	False	0.0004635433676425
2191	0.00036772638427856385	30	6232.0	False	0.0004124723278058
2192	0.0003044086877408016	30	6266.5	False	0.0003963762862671
2193	0.00015956032469717903	30	6303.0	False	0.0002545745487796
2194	0.00024683195773513245	30	6371.5	False	0.0003243343423735
2195	0.0002961592650099632	30	6461.5	False	0.0003152665273392
2196	0.00028472152556748226	30	6590.5	False	0.0002903949371144
2197	0.00029231674155271586	30	6756.0	False	0.000366268166901
2198	0.0002593896141263192	30	6795.0	False	0.0003150873519089
2199	0.00021026543711070886	30	6896.5	False	0.0002910735843564
2200	0.00023100957033421853	30	6931.5	False	0.0002788780593868
2201	0.0003997211775075097	30	6958.5	False	0.0004289377427504
2202	0.0005584599861825459	30	6949.5	False	0.0005467698519515
2203	0.00036750858150263305	30	7119.5	False	0.0004080977600476
2204	0.0002520919270555481	30	7008.0	False	0.0002790619796656
2205	0.00030228861177884314	30	7013.5	False	0.0003489021213248
2206	0.00041184159951505216	30	7028.0	False	0.0004978564513898
2207	0.0002811123619916652	30	7056.5	False	0.0003507557401638
2208	0.00045739992471103966	30	7025.5	False	0.0004542589090369
2209	0.0003706523554716804	30	7122.0	False	0.0003946619674357
2210	0.00038775641186547397	30	7163.0	False	0.0004440680293908
2211	0.00044873847438078667	30	7106.0	False	0.0005315736412794
2212	0.000503226504397053	30	7186.5	False	0.0005097327089107
2213	0.0004130417082820201	30	7168.0	False	0.0004556244560983
2214	0.00036765776510094817	30	7092.0	False	0.0004245226427457
2215	0.00036470353269440353	30	7090.5	False	0.0004444403292562
2216	0.0007121012373739562	30	6754.5	False	0.0008002699705924
2217	0.000709566543607568	30	7095.5	False	0.0007849147740467
2218	0.0006101133456497532	30	7195.5	False	0.0005945004138637
2219	0.0006848803666002375	30	7220.5	False	0.0007326007326007
2220	0.0007064306656303821	30	7024.5	False	0.0007140307033202
2221	0.0005095804428958187	30	7110.0	False	0.0004820737435092
2222	0.0004546070007620472	30	6902.0	False	0.000477465500777
2223	0.0006947793621597052	30	6821.0	False	0.0007231888373675
2224	0.0004128395177877631	30	6994.0	False	0.0004536238994991
2225	0.0003885938384283142	30	7065.0	False	0.0003893991799711
2226	0.0009587597902202956	30	6934.0	False	0.0016799858918311
2227	0.000489501654006371	30	7041.5	False	0.0004983631741619
2228	0.00041107456742745126	30	7152.5	False	0.0004328457806554
2229	0.000440954536879834	30	7221.0	False	0.0004197946578896
2230	0.00031722280043507947	30	7243.5	False	0.0003694290762937
2231	0.00039750475189857766	30	7166.0	False	0.0004308661756587
2232	0.00042322108224650436	30	7099.5	False	0.0004719978215485
2233	0.0014287801053992958	30	7036.0	False	0.0013639933315881
2234	0.000965816593881375	30	7150.0	False	0.000973132490857
2235	0.0005591587713963895	30	7078.0	False	0.0006301456184331
2236	0.000687829442053779	30	7115.0	False	0.0006543967280163
2237	0.0008744543744377724	30	7064.5	False	0.0008879002988654
2238	0.0002945666922223644	30	7034.0	False	0.0003770548338889
2239	0.00034706276499844163	30	6944.0	False	0.0003965477023559
2240	0.0004750497878955915	30	6898.0	False	0.0005158845544164
2241	0.0002424705957739747	30	6876.0	False	0.0003290927383336
2242	0.0019930225297422636	30	6878.5	False	0.0024858522989425
2243	0.0006133714858515126	30	6908.5	False	0.0006695446160185
2244	0.0004363050562548617	30	6876.0	False	0.0004560327967504
2245	0.0003413087673072761	30	6925.5	False	0.0003506458897288
2246	0.00031185775577757824	30	6899.5	False	0.0004118211385918
2247	0.0003984661464519367	30	7107.5	False	0.0004267741774381
2248	0.0005475987112550155	30	7168.0	False	0.0005552320463686
2249	0.00045977983416217017	30	7250.0	False	0.0004948155808956
2250	0.0004046761927356479	30	7192.5	False	0.0004451498896118
2251	0.00042707823766890247	30	7024.5	False	0.00044257074288
2252	0.00042024731150325364	30	7102.0	False	0.0004461237310511
2253	0.0007046864962329479	30	6865.5	False	0.000767743536208
2254	0.0005248613615299435	30	6943.0	False	0.0006335846089811
2255	0.0004070097628255402	30	7072.5	False	0.0004810747027321
2256	0.0006171593851949013	30	6917.5	False	0.0007060908411249
2257	0.0005672169020502192	30	6945.5	False	0.0006087634262312
2258	0.0006274952444589213	30	6714.0	False	0.0007645332548222
2259	0.00048777579736196375	30	6762.5	False	0.0006134824567612
2260	0.0005883503924364183	30	6570.5	False	0.0006383472609099
2261	0.0005949018064012449	30	6869.0	False	0.0006728940518969
2262	0.00047734497633738723	30	6836.5	False	0.0005362586083618
2263	0.0004329689717012928	30	6767.0	False	0.0005413413869736
2264	0.0005022729284730816	30	6799.0	False	0.0004903648031232
2265	0.0004044546041406013	30	6871.5	False	0.0004205666434576
2266	0.0004487081567700053	30	6793.0	False	0.0004978559317655
2267	0.0006569172218250528	30	6722.0	False	0.0006682591139168
2268	0.0004435705823635668	30	6698.0	False	0.0004444444444444
2269	0.000460130534125366	30	6754.0	False	0.0005126058719237
2270	0.0004304518779192708	30	6692.0	False	0.0005025697434049
2271	0.00040999517258891096	30	6825.0	False	0.0004897959183673
2272	0.00040388240353661476	30	6680.0	False	0.0004565254608053
2273	0.00044906615880710714	30	6666.0	False	0.0004886518900865
2274	0.00036427014904427907	30	6593.5	False	0.0003982572645963
2275	0.0003956637471188159	30	6518.0	False	0.0004080304274118
2276	0.00040939385021839685	30	6638.5	False	0.0004784826358651
2277	0.00045519034926703875	30	6567.5	False	0.0004434675304642
2278	0.00040873986057849944	30	6490.5	False	0.0004706498850061
2279	0.0005626407195343445	30	6422.5	False	0.0005653883972468
2280	0.0005826437229336655	30	6358.5	False	0.0006198674971238
2281	0.0005210294512875104	30	6064.5	False	0.0006234413965087
2282	0.0005636926191654061	30	6283.0	False	0.0005689020191031
2283	0.00038923089746129697	30	6260.5	False	0.0003904060222631
2284	0.0006307551208796887	30	6245.5	False	0.0006868097436745
2285	0.0004363712563476292	30	6036.0	False	0.0005069000475865
2286	0.0003892716196138953	30	6008.5	False	0.0004098615809243
2287	0.00041716370294337947	30	5944.0	False	0.0005022811937549
2288	0.0002806978898642558	30	6043.5	False	0.0003462836528273
2289	0.0016451849651151276	30	6114.0	False	0.0022432752841141
2290	0.0019032691643253883	30	6128.0	False	0.0024024728637884
2291	0.0017289946939234727	30	6148.0	False	0.0023450364245331
2292	0.00048501783273336774	30	6117.0	False	0.0004443445662277
2293	0.0002405452543956699	30	6028.0	False	0.000285275628125
2294	0.0003052974208512967	30	6057.5	False	0.0003311960836063
2295	0.00030911530679872867	30	6174.0	False	0.000373120978088
2296	0.00033364139991912903	30	6160.0	False	0.0004170828913627
2297	0.00030756364021460194	30	6232.5	False	0.0003527048371679
2298	0.00022060172796782652	30	6259.0	False	0.0002853067047075
2299	0.0001829508830280949	30	6344.0	False	0.0004573369920292
2300	0.000266392336884619	30	6423.0	False	0.0002718989919962
2301	0.0003170350147672432	30	6511.0	False	0.0002996895020241
2302	0.00030227897259288634	30	6467.5	False	0.0003060670385545
2303	0.00031664284228324956	30	6435.0	False	0.0003282945100204
2304	0.0004649504227374053	30	6463.0	False	0.0005051680674349
2305	0.00032112163992886413	30	6377.5	False	0.0004159817168517
2306	0.00047318982387475536	30	6550.0	False	0.0005057448688991
2307	0.0005838282125902892	30	6636.5	False	0.000553739441306
2308	0.000365779368411892	30	6738.5	False	0.0004595170284565
2309	0.00017521431902500106	30	6717.5	False	0.0002830985374841
2310	0.00036126792807998284	30	6788.5	False	0.0004181654889922
2311	0.0003322464044153437	30	6562.5	False	0.00037109556199
2312	0.0002180635350181589	30	6702.0	False	0.0002697443209186
2313	0.0002382396961225007	30	6723.0	False	0.0002639991552027
2314	0.00031080954745518665	30	6819.5	False	0.000378597862815
2315	0.0002537652892866689	30	6899.0	False	0.0002939310241863
2316	0.0003331667499583542	30	7020.5	False	0.0003625998870891
2317	0.0003820832148534877	30	7066.5	False	0.0003958720104837
2318	0.00041535600815369774	30	7272.5	False	0.0004121536579745
2319	0.0007577479471297926	30	7412.0	False	0.0008130576183933
2320	0.0001664217607101016	30	7428.0	False	0.0002081391063027
2321	0.00033793776029800876	30	7316.0	False	0.0004074801079603
2322	0.000259475694079417	30	7288.5	False	0.0003731277765096
2323	0.0002740336956502966	30	7241.0	False	0.0002708438784843
2324	0.00021860210512882728	30	7229.5	False	0.0002762012527063
2325	0.00038033659559722605	30	7129.0	False	0.0003925780192408
2326	0.00037257537219089837	30	7204.5	False	0.0004599138219731
2327	0.0004033461677437411	30	7068.0	False	0.0004810004810004
2328	0.0003178940594822156	30	7123.0	False	0.0004145582026198
2329	0.0003733171341202836	30	7161.5	False	0.0003896487786526
2330	0.0011574484903386414	30	6896.0	False	0.0014014318576809
2331	0.0004052222403521148	30	7059.0	False	0.0005170372856449
2332	0.0005648327437062361	30	7019.5	False	0.0006126533335148
2333	0.0005535340848156745	30	7068.0	False	0.0007054514210776
2334	0.0003174327635948773	30	7115.0	False	0.0004002986497791
2335	0.00017077076856562991	30	7124.5	False	0.0003154488837615
2336	0.00028212791868475616	30	7068.5	False	0.0003399633746124
2337	0.00024063305761382896	30	7090.0	False	0.0002767280761047
2338	0.0003566378714372568	30	7090.5	False	0.0003935565296456
2339	0.0006223765191629638	30	7200.0	False	0.000697590183654
2340	0.000324830119086913	30	7167.5	False	0.0003812958676499
2341	0.00031426112145048056	30	7303.5	False	0.0004029704680214
2342	0.0015377450594894438	30	7208.0	False	0.0015670040140446
2343	0.0005329130483625951	30	7203.0	False	0.0005993541288343
2344	0.0006892797555089051	30	7065.0	False	0.0006683914500456
2345	0.00048099003467036135	30	7172.5	False	0.0006154647882262
2346	0.000993343226125089	30	6996.5	False	0.0009180628873077
2347	0.0004605482137438602	30	7041.5	False	0.0004789424949711
2348	0.00022946065243373596	30	6994.0	False	0.0003676200279391
2349	0.00035563733585313036	30	7030.5	False	0.0004212087776246
2350	0.0010829462853042533	30	7039.5	False	0.0012836677264919
2351	0.0003260834415003207	30	6971.5	False	0.0004060274547553
2352	0.0008735332066517188	30	6922.5	False	0.0007992838416778
2353	0.0006821492330482343	30	7264.0	False	0.0006922288437559
2354	0.0003263805836554711	30	7342.5	False	0.0004343629343629
2355	0.00019209916006616387	30	7356.5	False	0.0002537693499129
2356	0.0003137387546858641	30	7320.0	False	0.0003512006672812
2357	0.0005344734417760367	30	7429.0	False	0.0005917623204044
2358	0.0003879928299226092	30	7376.0	False	0.000398844665343
2359	0.0004185597480244038	30	7559.5	False	0.0004588847813221
2360	0.00040854624649329515	30	7548.5	False	0.0004284838954327
2361	0.00038454959277809655	30	7626.5	False	0.0004023497223786
2362	0.00025370677283204936	30	7720.5	False	0.0003155715632152
2363	0.00038151163920292113	30	7729.5	False	0.0004083711883601
2364	0.00041526084578233905	30	7835.5	False	0.000415793500316
2365	0.0003536621568001535	30	7802.5	False	0.0004083996982843
2366	0.00031995220482018444	30	7898.0	False	0.0003917251161774
2367	0.0003830943720282313	30	7869.0	False	0.0004762161110121
2368	0.000366536017327719	30	7954.5	False	0.0004184666888207
2369	0.00030512628923421353	30	7996.5	False	0.0003344358841546
2370	0.0002739760232136916	30	7902.0	False	0.0003259707946672
2371	0.0002697670004878657	30	7928.0	False	0.0002798745503486
2372	0.0002975751857845128	30	7979.5	False	0.0003466232775881
2373	0.00036813083420424966	30	8037.5	False	0.0004071956716309
2374	0.000326175962561985	30	7989.0	False	0.0003438066269738
2375	0.00034490698453294364	30	7972.0	False	0.0003887300674608
2376	0.0005147414369837517	30	7838.0	False	0.0005343658926582
2377	0.0006355883726595717	30	7946.5	False	0.0007941065080082
2378	0.00035273462937344296	30	8003.0	False	0.0004356296663802
2379	0.0003369270962336738	30	8129.0	False	0.0003931254665883
2380	0.00043424948502354357	30	8099.0	False	0.0004473951217953
2381	0.0004201833314884033	30	8075.5	False	0.0004126486837308
2382	0.00029044807356370884	30	8011.0	False	0.0003718794463846
2383	0.0002644809622322445	30	7926.5	False	0.0003525254761143
2384	0.0002609351746502848	30	7925.0	False	0.0002999412443863
2385	0.00045112860943293155	30	7812.0	False	0.0004742569973707
2386	0.0002942186669988874	30	7933.0	False	0.0003155298032241
2387	0.0004225380760716571	30	7908.0	False	0.0004362104015604
2388	0.00038432614001535537	30	7852.0	False	0.0003811701924909
2389	0.0003746707472538211	30	7901.0	False	0.0004312416061901
2390	0.00026232970697954094	30	7942.5	False	0.0002980540743583
2391	0.00031570006108829797	30	7800.0	False	0.0003603573751071
2392	0.0005387387027408824	30	7612.0	False	0.0005407163646962
2393	0.00032403808296477184	30	7687.5	False	0.0003729795196526
2394	0.00034727760886637973	30	7669.0	False	0.0003991345083293
2395	0.0003024242011253535	30	7572.5	False	0.0003837216738792
2396	0.00044258709385730174	30	7713.0	False	0.0004646879055553
2397	0.00038910291082092433	30	7653.0	False	0.000458168000538
2398	0.00031276025999380446	30	7646.5	False	0.0003571248508478
2399	0.00036391091939786606	30	7635.5	False	0.0003794218454235
2400	0.0004787725923232624	30	7735.5	False	0.000520720510556
2401	0.00033585924796705036	30	7633.5	False	0.0003872656937317
2402	0.000334005459366154	30	7595.5	False	0.0004104551821024
2403	0.00021165108246858284	30	7724.5	False	0.0003244929797191
2404	0.00040968303276348505	30	7597.5	False	0.0004705782601322
2405	0.0002783605420270567	30	7731.0	False	0.0004312775768835
2406	0.0007393786860110692	30	7750.0	False	0.0011515554253119
2407	0.0002681097623865776	30	7762.0	False	0.0003170655378584
2408	0.0005884412732661075	30	7717.0	False	0.0006244882091663
2409	0.00032628107587126634	30	7709.5	False	0.0003963879151234
2410	0.0003010796519297292	30	7648.5	False	0.0002907870358831
2411	0.00034843469065267	30	7545.5	False	0.0003661939817913
2412	0.0005742734707724942	30	7298.5	False	0.0007348508516789
2413	0.0003566000559246315	30	7679.0	False	0.0004606172270842
2414	0.00039041735765410403	30	7684.5	False	0.0004025581115459
2415	0.0003963277744828996	30	7714.5	False	0.0004148138315523
2416	0.000695216249139559	30	7549.5	False	0.0008254895543821
2417	0.000587435088961601	30	7643.0	False	0.0005652011906905
2418	0.0004536018763168833	30	7567.5	False	0.0004788379070122
2419	0.00036229093336334573	30	7669.5	False	0.0003865159946968
2420	0.00038264140302026416	30	7673.5	False	0.0003919965971359
2421	0.000386934598177547	30	7719.0	False	0.0004996077459845
2422	0.0006500366718502693	30	7646.0	False	0.0006738741906184
2423	0.0003836471323290304	30	7685.0	False	0.0004450896626885
2424	0.00031309124123210606	30	7659.0	False	0.000349935845095
2425	0.0004922324682139741	30	7536.5	False	0.0004642090559095
2426	0.0003764561646338175	30	7576.5	False	0.0004483451411652
2427	0.00039864993169810197	30	7570.0	False	0.0004454361880843
2428	0.0004448243010768512	30	7479.0	False	0.0005041473661531
2429	0.00035527465435758677	30	7471.0	False	0.0003701742832177
2430	0.000311540920225237	30	7387.0	False	0.0003914949888641
2431	0.0005376395466838687	30	7491.5	False	0.0006358863310218
2432	0.0003787970061123867	30	7324.0	False	0.0003696939022511
2433	0.0004933081952356291	30	7470.5	False	0.0005383081620436
2434	0.00041192889521172267	30	7475.5	False	0.0004493061675912
2435	0.00037950123260939396	30	7505.5	False	0.0004349586143338
2436	0.0006220531778097229	30	7368.0	False	0.0007639184626799
2437	0.0003974079638835137	30	7303.0	False	0.0004877270147559
2438	0.00021891599195811865	30	7241.5	False	0.0002591263866612
2439	0.0005470426821797073	30	7164.0	False	0.0006006955422067
2440	0.0004802164599139262	30	7115.5	False	0.0005104970965477
2441	0.0005174823576836485	30	7065.5	False	0.0005054101863125
2442	0.000789691600693082	30	6961.0	False	0.0008197911640566
2443	0.0006143852357567898	30	6889.5	False	0.0006342204531363
2444	0.0003746690342033325	30	6978.5	False	0.0003947374531539
2445	0.00044572475076596994	30	6910.5	False	0.0005063842273144
2446	0.00027854512613314445	30	7033.5	False	0.000301052758338
2447	0.0002704177068753958	30	6908.5	False	0.0002688932918199
2448	0.0004531917249732282	30	6919.5	False	0.0004796163069544
2449	0.00042912829535415734	30	6796.5	False	0.0004410101048837
2450	0.0006615520556553958	30	6853.0	False	0.000680588215967
2451	0.0003212375477883419	30	6872.0	False	0.0003484796398415
2452	0.002322241859069333	30	6687.0	False	0.002568003643658
2453	0.00038918114288241537	30	6628.0	False	0.0004301453695828
2454	0.0026124171478505024	30	6333.5	False	0.0029105296956891
2455	0.00038783288634459425	30	6328.5	False	0.000498895303257
2456	0.005630502989433692	30	6276.5	False	0.0045020251324125
2457	0.0007053996718049582	30	6674.5	False	0.0007642650798152
2458	0.0002203899521317808	30	6774.5	False	0.0002792172452142
2459	0.0003397033929473733	30	6859.0	False	0.0004066674768853
2460	0.0002938408979214895	30	6901.0	False	0.0003392414004628
2461	0.00023636830947837477	30	6876.0	False	0.0002996605407936
2462	0.0003066968758972619	30	6834.5	False	0.0003146500105666
2463	0.00031899275757913965	30	6694.5	False	0.0003326856409984
2464	0.0007957103209811729	30	6311.0	False	0.0008283981044604
2465	0.000979278422085911	30	6100.0	False	0.001119276131698
2466	0.00037506343941225834	30	6660.0	False	0.0004908589550479
2467	0.0002946198015028623	30	6741.0	False	0.000310166296853
2468	0.0003387470779383326	30	6721.0	False	0.000377997665027
2469	0.0003096277024472842	30	6466.0	False	0.0004300650040782
2470	0.00036698675992574616	30	6595.0	False	0.0003740242581447
2471	0.0003877509008622874	30	6250.5	False	0.0004274318555177
2472	0.000267645595686113	30	6255.0	False	0.0003642875100692
2473	0.0004579648139576583	30	5452.0	False	0.0005672996536486
2474	0.0003097895124069245	30	6114.0	False	0.0003915222384631
2475	0.006195670532517638	30	5122.0	False	0.0062150207903487
2476	0.0004353637408942843	30	6208.5	False	0.0005741936494182
2477	0.0003347832700937954	30	6626.5	False	0.0004651658607022
2478	0.0006683669579719198	30	6269.5	False	0.0007528282980369
2479	0.0007493083971768873	30	6030.5	False	0.0007822024663652
2480	0.00019189798444210955	30	6297.5	False	0.0002859493518481
2481	0.00017731348477610385	30	6147.5	False	0.0002531789458455
2482	0.00020808615797198113	30	5745.0	False	0.0004047844380337
2483	0.00026350790124869726	30	5583.5	False	0.0003627476049738
2484	0.0003740671637440945	30	5892.5	False	0.0004390267697927
2485	0.0002435051475569832	30	5917.0	False	0.0004201476980754
2486	0.000828490329464845	30	4777.0	False	0.0008844319565675
2487	0.02750305397660607	30	3998.5	False	0.0454000016551221
2488	0.00035513531210290046	30	6461.5	False	0.0003553855933688
2489	0.0008441745732404562	30	6323.5	False	0.000876154756598
2490	0.0006306223827406685	30	6344.0	False	0.0006985679357317
2491	0.0007802597616108594	30	6385.0	False	0.0007303792431256
2492	0.0008499453960218199	30	6410.0	False	0.0010499821653747
2493	0.0005860113702224162	30	6375.5	False	0.0007372210804833
2494	0.0004632041826195001	30	6328.5	False	0.0005417505698602
2495	0.00033470012554953746	30	6292.0	False	0.0003684082170598
2496	0.00035354482275886203	30	6397.5	False	0.0004531637448637
2497	0.00045324174654995397	30	6428.0	False	0.000460614895577
2498	0.0003207054739136989	30	6482.5	False	0.0003557613292445
2499	0.00044975613907779924	30	6486.0	False	0.0004595634147559
2500	0.00047404813965037966	30	6408.0	False	0.0004993140735958
2501	0.00043608997535019597	30	6472.5	False	0.000480701824664
2502	0.0005776555176045018	30	6566.0	False	0.0005630936563054
2503	0.0002986604199796712	30	6639.5	False	0.0004205317281409
2504	0.00032795820747989735	30	6682.0	False	0.0003504911744375
2505	0.0002986857825567503	30	6661.0	False	0.0003317785280743
2506	0.00023263982473402153	30	6597.5	False	0.0002661999950703
2507	0.00035075637943803283	30	6440.5	False	0.0003923936009658
2508	0.00038887902765876565	30	6434.0	False	0.0003991995795771
2509	0.0003056205284837936	30	6329.0	False	0.0003240257369013
2510	0.0004088701110061125	30	6336.0	False	0.0004459617395583
2511	0.0003266733844786545	30	6316.0	False	0.0003286348815117
2512	0.0007725169957148913	30	5989.0	False	0.0008286789200656
2513	0.0003491541932942158	30	6449.5	False	0.0003575799392617
2514	0.0002707506014401757	30	6464.5	False	0.0003005605454172
2515	0.0006074035022797782	30	6460.5	False	0.0006944129945805
2516	0.000267140632753281	30	6589.5	False	0.0003787301228167
2517	0.0006076172083272801	30	6585.0	False	0.0006589312432496
2518	0.0003138190638960342	30	6679.0	False	0.000364559029398
2519	0.00046133269116044995	30	6602.0	False	0.0005252668060832
2520	0.0003428529111935437	30	6529.0	False	0.0004182100609391
2521	0.00039623064892875895	30	6470.0	False	0.0003916803085235
2522	0.0007434206595232432	30	6473.0	False	0.0007524796476981
2523	0.00032697973013949143	30	6594.0	False	0.0003622613045376
2524	0.00046161998141871255	30	6387.0	False	0.0005195526702949
2525	0.000278027659737304	30	6555.0	False	0.0003732717517892
2526	0.00042138572882542203	30	6577.5	False	0.0004679969729557
2527	0.00027832210458501264	30	6544.0	False	0.0003254866024706
2528	0.0006108995070777131	30	6485.5	False	0.0006623922980461
2529	0.00030173924521946537	30	6297.5	False	0.0003239390994493
2530	0.00031022808573247224	30	6447.0	False	0.0003273339163968
2531	0.00020711174361003295	30	6474.0	False	0.0004131093362709
2532	0.00029913085136881355	30	6474.5	False	0.0003218719664844
2533	0.0004012723032885519	30	6459.0	False	0.0003994939742992
2534	0.0004192061519062876	30	6379.5	False	0.0004806077362342
2535	0.00036723140984405397	30	6269.0	False	0.00035801533148
2536	0.00020670946790322893	30	6300.0	False	0.0002879249510527
2537	0.0006198122364924181	30	6187.5	False	0.0005972951064465
2538	0.00044065972433542284	30	6237.0	False	0.0004508374969502
2539	0.0006154629373391855	30	6069.0	False	0.0005973484366617
2540	0.0004666939028566551	30	6273.5	False	0.0004855880629786
2541	0.0005290364875307537	30	6352.5	False	0.0006277923681374
2542	0.000631961186158917	30	6279.0	False	0.0007435694520424
2543	0.00041743182778562266	30	6285.0	False	0.0005057011146717
2544	0.0003740564828410563	30	6230.0	False	0.0004406067477311
2545	0.0008156530116129421	30	6074.5	False	0.0009648964106949
2546	0.0005788525568077429	30	6042.0	False	0.000677738227742
2547	0.0005126650946689236	30	6003.5	False	0.0005940121356124
2548	0.00047704657817931493	30	5921.5	False	0.0004610549161386
2549	0.0003543487791319265	30	5881.5	False	0.0004487590958924
2550	0.00030805594893877153	30	5782.0	False	0.0004112461337071
2551	0.000274813596545321	30	5763.5	False	0.0004349944320712
2552	0.0005228255622681077	30	5529.5	False	0.0005639063551639
2553	0.0003304868058364215	30	5510.5	False	0.0004060802948021
2554	0.00034907645384198914	30	5387.5	False	0.0004223077878524
2555	0.000349557024455451	30	5514.0	False	0.0004118241995167
2556	0.0002949856614344274	30	5474.0	False	0.0003991207063822
2557	0.00030509975899916	30	5499.0	False	0.0003708454668701
2558	0.000321957635101965	30	5432.5	False	0.0003390624614701
2559	0.00021121506786595656	30	5415.5	False	0.0003158051172813
2560	0.0002617161828068016	30	5537.5	False	0.0003271220528726
2561	0.00031269913424971713	30	5538.5	False	0.0003023998451712
2562	0.0002731850299814894	30	5622.0	False	0.000297833558694
2563	0.0003422609788891839	30	5673.5	False	0.0004261388857651
2564	0.0005689957061243726	30	5672.0	False	0.0005812229405136
2565	0.0005480038133141013	30	5589.5	False	0.0005587162742636
2566	0.0006044655974189753	30	5629.5	False	0.0006756797158557
2567	0.0008653183089328824	30	5611.0	False	0.0009677516304511
2568	0.0011299053446032518	30	5646.0	False	0.0011303035586525
2569	0.000533250764930217	30	5736.5	False	0.0006520759727787
2570	0.0005207255549687115	30	5736.0	False	0.000629577054886
2571	0.00044801546322276273	30	5673.0	False	0.0005882776670588
2572	0.0003894999365442739	30	5626.0	False	0.0005277076863354
2573	0.00032253668523207454	30	5628.0	False	0.0003990833177126
2574	0.0004564102776832901	30	5608.0	False	0.000516981315687
2575	0.00048526438210819264	30	5451.5	False	0.0006328633268359
2576	0.0005391757177261239	30	5514.0	False	0.0005946829088132
2577	0.000355528395469139	30	5605.0	False	0.000443549132307
2578	0.00031429928028050126	30	5657.5	False	0.0003587454852792
2579	0.00036566284034157134	30	5617.0	False	0.0004258296073242
2580	0.00032565790518289877	30	5588.5	False	0.000408935546875
2581	0.0003341265038690137	30	5598.5	False	0.0004195625604261
2582	0.0003030162167680215	30	5606.0	False	0.0003717517429671
2583	0.0003014250247635603	30	5652.0	False	0.0003550922638034
2584	0.0004391121417775633	30	5583.0	False	0.0004769242057377
2585	0.0007512084165172423	30	5505.5	False	0.0008258715117795
2586	0.0011275820556321493	30	5503.5	False	0.0010871806406867
2587	0.00035227107033942735	30	5609.0	False	0.0005329445492636
2588	0.0005721480956947645	30	5537.5	False	0.0005565874311301
2589	0.0003324753798653418	30	5378.0	False	0.0005106955155762
2590	0.00032856979994973484	30	5288.5	False	0.0003559821481544
2591	0.0008056716482944179	30	5224.5	False	0.0008100364181662
2592	0.00023849528212038768	30	5165.5	False	0.0003925709335066
2593	0.0002466059458298667	30	5023.5	False	0.0003410688680689
2594	0.0037521559530579343	30	4714.0	False	0.0039353908881139
2595	0.00038754057731826624	30	4949.0	False	0.0003612205003258
2596	0.00033257467142986644	30	5031.5	False	0.0004939096075853
2597	0.0003588400025437412	30	4989.5	False	0.0003792694147311
2598	0.00032757088401576154	30	4894.5	False	0.0003156656240135
2599	0.0003019105390899097	30	4868.0	False	0.0004242681374628
2600	0.00028458392495236707	30	4907.5	False	0.0003711051797719
2601	0.0003952569169960474	30	4993.0	False	0.0003788038217096
2602	0.0003744321645154545	30	4945.0	False	0.0004592503621012
2603	0.00038333732054078573	30	4978.5	False	0.0005184977578475
2604	0.0004720241757177575	30	4898.5	False	0.0005429153123548
2605	0.00038079599230795723	30	5076.5	False	0.0004293896433988
2606	0.0005030800403303583	30	5041.0	False	0.0005923592624081
2607	0.00037764092036609355	30	5064.5	False	0.0004513356062131
2608	0.00028954776159466984	30	5118.5	False	0.0003934127520947
2609	0.0004356477030631325	30	5112.5	False	0.0004625698169742
2610	0.0004225654409501178	30	5111.5	False	0.0004887619178742
2611	0.00027968885921916305	30	5174.0	False	0.0003757754639118
2612	0.0002719405669992232	30	5224.5	False	0.0003386363790289
2613	0.0006017851381350287	30	5185.5	False	0.0008316461822668
2614	0.0003684981454295915	30	5202.5	False	0.0004142108265203
2615	0.0006373710649970378	30	5209.5	False	0.0006184039740949
2616	0.0008042887643913877	30	5165.0	False	0.0009464371442287
2618	0.0003393190150947781	30	5149.5	False	0.0003073518564052
2619	0.0003336610163487256	30	5158.5	False	0.0003820778210647
2620	0.0001769072912537483	30	5240.5	False	0.0002149771922635
2621	0.00013495911500243827	30	5231.0	False	0.0002293856512528
2622	0.00027198084710467895	30	5184.5	False	0.0003130870381966
2623	0.0006703266569290779	30	5048.0	False	0.0007677275265214
2624	0.0003684579542628068	30	5173.5	False	0.0003885189249613
2625	0.00027378803276554913	30	5196.0	False	0.0003056421541659
2626	0.0003435502994289617	30	5227.5	False	0.0004069948854309
2627	0.00035368080800941934	30	5290.0	False	0.0004551966047688
2628	0.0008549574034873752	30	5258.5	False	0.0008503697714456
2629	0.00033004134082222146	30	5302.5	False	0.0003131162394073
2630	0.00024044253914721353	30	5302.5	False	0.0002731494127287
2631	0.000432208268273732	30	5265.5	False	0.0005423029799883
2632	0.00043856138906673984	30	5256.0	False	0.0005133880947301
2633	0.0004171081198436822	30	5287.0	False	0.0004449816694118
2634	0.0005128271882494891	30	5286.5	False	0.0004703731185075
2635	0.00033887471899830097	30	5237.0	False	0.0003401360544217
2636	0.0003830818831104987	30	5209.5	False	0.0005016588184931
2637	0.00035836812688517237	30	5297.5	False	0.0004872909258527
2638	0.0006071318329727193	30	5177.5	False	0.000604785872202
2639	0.0005080229799330923	30	5232.5	False	0.000603988982179
2640	0.0003199308973800941	30	5294.0	False	0.000490481391136
2641	0.00039601304801269247	30	5269.0	False	0.0005059033001977
2642	0.000717151620924654	30	5372.5	False	0.0007453527896113
2643	0.0005873573984310057	30	5360.5	False	0.0006230289483656
2644	0.001063228780620085	30	5218.0	False	0.0011181833820746
2645	0.0003160825345781632	30	5281.5	False	0.0004234582861014
2646	0.0002620061706254477	30	5264.0	False	0.0002949736490206
2647	0.00034872731975276133	30	5339.5	False	0.0004971398318763
2648	0.0004430599295313523	30	5242.5	False	0.0007633081109783
2649	0.0003170864718922176	30	5375.5	False	0.0003541600932406
2650	0.0006283088413992788	30	5444.0	False	0.0006340390187612
2651	0.0003789385930010042	30	5449.0	False	0.0004347415178149
2652	0.00024854939663097	30	5525.5	False	0.0003540416651138
2653	0.00036345235941395097	30	5507.5	False	0.0004356512051979
2654	0.00025561074735735523	30	5455.0	False	0.000300580496083
2655	0.00033889953981674787	30	5499.0	False	0.000353600208438
2656	0.0003708133039709333	30	5458.5	False	0.0004136945429928
2657	0.00035009321936316847	30	5527.0	False	0.0003898249500343
2658	0.0003146110758908315	30	5517.0	False	0.0003588575954066
2659	0.00024152328390144174	30	5632.0	False	0.0003139016159896
2660	0.0003102078824456007	30	5653.5	False	0.0003962036486754
2661	0.0002578773535107416	30	5630.0	False	0.0003262366786689
2662	0.0002848459098911167	30	5491.0	False	0.0003413668327985
2663	0.0003271472686176409	30	5642.5	False	0.0003965893317469
2664	0.0006465197446105938	30	5645.5	False	0.0006484891392942
2665	0.0005583177509694936	30	5675.5	False	0.0006338299321742
2666	0.00023877297887440042	30	5638.5	False	0.0002555644705952
2667	0.00033474401424147973	30	5660.0	False	0.0003860430586488
2668	0.00031426285367652985	30	5655.0	False	0.0003572257845571
2669	0.0002459259001323212	30	5609.5	False	0.0002954886719291
2670	0.00029537812413297295	30	5592.5	False	0.0003929296837218
2671	0.00033878837707972684	30	5447.0	False	0.0003427068859159
2672	0.00027393970261089374	30	5465.5	False	0.0004121728378099
2673	0.0002473886734150872	30	5588.0	False	0.0003772299155491
2674	0.0004994603932645908	30	5419.5	False	0.0004792050240863
2675	0.00025259874146335494	30	5450.5	False	0.0003005786138316
2676	0.00034884378769712004	30	5368.5	False	0.0003696009584135
2677	0.00030937305864278653	30	5394.0	False	0.0003784223571928
2678	0.0002748958830190025	30	5405.5	False	0.0003079572379378
2679	0.0003417794679080059	30	5442.0	False	0.0003984286968268
2680	0.0003299080963696181	30	5410.5	False	0.0004559564780172
2681	0.000538084137142791	30	5399.0	False	0.0005379202501954
2682	0.0006156938782356028	30	5284.5	False	0.0006034044715447
2683	0.0004315193460070543	30	5422.5	False	0.0004607304112786
2684	0.0003728237184119537	30	5365.5	False	0.0005194773068812
2685	0.0004944434238688955	30	5350.5	False	0.0005642396096205
2686	0.0006092518307713608	30	5377.0	False	0.0006595167652859
2687	0.0002562548972223332	30	5392.5	False	0.0003367951795424
2688	0.0002462325437390697	30	5426.5	False	0.0003275168762168
2689	0.00041431965440115465	30	5440.5	False	0.0005607206164309
2690	0.0003208495649705056	30	5447.5	False	0.0005656346842374
2691	0.00042225771673430406	30	5405.0	False	0.0004573672720176
2692	0.0003245598098439085	30	5525.0	False	0.0004783954263034
2693	0.0003521788041911881	30	5530.0	False	0.0004199493694844
2694	0.00041054020665861485	30	5538.0	False	0.0005420660967116
2695	0.0007684164554314287	30	5570.0	False	0.000822151099627
2696	0.0004883581969992583	30	5564.0	False	0.0005044668782299
2697	0.00045920784669965044	30	5693.0	False	0.0004619543520662
2698	0.0007892445533594587	30	5824.0	False	0.0008848615863664
2699	0.0012821169031960982	30	5987.0	False	0.0014181756457079
2700	0.0006781232611382478	30	6105.5	False	0.0006759729181643
2701	0.00046723041564952024	30	6082.0	False	0.0007604890861725
2702	0.0006206936371684823	30	6033.5	False	0.0010368720477948
2703	0.0006712003843151384	30	5022.0	False	0.000872701885036
2704	0.00032558538015935255	30	4947.0	False	0.0003595969898462
2705	0.0006206130570979417	30	5167.0	False	0.0006901267951139
2707	0.00037532098274747655	30	5266.0	False	0.0004464340317273
2708	0.0008042904984161183	30	5301.0	False	0.0009565094761884
2709	0.0005782436122993399	30	5282.5	False	0.0006488299637022
2710	0.0006459344583399046	30	5415.5	False	0.000680522014586
2711	0.00041035297615857477	30	5468.0	False	0.0004818560380725
2712	0.00039848006220920154	30	5357.0	False	0.000503448317694
2713	0.0005686616350099834	30	5351.5	False	0.0006829046209879
2714	0.0003918144572714571	30	5452.5	False	0.0004104968201369
2715	0.0003770172767942197	30	5573.0	False	0.0004199205650264
2716	0.0005097394040046929	30	5405.5	False	0.0005473553613457
2717	0.00046854993311389265	30	5385.0	False	0.0005501314874709
2718	0.0006520324441291856	30	5436.5	False	0.0007242716201164
2719	0.0005912645254326655	30	5442.5	False	0.0006477977902224
2720	0.0004383864764449172	30	5369.5	False	0.0005293773660398
2721	0.0004241534681157487	30	5524.0	False	0.0004795358093365
2722	0.00036514092869062567	30	5353.0	False	0.0004148247210768
2723	0.00032866497345900773	30	5469.0	False	0.0005053988488797
2724	0.000428626548181802	30	5270.5	False	0.0005247212418402
2725	0.0003558147124791129	30	5191.5	False	0.0004641360796808
2726	0.00038006236229450106	30	5241.5	False	0.0004810455556388
2727	0.00031730964088014766	30	5247.5	False	0.0003846787932076
2728	0.00038745137360851926	30	5280.0	False	0.000463604033355
2729	0.0005170592399825561	30	5008.5	False	0.0005856858381164
2730	0.0003526813562504281	30	4948.0	False	0.0004149732902112
2731	0.0006290596800496268	30	5122.0	False	0.0006912760956726
2732	0.0003013868153532511	30	5139.5	False	0.000344745452494
2733	0.00039510415669544543	30	5176.0	False	0.0003842173430751
2734	0.0006429419467005108	30	4854.5	False	0.000616056302189
2735	0.0002004493126358654	30	5119.0	False	0.0002783735393297
2736	0.0004819007732549202	30	5152.0	False	0.0005578164023377
2737	0.00047005951613335816	30	5220.0	False	0.0005808672224041
2738	0.00019600725952813067	30	5290.5	False	0.000304803706413
2739	0.00014844386105013793	30	5296.5	False	0.000207480274118
2740	0.00029873600090526606	30	5286.5	False	0.0004361179361179
2741	0.00029542121335934823	30	5419.5	False	0.0003586243171195
2742	0.0005662022209104459	30	5490.5	False	0.0005025690145508
2743	0.00033461391649120215	30	5537.5	False	0.0003382298913582
2744	0.0003162571352631718	30	5624.0	False	0.0003512610848784
2745	0.0008109283742615252	30	5566.5	False	0.0008159344474792
2746	0.00024138764811715594	30	5680.0	False	0.000278654496858
2747	0.0003767842076204535	30	5696.5	False	0.0003811409197442
2748	0.00035798488915475584	30	5559.5	False	0.0004268980883152
2749	0.0002906770334078887	30	5575.0	False	0.0002906402222816
2750	0.00032836979535557964	30	5575.0	False	0.0004123639489365
2751	0.00044989821732615036	30	5601.5	False	0.0005033557046979
2752	0.0003161005270709912	30	5705.5	False	0.0004829737546379
2753	0.00034033958292959185	30	5838.5	False	0.0003809630521863
2754	0.00024796408515937785	30	5860.0	False	0.0003125331368839
2755	0.0003132473101738959	30	5792.5	False	0.0003490538950473
2756	0.0002870494888562177	30	5665.5	False	0.0003502888447359
2757	0.0001894980587593289	30	5649.0	False	0.0002769411846159
2758	0.0004883964560765688	30	5642.5	False	0.0004459008967562
2759	0.0004630064948336534	30	5519.0	False	0.0005132743362831
2760	0.0005362764865102559	30	5578.5	False	0.000555571800345
2761	0.00036053577194415155	30	5714.0	False	0.0003938760831592
2762	0.0003754971315946926	30	5750.0	False	0.0004340674403728
2763	0.0005399302545956019	30	5733.5	False	0.0005397242812767
2764	0.0001741170061475183	30	5881.0	False	0.0002702124545423
2765	0.0002932551319648094	30	5870.5	False	0.0002873239436619
2766	0.0003718132840515726	30	6017.0	False	0.0004410240578623
2767	0.00023349290702797166	30	5994.0	False	0.0003176761709432
2768	0.0005578110274369605	30	5994.5	False	0.0005196012743904
2769	0.0004724330107565757	30	5864.0	False	0.0004856837570209
2770	0.0004264026642226477	30	6150.5	False	0.000429282500489
2771	0.00029079377839817525	30	6163.5	False	0.000380114577394
2772	0.00047341175181645693	30	6196.0	False	0.0005327105821073
2773	0.00037994167693833987	30	6009.5	False	0.0004315042348268
2774	0.0004046409673376409	30	5970.5	False	0.0005093284614958
2775	0.0002901627015377753	30	5846.5	False	0.0003428160370466
2776	0.00021151855390985825	30	5824.0	False	0.0002986992493067
2777	0.00041914177680281027	30	5793.0	False	0.000730840920293
2778	0.0010181601062723385	30	5669.0	False	0.001144131534472
2779	0.0003242688505425438	30	5867.0	False	0.0004810758197867
2780	0.00029256832811595747	30	5942.0	False	0.0003860705737008
2781	0.00045771834204631355	30	5934.5	False	0.0005364925554744
2782	0.00029917824180589295	30	6026.0	False	0.0003971168230654
2783	0.0002145848217829642	30	6024.5	False	0.0002937177046505
2784	0.00035760708476876354	30	5932.5	False	0.0003816033979293
2785	0.0002756908732829567	30	5946.5	False	0.0003046753822291
2786	0.000639482903744867	30	5801.5	False	0.0005952583421204
2787	0.0004534419461422141	30	5820.5	False	0.0004535661639641
2788	0.00044737006667917346	30	5944.5	False	0.0004438452533524
2789	0.0006315914697042778	30	5948.5	False	0.0005774441433838
2790	0.0005030276962520663	30	5931.5	False	0.00056812801818
2791	0.00019913862642587793	30	5835.5	False	0.0002588894767055
2792	0.0002994657792550145	30	5710.5	False	0.0003839431534913
2793	0.00025924667764067543	30	5823.0	False	0.0003134340053507
2794	0.00039882050534217623	30	5743.5	False	0.0004103544225526
2795	0.0012140492371405212	30	5645.5	False	0.001248574686431
2796	0.00043369045982635806	30	5629.0	False	0.0004797477897333
2797	0.00036854739424909484	30	5535.5	False	0.000481483200297
2798	0.00024335023594148118	30	5411.5	False	0.0003590304999352
2799	0.00020209213868917447	30	5337.0	False	0.0002495677130684
2800	0.0005256751687715674	30	5371.0	False	0.0004779353194201
2801	0.0006102801171305801	30	5450.5	False	0.000590838527306
2802	0.00023559733718412355	30	5567.0	False	0.000346293804747
2803	0.00045599251286695085	30	5583.5	False	0.0004861503674392
2804	0.00015105064010600416	30	5600.0	False	0.0001745515152197
2805	0.00019373345935444277	30	5599.5	False	0.0002577911779375
2806	0.0006105438998068808	30	5584.0	False	0.000642836601086
2807	0.0001591690809829114	30	5552.0	False	0.0001985241150078
2808	0.00021554113994233753	30	5540.5	False	0.0002715177844148
2809	0.000531174789410349	30	5551.5	False	0.0005691038586368
2810	0.0004304605814089643	30	5515.0	False	0.0003677864349046
2811	0.0003772080305310594	30	5453.0	False	0.0003383434931958
2812	0.0008498927958251027	30	5349.0	False	0.0008054490378385
2813	0.004553399868429726	30	5342.0	False	0.0042807419173986
2814	0.0014078605679394996	30	5326.0	False	0.0014523392617665
2815	0.001524019664769868	30	5326.0	False	0.0016457000960479
2816	0.000339503438041415	30	5269.5	False	0.0005274449146013
2817	0.0004388357592410065	30	5261.0	False	0.000582653570834
2818	0.0005354908232925072	30	5280.5	False	0.0005997232959842
2819	0.00045002429392862155	30	5266.0	False	0.0005869036639557
2820	0.0008125653447935827	30	5109.5	False	0.0008798422523961
2821	0.00044432879607193213	30	5261.0	False	0.0004844120971455
2822	0.00033551441152877273	30	5362.5	False	0.0003711755660427
2823	0.0014667486962674308	30	5390.0	False	0.001600517814587
2824	0.000540299830955985	30	5529.5	False	0.0006202797001981
2825	0.0008281750066987178	30	5588.0	False	0.0008090431791436
2826	0.0008650269743333926	30	5530.0	False	0.0009007045000803
2827	0.0004213994875422612	30	5361.5	False	0.0005044031427282
2828	0.00039869036592726087	30	5451.5	False	0.0004315648892802
2829	0.0004733944762305867	30	5420.0	False	0.0004753242180623
2830	0.0005246234198855652	30	5434.5	False	0.0005830733797848
2831	0.0004322596514592102	30	5420.0	False	0.0004450821352229
2832	0.0004864290940132847	30	5390.0	False	0.0005241892735561
2833	0.0003624817383612839	30	5322.0	False	0.0004811033303041
2834	0.00045089507508808184	30	5341.5	False	0.0004543630655935
2835	0.0004718846607382273	30	5396.0	False	0.0004565942750102
2836	0.0004948839542127954	30	5504.0	False	0.0005527756824764
2837	0.0005899566557726629	30	5503.5	False	0.0006980661835971
2838	0.0004989143837035486	30	5434.5	False	0.0004989668451206
2839	0.00034805985808511296	30	5488.5	False	0.0003188757022512
2840	0.00026051777114148946	30	5438.0	False	0.0003294795987409
2841	0.0009075664106329578	30	5415.5	False	0.0009234758209167
2842	0.000632733223866486	30	5502.5	False	0.0007522843403334
2843	0.000757185099585587	30	5558.5	False	0.0008901213646245
2844	0.0015824301224924573	30	5559.0	False	0.0016499960172509
2845	0.00037044823481656257	30	5399.0	False	0.0004056628177692
2846	0.0013404171464063072	30	5408.0	False	0.0016301065432945
2847	0.0006290756176216983	30	5206.5	False	0.0007008135531247
2848	0.0004003588048053952	30	5209.0	False	0.0004068274140956
2849	0.0005279516257009637	30	5239.5	False	0.0006249849763226
2850	0.0011914221861059338	30	5125.5	False	0.0012552146786281
2851	0.00044855663147349005	30	5161.0	False	0.0006099904231503
2852	0.00045543914289084214	30	5201.0	False	0.0004602518061855
2853	0.00026901854364540933	30	5218.0	False	0.0002781792562938
2854	0.0003222705287876836	30	5186.5	False	0.0004743631067134
2855	0.0004035363585811356	30	5179.0	False	0.0004804213112461
2856	0.0004000614310065006	30	5295.5	False	0.000411206264638
2857	0.0005943481863909794	30	5293.5	False	0.0006277798506357
2858	0.0003449982495800018	30	5353.0	False	0.0003335069129546
2859	0.00031034383279081063	30	5429.0	False	0.0003522061965195
2860	0.00021100170770100202	30	5495.5	False	0.0003097466960352
2861	0.0003607049505026029	30	5407.0	False	0.0003327417923691
2862	0.0003645481523159455	30	5519.0	False	0.000382236827092
2863	0.0005653915396333344	30	5525.5	False	0.0006638016377588
2864	0.0006670111013962854	30	5481.5	False	0.0006456968914306
2865	0.00031816274961304176	30	5624.5	False	0.0003847764335751
2866	0.0005321839932867732	30	5585.5	False	0.0005029117447037
2867	0.00033224750596439997	30	5769.0	False	0.0004055014886903
2868	0.0003044495955639422	30	5726.5	False	0.0003630777824326
2869	0.000330947882961261	30	5746.5	False	0.0003546118939045
2870	0.0002136839600511528	30	5932.0	False	0.0002966766817522
2871	0.0004716487308234107	30	5926.5	False	0.0004828139918409
2872	0.0004996407799159995	30	6081.5	False	0.0004837312155474
2873	0.0004502279863525464	30	6101.0	False	0.0004970546865911
2874	0.0005110242309136609	30	6184.5	False	0.0005279251496223
2875	0.000171695299548973	30	6204.0	False	0.0002756052916215
2876	0.00032577614682323717	30	6228.0	False	0.0003677041793982
2877	0.00044913449832337693	30	6189.5	False	0.0006139565859851
2878	0.0003972858649412674	30	6259.0	False	0.0004850035859307
2879	0.00046200758678570787	30	6275.0	False	0.0004780778187313
2880	0.0009645874006303513	30	6273.0	False	0.0009836183766691
2881	0.00042533649878584223	30	6250.5	False	0.0003870228653108
2882	0.00045743654629917677	30	6174.5	False	0.0005161895823557
2883	0.0004921040656074206	30	6244.0	False	0.0005286754606473
2884	0.0003478806325353214	30	6394.0	False	0.0003758959276247
2885	0.0004981698616539488	30	6446.0	False	0.0004817799579537
2886	0.00024998508642625926	30	6435.5	False	0.0003145627324339
2887	0.0004420378428162476	30	6401.0	False	0.0004850675775725
2888	0.00040655312797330105	30	6385.0	False	0.0004673041174114
2889	0.0003117160976135189	30	6581.0	False	0.0003768252472915
2890	0.0008340759501586855	30	6544.0	False	0.0008876610132301
2891	0.0004774679566582166	30	6579.0	False	0.000519768529748
2892	0.0002868004547844596	30	6564.5	False	0.0003446442286862
2893	0.00032305573256683563	30	6456.5	False	0.0003644442225605
2894	0.0003311738722960535	30	6451.0	False	0.000406571398455
2895	0.00021277909892026788	30	6452.5	False	0.0003408247960063
2896	0.00026039040613450596	30	6436.0	False	0.0003918337821002
2897	0.00031065717600580183	30	6372.5	False	0.0003866503866503
2898	0.00043386166928269417	30	6296.0	False	0.0005056602994747
2899	0.00042607771664810996	30	6296.5	False	0.0004826353946314
2900	0.00039622613960968195	30	6190.5	False	0.0004117821828625
2901	0.00031253912970692453	30	6265.0	False	0.00041241152484
2902	0.00031442666029657976	30	6224.5	False	0.0003261511063252
2903	0.0003968396166636805	30	6133.0	False	0.0004353436067431
2904	0.00037609320209061993	30	6054.0	False	0.0003988449450391
2905	0.0005249592047976114	30	5992.0	False	0.0005200235886988
2906	0.0003426711842625712	30	6160.0	False	0.000418228488679
2907	0.0004442339041051968	30	6120.0	False	0.000483462431816
2908	0.000451208216878286	30	6135.5	False	0.00048668676212
2909	0.0004260566220093017	30	6121.5	False	0.0004874827022266
2910	0.00038082144897775693	30	5994.5	False	0.0004443516481163
2911	0.00033117303332662947	30	5955.0	False	0.0004627885701985
2912	0.00038255559651287547	30	5899.5	False	0.0004900279315921
2913	0.0005113288358868419	30	5950.5	False	0.0005039039006496
2914	0.00041815241678359036	30	5902.0	False	0.0004839481468592
2915	0.0005100794920210457	30	5937.0	False	0.0006059491219147
2916	0.00043283420147358776	30	6003.0	False	0.000469027979945
2917	0.0004944999791538518	30	5922.0	False	0.0005505767427661
2918	0.00032932660313257395	30	5870.0	False	0.000391316089705
2919	0.00028278272741925794	30	5784.5	False	0.0003668562090413
2920	0.0003275014795752123	30	5750.5	False	0.0003858866164454
2921	0.0001616388856753058	30	5732.5	False	0.0002295427061405
2922	0.00034364726440111383	30	5772.0	False	0.00035459028201
2923	0.00029228764234216797	30	5817.5	False	0.0003356517145749
2924	0.0002897269654607611	30	5760.0	False	0.0003007066606525
2925	0.00025117939966151897	30	5742.0	False	0.0003240350181292
2926	0.00032091151015655335	30	5688.0	False	0.0003692636315089
2927	0.0003280572817844688	30	5760.5	False	0.0003670234950646
2928	0.00029954578355399433	30	5770.0	False	0.0003831502726475
2929	0.0004127981449795705	30	5835.5	False	0.000478384709285
2930	0.0013374616867261077	30	5748.0	False	0.0013269772239413
2931	0.0007018725483778319	30	5697.5	False	0.0007259425998874
2932	0.0003911966833682839	30	5664.0	False	0.0004524477422857
2933	0.0001695739910957508	30	5619.5	False	0.0002787749830743
2934	0.0002633389521781383	30	5507.5	False	0.0002782076472327
2935	0.0002985439763331542	30	5408.5	False	0.0004312993335539
2936	0.00022327046558094722	30	5480.5	False	0.000296760078205
2937	0.00022728682912989153	30	5546.5	False	0.0002655536504967
2938	0.00023824246749732587	30	5501.5	False	0.0002958373938465
2939	0.0003904344512195122	30	5545.0	False	0.0004648893735472
2940	0.0007789088825742435	30	5407.0	False	0.0009566738270474
2941	0.0009319720804379565	30	5479.0	False	0.0009448837155378
2942	0.000658467878420195	30	5539.5	False	0.0007797788893638
2943	0.0008401701515804515	30	5535.0	False	0.0008589876628617
2944	0.0004214408951378066	30	5444.0	False	0.0004881979613323
2945	0.0002957724457377476	30	5377.0	False	0.0002983827654114
2946	0.00021727493763945167	30	5342.5	False	0.000288739172281
2947	0.0005037627296787749	30	5312.5	False	0.000533501467129
2948	0.00019498129391090586	30	5378.0	False	0.0003212698488246
2949	0.0003132995294595746	30	5418.0	False	0.0003422757798576
2950	0.0004123548707410011	30	5376.5	False	0.0003805695461113
2951	0.00026010605730281936	30	5344.0	False	0.0002929640790165
2952	0.00032342074212645034	30	5283.5	False	0.0003374795101725
2953	0.00027153303274437266	30	5205.0	False	0.0003673162041543
2954	0.0005677664759320146	30	5246.0	False	0.0005951947136991
2955	0.0007526408024444864	30	5235.5	False	0.0007875073256495
2956	0.0005965385702711881	30	5260.0	False	0.0005638003782918
2957	0.0002813376150310542	30	5266.0	False	0.0003225649390169
2958	0.0002798860779655735	30	5166.5	False	0.0003713997437341
2959	0.0003274035663217382	30	5163.5	False	0.0004472160799026
2960	0.0024299959282369516	30	5090.5	False	0.0024265197592586
2961	0.00036563445660345545	30	5177.5	False	0.0004626532538903
2962	0.00042679176303276034	30	5205.0	False	0.000478790215269
2963	0.00039837864928491014	30	5138.5	False	0.0004223079444318
2964	0.0005922387278319482	30	5049.5	False	0.0006884659434557
2965	0.00024411571920982325	30	5039.0	False	0.0002707284529158
2966	0.0002539800287546905	30	5042.0	False	0.0002842469071998
2967	0.0003912389406528626	30	5104.0	False	0.0003960421337728
2968	0.00037316566921638924	30	5141.5	False	0.0003552871164009
2969	0.00038449167721584356	30	5135.5	False	0.0004631333189529
2970	0.0004526886931729183	30	5149.5	False	0.00042354398852
2971	0.0002379004990494083	30	5151.5	False	0.0003171844173639
2972	0.00043043155244382116	30	5192.0	False	0.0004788155615057
2973	0.00027176236771258135	30	5215.0	False	0.0003266372693124
2974	0.00042969253419722966	30	5233.5	False	0.0004254893127096
2975	0.00018527463814582468	30	5290.0	False	0.0002916247843838
2976	0.00019767867637890646	30	5268.5	False	0.001716507811671
2977	0.0005166976705290852	30	5319.0	False	0.0005688950450478
2978	0.0003955697595212041	30	5313.0	False	0.0004726926689098
2979	0.00021578482014053703	30	5463.5	False	0.0002834774846499
2980	0.0003301099532019154	30	5543.5	False	0.0003575046177679
2981	0.000518859120147025	30	5449.5	False	0.0005570086215247
2982	0.0004488929783483072	30	5520.0	False	0.0005599370964283
2983	0.00038086194129349456	30	5500.5	False	0.0004720871030584
2984	0.0006266625373477783	30	5194.0	False	0.0007610685150358
2985	0.00032439254510601724	30	5661.0	False	0.0004066717403807
2986	0.00021628268636770043	30	5744.0	False	0.0003146201105174
2987	0.001563706061496489	30	5691.0	False	0.0015853616354014
2988	0.000522258074661589	30	5745.5	False	0.0005875407142897
2989	0.0002947643259584994	30	5729.5	False	0.0003825379968711
2990	0.00033566374160094226	30	5630.5	False	0.0003327748165359
2991	0.00020739794288415013	30	5621.0	False	0.0002976277319016
2992	0.00040033699826648374	30	5641.0	False	0.0004323642142656
2993	0.00020618735766897715	30	5605.0	False	0.0002939914036913
2994	0.0003112366194803471	30	5585.0	False	0.0003119445327306
2995	0.0002556724573852051	30	5641.5	False	0.0003165261837493
2996	0.0004567649582209079	30	5670.5	False	0.0005125158705198
2997	0.00022598870056497175	30	5594.5	False	0.0002657140326533
2998	0.0006517491362872624	30	5572.5	False	0.000703883782281
2999	0.0007222965762602315	30	5626.0	False	0.0007138635818397
3000	0.0009812897753761983	30	5742.5	False	0.0010631695094478
3001	0.00039780824112087634	30	5866.5	False	0.0004386334879797
3002	0.00036246779968888206	30	5849.5	False	0.0004381776304701
3003	0.0005156641886340674	30	5748.0	False	0.0024128487052379
3004	0.00046807131848115456	30	5699.0	False	0.0004605138182927
3005	0.0003322207804498238	30	5637.0	False	0.0003841542204579
3006	0.0005966269864081713	30	5749.5	False	0.0007709836037486
3007	0.00048062334056306495	30	5945.0	False	0.0005038954998255
3008	0.0004696898367579292	30	5993.5	False	0.0004932777208376
3009	0.0006258644806998953	30	6060.5	False	0.0007344820269527
3010	0.0008135229414131148	30	6015.5	False	0.0009272759083221
3011	0.0003699722645465291	30	5922.0	False	0.0004374158815612
3012	0.0006564444925771966	30	5832.5	False	0.0008112140413775
3013	0.0003310913248456065	30	5811.5	False	0.0003407890402244
3014	0.0004000454626048792	30	5751.0	False	0.0004420764964576
3015	0.0014909327570276198	30	5656.5	False	0.0015102012034599
3016	0.000472046887516008	30	5729.5	False	0.0004969862982033
3017	0.0006972575185799621	30	5675.0	False	0.0007514723615455
3018	0.0008199217560381381	30	5495.0	False	0.0010278167856822
3019	0.0014108413907831662	30	5441.5	False	0.0049325340969761
3020	0.00039435547631239836	30	5484.0	False	0.0005071780612671
3021	0.0005019934927842134	30	5519.0	False	0.0005675100496571
3022	0.000569535925521826	30	5423.0	False	0.0007373305039024
3023	0.00030888440137337935	30	5371.0	False	0.0003387185551234
3024	0.00033867069994673497	30	5232.0	False	0.0003736036563344
3025	0.00019050354265098335	30	5249.5	False	0.0002556205344339
3026	0.00027840952393497204	30	5322.5	False	0.0002951376079096
3027	0.00042875451088347143	30	5402.0	False	0.0003938773284209
3028	0.0005167129863162725	30	5420.0	False	0.0005754855280534
3029	0.00043416531941139715	30	5393.5	False	0.0004635248626197
3030	0.0012292804744810362	30	5330.5	False	0.0016975422540408
3031	0.00019371560755356547	30	5316.5	False	0.000302758812444
3032	0.0003436856935188507	30	5330.0	False	0.0003214340905578
3033	0.00028806145310999683	30	5335.0	False	0.0003039551387027
3034	0.00061969444040402	30	5336.5	False	0.000588468495255
3035	0.0005228094706819454	30	5357.0	False	0.0005623810347811
3036	0.0003466250420252827	30	5463.0	False	0.0004729594528222
3037	0.00035621702593675484	30	5430.5	False	0.0004524250594572
3038	0.0001923522278379676	30	5483.0	False	0.0002834518403261
3039	0.0006802844063166374	30	5562.0	False	0.0006589101270331
3040	0.0002667222730186027	30	5552.5	False	0.0003386024628873
3041	0.0003197111205384248	30	5543.5	False	0.0003728009183921
3042	0.00023481225995081596	30	5572.5	False	0.00033462290347
3043	0.0005603083071811995	30	5642.5	False	0.0005511176084976
3044	0.00040868843693830275	30	5669.5	False	0.0004326606901803
3045	0.0002718580664815906	30	5665.0	False	0.0003929704520893
3046	0.0003221520012963863	30	5673.5	False	0.0004379898570769
3047	0.0003874243204193891	30	5609.5	False	0.0003660811305515
3048	0.0002485375007434358	30	5583.0	False	0.0002856843013561
3049	0.00018428813560241903	30	5644.5	False	0.0002716229180392
3050	0.00020714570149559409	30	5688.0	False	0.0002472415319775
3051	0.0006481480081200607	30	5685.5	False	0.0007074088132785
3052	0.00019120559551659075	30	5626.5	False	0.0002382612738261
3053	0.00026347648375452505	30	5575.5	False	0.0003633529270422
3054	0.00044874680443193564	30	5523.5	False	0.0004136333553937
3055	0.0014147087939954612	30	5387.5	False	0.0015139398453095
3056	0.0004138585988369233	30	5485.5	False	0.000429807124053
3057	0.00032147091180100983	30	5468.5	False	0.0003467945421714
3058	0.0009061734566780605	30	5379.5	False	0.0008924641791774
3059	0.0003903837662528149	30	5395.5	False	0.0004142653491403
3060	0.00038808091413780236	30	5391.0	False	0.0004992450440796
3061	0.0003899337989778859	30	5298.0	False	0.00040246431999
3062	0.0005869828701580802	30	5258.0	False	0.0005736769575167
3063	0.0002442249874447508	30	5272.5	False	0.0002979145978152
3064	0.0003473858236730472	30	5299.5	False	0.0003832199126011
3065	0.0005169848906824094	30	5337.0	False	0.0005353319057815
3066	0.00041054416529851304	30	5447.0	False	0.0005506341368961
3067	0.0007226135753576435	30	5504.0	False	0.000821013142203
3068	0.00040584306784970635	30	5484.0	False	0.0005027983120342
3069	0.0002113555593974865	30	5488.5	False	0.0003356448877088
3070	0.0005216434144565208	30	5580.5	False	0.0006717697597539
3071	0.0005786973315306848	30	5526.5	False	0.0006698400090102
3072	0.0008010920614655054	30	5568.5	False	0.0008367609103015
3073	0.0003690996918683965	30	5597.0	False	0.0004154865288733
3074	0.0005107068487920443	30	5578.5	False	0.00049386780805
3075	0.0003964638002035819	30	5531.5	False	0.0004910864844716
3076	0.00043609850866873907	30	5361.0	False	0.0004210397852086
3077	0.0004103425905660883	30	5371.5	False	0.0004787878787878
3078	0.0004305325571204575	30	5351.0	False	0.0005492460072866
3079	0.0004704670310669803	30	5354.0	False	0.0005492258966112
3080	0.00035538751289769977	30	5397.5	False	0.0004426200682726
3081	0.0002876085922508592	30	5252.5	False	0.0003479600840075
3082	0.00044964772185256585	30	5233.0	False	0.000492426603503
3083	0.00028476227299687644	30	5005.0	False	0.0003252392134414
3084	0.00019516913725376226	30	5090.5	False	0.0002491885398829
3085	0.0002668627634817329	30	5126.0	False	0.0003121635482165
3086	0.0003659561382724694	30	5176.0	False	0.0004158999823557
3087	0.00025326393029295106	30	5242.5	False	0.0003359692401495
3088	0.0003779709002050393	30	5253.5	False	0.0004138459257795
3089	0.00039313256396086155	30	5252.0	False	0.0004453020632328
3090	0.0002025458464242976	30	5281.0	False	0.0002571575518601
3091	0.00025505969216422283	30	5295.5	False	0.0003178017894685
3092	0.0006745527125644467	30	5191.5	False	0.0007237786235727
3093	0.0004029889982951275	30	5286.5	False	0.0005443591547142
3094	0.00021706437710363515	30	5298.0	False	0.0002987167372816
3095	0.00022542204043560536	30	5330.0	False	0.0002949674933782
3096	0.00047732602027797985	30	5342.0	False	0.0004938925964295
3097	0.0002988763146670345	30	5447.0	False	0.0002316313379382
3098	0.00017802785417093107	30	5422.0	False	0.0001970172778182
3099	0.00017758580900324315	30	5391.0	False	0.0002164359019064
3100	0.00017302042691641711	30	5332.5	False	0.0001996720537783
3101	0.0002612641871399218	30	5294.0	False	0.000360693019673
3102	0.0002086594203687296	30	5159.0	False	0.0002615681634178
3103	0.00036191339992461366	30	5140.5	False	0.0003890049629504
3104	0.00037837959332855076	30	5112.0	False	0.0003285462460432
3105	0.0004243986622019196	30	5034.5	False	0.0004306189343788
3106	0.0001407082380569804	30	5087.5	False	8.015132570292712e-05
3108	0.0001236830887632122	30	5573.0	False	0.0001758984010835
3109	0.006261068419870944	30	4854.5	False	0.00627752645529
3110	0.0068928695609100105	30	4910.0	False	0.0068463926796767
3111	0.0005681044337480983	30	4944.5	False	0.0005656182142067
3112	0.000223126888073266	30	4976.0	False	0.0002782523166123
3113	0.005222771965605368	30	4999.0	False	0.0053691102341421
3114	0.00019288147111108796	30	5031.0	False	0.0002630667162857
3115	0.004923815519039277	30	5043.0	False	0.0051505063916309
3116	0.00024876996899521114	30	5135.0	False	0.0003455859252277
3117	0.000596522813216966	30	5197.0	False	0.0005899485192292
3118	0.0004959515230405679	30	5242.5	False	0.0006311842129689
3119	0.00032669764743970214	30	5220.0	False	0.0003671003428343
3120	0.0002619467269037273	30	5167.0	False	0.0003275858810485
3121	0.0003352854222333965	30	5167.5	False	0.0003766525631206
3122	0.00021543807327261433	30	5209.0	False	0.0003184216276964
3123	0.00024952985313150084	30	5276.5	False	0.0003509420022164
3124	0.0004134805248792548	30	5223.5	False	0.0003853133467571
3125	0.00029827366859267	30	5179.5	False	0.0004065015228172
3126	0.000479985634434566	30	5230.5	False	0.0005803615528993
3127	0.00047924898105392266	30	5231.0	False	0.0004803695150115
3128	0.00031416384472277383	30	5247.5	False	0.000448673034136
3129	0.00024169337718214177	30	5295.5	False	0.0004310370995452
3130	0.00020598454907988124	30	5301.0	False	0.0002602653496029
3131	0.00033449567097226416	30	5285.5	False	0.0003341332280307
3132	0.00037578108707510597	30	5199.5	False	0.0004200253250563
3133	0.0004124302738121317	30	5222.0	False	0.0004566407286505
3134	0.0003280412937337969	30	5279.0	False	0.000440784841899
3135	0.00037261388274287136	30	5242.5	False	0.0003967270022315
3136	0.0003820329028845599	30	5226.0	False	0.0003974636848609
3137	0.00019188232345961493	30	5232.0	False	0.000285237708425
3138	0.00027918803428769544	30	5131.5	False	0.0002904315433911
3139	0.00032524068858429274	30	5145.5	False	0.0003591750316641
3140	0.000421144866845457	30	5073.5	False	0.000472215840927
3141	0.00022139301301962342	30	5067.5	False	0.0003059312419533
3142	0.00028418181999553794	30	5022.5	False	0.0003472579483485
3143	0.0004086148952081133	30	4919.0	False	0.0004205573699393
3144	0.0002566499101577114	30	4889.0	False	0.000318220088969
3145	0.00022609031652644316	30	4895.0	False	0.0002907091983033
3146	0.00014673699718785455	30	4885.0	False	0.0002442260344952
3147	0.00039871190880844815	30	4786.0	False	0.0004889643463497
3148	0.00035481732756267794	30	4725.5	False	0.0003816403720993
3149	0.000304799338619057	30	4730.5	False	0.0003912067699361
3150	0.0002003279560240713	30	4672.0	False	0.0002846727998611
3151	0.00040839556205986467	30	4659.0	False	0.0004081144409183
3152	0.0002486132556316641	30	4751.5	False	0.0002783378478374
3153	0.0001570955536480822	30	4717.5	False	0.0002462750892747
3154	0.00025348685968899385	30	4710.5	False	0.00036370623516
3155	0.000304058827770168	30	4753.0	False	0.000407641927331
3156	0.0002381603831801484	30	4703.0	False	0.0003381035838979
3157	0.00042298273564218413	30	4756.5	False	0.0005377478575172
3158	0.0002842636094826797	30	4716.5	False	0.0003832571381641
3159	0.000270944879710677	30	4679.0	False	0.0003641535491229
3160	0.00024109570252794525	30	4665.0	False	0.0003184272462965
3161	0.0003127891226452459	30	4660.0	False	0.0004220080665804
3162	0.0004160056026526139	30	4648.5	False	0.0004243242115221
3163	0.0004720640505297746	30	4555.0	False	0.0006078296946009
3164	0.00032443963715171945	30	4516.0	False	0.0004189478019442
3165	0.00039075298597790475	30	4480.0	False	0.0005514297786403
3166	0.0002954473784652988	30	4382.0	False	0.0003307145639344
3167	0.0005808075375911546	30	4358.5	False	0.0005762869160417
3168	0.0004908498143929653	30	4407.0	False	0.0005661764705882
3169	0.00034814706041996215	30	4396.5	False	0.0004734042946645
3170	0.0004346115662667211	30	4326.0	False	0.0005641473101456
3171	0.00036271308201406825	30	4264.0	False	0.0005427761086775
3172	0.00033752664802770766	30	4106.5	False	0.000522164291874
3173	0.0006752502324164794	30	4028.5	False	0.0007997867235403
3174	0.00041302440516436463	30	3877.5	False	0.0005297723660642
3175	0.0002994493322589063	30	3912.5	False	0.0003646157033354
3176	0.0002494404980064636	30	3890.5	False	0.0003742608348511
3177	0.00023569463213594574	30	3859.0	False	0.0002596554121401
3178	0.000297265265596441	30	3837.0	False	0.0003208240111444
3179	0.00032413918423718045	30	3816.0	False	0.0003992015968063
3180	0.0003709531138349915	30	3786.5	False	0.0003764609250671
3181	0.00029574029062549184	30	3802.0	False	0.0004228008016303
3182	0.00025094629566766314	30	3780.5	False	0.0003224082197127
3183	0.0003061913943717972	30	3744.5	False	0.0003593736630444
3184	0.00040623730251187183	30	3718.5	False	0.0004737254631743
3185	0.0003018143452617742	30	3681.0	False	0.0003640429570689
3186	0.00048158732642837636	30	3691.5	False	0.0005109994803395
3187	0.0002950880586799704	30	3776.5	False	0.0003721717064918
3188	0.0008160925051342907	30	3714.5	False	0.0008595052687672
3189	0.0003653639756726595	30	3678.5	False	0.0004240258223072
3190	0.00020279690804008967	30	3628.0	False	0.0003142403240166
3191	0.0003374634939010729	30	3554.0	False	0.0003657416080142
3192	0.0002539400389184076	30	3539.5	False	0.0002776359744574
3193	0.0002512033039281141	30	3416.0	False	0.0003146603981379
3194	0.0005275032200834338	30	3390.0	False	0.0005955538185235
3195	0.0002825177131119043	30	3392.5	False	0.0002890739376532
3196	0.0	30	3366.5	False	0.0002249086308687
3197	0.000569233523455872	30	3210.0	False	0.0005148573109738
3198	9.122422915526363e-05	30	3184.0	False	0.0003313851900945
3199	0.0002571079886536051	30	3150.0	False	0.0002928405533676
3200	0.0004942982869700187	30	3119.5	False	0.0005290897621131
3201	0.0002273277555771972	30	3080.0	False	0.0002777520599944
3202	0.0004855514529004566	30	3015.0	False	0.0005264487870619
3203	0.0009088823273003146	30	2809.0	False	0.0008876244665718
3204	0.00035958664990923055	30	2918.5	False	0.0004999184915502
3205	0.0005507119339139614	30	2828.5	False	0.0005074768252249
3206	0.00032873909106559125	30	2828.0	False	0.0004097567638321
3207	0.0005593086249865689	30	2644.5	False	0.0006363970138293
3208	0.0005024909029863613	30	2663.0	False	0.0005702637773301
3209	0.0009999919335575366	30	2402.0	False	0.0011820330969267
3210	0.0004141162365116426	30	2511.5	False	0.0004932400814478
3211	0.0005856289164683167	30	2471.0	False	0.0006286080821039
3212	0.000431092870597255	30	2398.0	False	0.000485653532145
3213	0.0014591818940939464	30	2204.5	False	0.001827154099587
3214	0.0004111103911968889	30	2371.5	False	0.0005596269153897
3215	0.00042002245640196856	30	2338.0	False	0.0005141109938577
3216	0.0004590872095080658	30	2346.5	False	0.0005523745368811
3217	0.00046449714354752415	30	2296.0	False	0.0004389093103637
3218	0.00012696800406297612	30	2269.5	False	0.0002908627543317
3219	0.00041658170307269974	30	2242.0	False	0.0004489022936101
3220	0.0	30	2133.5	False	0.0002194137265227
3221	0.0008656145169979642	30	2070.0	False	0.001024868123587
3222	0.00047778308647873863	30	2054.0	False	0.0005014968922389
3223	0.0008884492131808533	30	1963.0	False	0.0008686313528538
3224	0.0003362472525457283	30	1947.5	False	0.0004271476032273
3225	0.0	30	1869.5	False	0.0002449339494782
3226	0.0005045015103283694	30	1857.0	False	0.0006595218466611
3227	0.00016778523489932885	30	1706.5	False	0.0004126522776611
3228	0.00046110143640851035	30	1749.0	False	0.0005458707518929
3229	0.00036069768962926227	30	1778.5	False	0.0004333581792022
3230	0.0007534266012088879	30	1716.5	False	0.0010658669653502
3231	0.0007067392547294106	30	1715.5	False	0.0008054919908466
3232	0.002351915458530007	30	1731.5	False	0.0024558850281971
3233	0.0005153055847072381	30	1712.0	False	0.0004956129079628
3234	0.0003867713622124603	30	1704.5	False	0.0005339323194756
3235	0.0	30	1626.0	False	0.0003892337932779
3236	0.0001751927119831815	30	1591.0	False	0.0003748865474922
3237	0.0026948037213523936	30	1562.5	False	0.0029751664676475
3238	0.0008408249861899385	30	1597.0	False	0.0014968864761296
3239	0.0008809192200557104	30	1616.5	False	0.001128065071543
3240	0.0006446990512469367	30	1644.0	False	0.0007808077456128
3241	0.0	30	1617.5	False	0.00031492343424
3242	0.0005136974594130359	30	1608.0	False	0.0005734398481373
3243	0.0001836210062431142	30	1566.5	False	0.0003857789689549
3244	0.0012379954279970826	30	1572.0	False	0.0024603222618831
3245	0.00045208409336394917	30	1600.0	False	0.0006805716802113
3246	0.0004100792413157969	30	1627.0	False	0.0004719671196239
3247	0.0003843148616378705	30	1687.0	False	0.0004539436353319
3248	0.0	30	1681.5	False	0.0003793914561044
3249	0.0	30	1674.5	False	0.0003607777608992
3250	0.0005809883211900476	30	1477.5	False	0.0006696802276912
3251	0.0	30	1565.0	False	0.0003836911084634
3252	0.0003555182357600286	30	1610.0	False	0.0003540588917956
3253	0.0011066572705392833	30	1600.5	False	0.0009528157691009
3254	0.0005255039555492258	30	1595.0	False	0.0005722742969906
3255	0.0006462730682132145	30	1593.5	False	0.0007941707864276
3256	0.0	30	1548.5	False	0.0005742411812961
3257	0.00020202020202020202	30	1539.0	False	0.0004324546952224
3258	0.0006231466674946826	30	1551.5	False	0.0006990419013939
3259	0.0	30	1613.5	False	0.0003788860749396
3260	0.00022696323195642307	30	1627.0	False	0.0003968490187908
3261	0.0	30	1587.5	False	0.0003247478130264
3262	0.00042850429381931416	30	1534.5	False	0.0005428428261232
3263	0.0006499894447962846	30	1539.5	False	0.0006390698441494
3264	0.00015862944162436547	30	1545.0	False	0.0004315570991142
3265	0.0005624752453948525	30	1563.0	False	0.0006481800320038
3266	0.0001847063169560399	30	1587.5	False	0.0004988227782433
3267	0.0	30	1609.0	False	0.0003161930358483
3268	0.0	30	1592.5	False	0.0003578244274809
3269	0.0	30	1564.5	False	0.0004433874803498
3270	0.0002257336343115124	30	1597.5	False	0.0005719808287804
3271	0.0007290178875059511	30	1593.5	False	0.0008523966221305
3272	0.0	30	1612.0	False	0.0004514229636898
3273	0.0	30	1619.0	False	0.000254732139358
3274	0.0	30	1568.5	False	0.0003025901718712
3275	0.0005758100875443064	30	1568.0	False	0.0006075703262652
3276	0.0	30	1568.0	False	0.0004270810030302
3277	0.0	30	1586.0	False	0.0003542330853701
3278	0.0025438562434078127	30	1556.0	False	0.0026369460868132
3279	0.0006156867900894507	30	1578.5	False	0.00070131847874
3280	0.0	30	1601.0	False	0.0003597625567125
3281	0.0	30	1588.5	False	0.0003826016915022
3282	0.0006260178176110017	30	1565.0	False	0.0005742529584281
3283	0.0	30	1556.0	False	0.0003506890007426
3284	0.0	30	1593.5	False	0.0003037605556793
3285	0.0	30	1569.0	False	0.0004116412135182
3286	0.0005318630908004056	30	1616.0	False	0.000560425923702
3287	0.0003843162987252637	30	1627.0	False	0.0004959333465582
3288	0.0	30	1647.5	False	0.0002935076116307
3289	0.0012740514674675454	30	1650.5	False	0.0015220403145549
3290	0.0	30	1656.5	False	0.0002912564804566
3291	0.0	30	1626.5	False	0.000296050683877
3292	0.0	30	1647.0	False	0.0004480199466271
3293	0.0	30	1682.5	False	0.0003422573775479
3294	0.0004884624530388203	30	1691.0	False	0.0005527494520156
3295	0.0005409046732994249	30	1711.5	False	0.0006378508179498
3296	0.0	30	1700.0	False	0.0003013750235449
3297	0.0	30	1718.5	False	0.0003562255094962
3298	0.0005245050514799104	30	1733.0	False	0.000556049822064
3299	0.0005574428722042019	30	1748.0	False	0.0005698319914709
3300	0.0004913288243187622	30	1772.5	False	0.0005099624813317
3301	0.0	30	1750.0	False	0.0003872038351617
3302	0.0	30	1751.0	False	0.000518096365924
3303	0.0003868132143693012	30	1762.0	False	0.0006263586455915
3304	0.0005727371226788816	30	1746.5	False	0.0007037819016927
3305	0.00047359699533593223	30	1740.5	False	0.0005392740255876
3306	0.0005565002605982022	30	1745.0	False	0.0005011228864678
3307	0.0004048537031738895	30	1734.0	False	0.0005252987636718
3308	0.0008293932568815227	30	1721.0	False	0.0010398535162872
3309	0.0009689190361459269	30	1646.0	False	0.0010164190774042
3310	0.0004211861325197556	30	1780.0	False	0.0006019481230163
3311	0.0006474627253342047	30	1791.0	False	0.0006836130749995
3312	0.0005041298305570672	30	1819.5	False	0.0005855839869397
3313	0.0012676578594143083	30	1796.0	False	0.0012178959057205
3314	0.0015050659606702268	30	1795.5	False	0.0013831507095383
3315	0.0006545223936528285	30	1884.5	False	0.0008595348197555
3316	0.0009346531159435006	30	1905.0	False	0.0010891207052056
3317	0.0008593743872116463	30	2059.5	False	0.0010460251046025
3318	0.0004433619356408827	30	2205.0	False	0.0005492955655517
3319	0.0006940831309978032	30	2216.0	False	0.0007420929990946
3320	0.0015122979266938594	30	2181.5	False	0.001580563583815
3321	0.00046277168590034754	30	2284.5	False	0.0006494443642661
3322	0.0005745596782074391	30	2349.5	False	0.0006740626316528
3323	0.0008283254386422046	30	2416.5	False	0.0010569083372223
3324	0.0006248022793036952	30	2565.0	False	0.0008122625442159
3325	0.0005602177168754897	30	2666.0	False	0.0006061371385275
3326	0.000708350507937615	30	2615.5	False	0.0013600728793769
3327	0.0013455034706591296	30	2513.5	False	0.0015265756916051
3328	0.00040272692800967	30	2637.5	False	0.0005348274544759
3329	0.0006324167739525479	30	2638.5	False	0.0008335149968582
3330	0.0005893952962312743	30	2785.5	False	0.0006084427516214
3331	0.000469862014093113	30	2833.0	False	0.0005843420189613
3332	0.0005116623550029208	30	2794.0	False	0.0006299670478774
3333	0.0005562556130298875	30	2818.5	False	0.0006138735420503
3334	0.0005388234406336436	30	2803.5	False	0.0005688144454664
3335	0.0	30	2794.5	False	0.0002549967214707
3336	0.0003457117288692891	30	2814.5	False	0.0004697380307136
3337	0.0008118648483940432	30	2851.0	False	0.0008862912305075
3338	0.000760167346608573	30	2864.0	False	0.0008108269242234
3339	0.0005491838371412894	30	2864.5	False	0.0005115272061097
3340	0.00046258833554115345	30	2948.0	False	0.0004732498412881
3341	0.0005613273312828025	30	2950.0	False	0.0006224568602814
3342	0.00033743892566095784	30	2963.5	False	0.0003907372292133
3343	0.00030506488067229005	30	3015.0	False	0.0004312692936262
3344	0.00023408875239808914	30	3080.0	False	0.0004103542355211
3345	0.0	30	3108.0	False	0.0002532258774827
3346	0.00028875764169516115	30	3139.5	False	0.0003704510786663
3347	0.0003726856015936786	30	3143.0	False	0.0004675946063505
3348	0.0002991043409691142	30	3157.5	False	0.0003786854206113
3349	0.00022749872405250233	30	3232.0	False	0.0003182618658632
3350	0.0005080061930831177	30	3263.0	False	0.0005663345568956
3351	0.00044921753839682747	30	3319.0	False	0.0005450768249789
3352	0.0006150716080601509	30	3356.0	False	0.0007057090842146
3353	0.0004760742657727075	30	3399.5	False	0.0005337146539917
3354	0.000249350215906635	30	3399.0	False	0.0003330137746606
3355	0.00031369175377231773	30	3405.0	False	0.0003843430767674
3356	0.00030358634956509573	30	3440.0	False	0.0003804755944931
3357	0.00028417324813354494	30	3486.0	False	0.000346075503787
3358	0.00045314988424975786	30	3490.0	False	0.0007012414937431
3359	0.00041191285350163857	30	3498.5	False	0.0005225381551445
3360	0.00040348118259447754	30	3500.5	False	0.0004525465581866
3361	0.0002596769528360849	30	3514.0	False	0.0016692195907466
3362	0.0002224016090884656	30	3527.0	False	0.0004998529844163
3363	0.0003130423470834385	30	3549.5	False	0.0003508224838231
3364	0.00036082993204820816	30	3621.0	False	0.0004967377702205
3365	0.00030234023160080105	30	3634.5	False	0.00044728252077
3366	0.00045447429478518374	30	3630.5	False	0.000474892436863
3367	0.00027395954659526183	30	3605.5	False	0.0002682634730538
3368	0.0002407721403417243	30	3622.5	False	0.0003057344314294
3369	0.00030325481861703303	30	3633.0	False	0.0003812501191406
3370	0.00032623363244734286	30	3666.0	False	0.0005116058739933
3371	0.00021690917505380578	30	3663.5	False	0.0002752206510391
3372	0.00031775388040917747	30	3671.5	False	0.0003309129415324
3373	0.00024389533050925082	30	3673.5	False	0.0003504086522525
3374	0.00027271953811261126	30	3722.5	False	0.0004305987194368
3375	0.0004227686542665204	30	3719.0	False	0.0004489589763735
3376	0.0004897812806038337	30	3711.5	False	0.0006557991380925
3377	0.00029667703247302564	30	3710.5	False	0.0003194407907099
3378	0.00026160151561072087	30	3715.0	False	0.0003661456132939
3379	0.00047059138776791253	30	3741.0	False	0.0005964307348213
3380	0.0003376496777867053	30	3872.5	False	0.0003623057135611
3381	0.0006171547652795192	30	4002.0	False	0.0005959841187761
3382	0.00043692002874624566	30	4081.0	False	0.0005748359143751
3383	0.00040783712595247933	30	4106.0	False	0.0005194982158217
3384	0.00018681805413012703	30	4090.5	False	0.0002392896515771
3385	0.0003446378829092348	30	4102.5	False	0.0003399250465272
3386	0.00032572701951009953	30	4091.0	False	0.0003149445442241
3387	0.000282637528706871	30	4050.0	False	0.0003269604721997
3388	0.0006436282938583849	30	4088.0	False	0.0006147960926292
3389	0.0005153425013956642	30	4066.5	False	0.0006221108566984
3390	0.0004795074386038172	30	4048.0	False	0.0004944654568166
3391	0.0	30	4001.0	False	0.0002541095650345
3392	0.0002890933570370017	30	3954.0	False	0.0003758288368097
3393	0.000274448488869418	30	3873.0	False	0.0004034069551026
3394	0.0004565076327367703	30	3795.0	False	0.0004270608004604
3395	0.00042847590583495267	30	3798.5	False	0.0004165046926195
3396	0.00021911685727845417	30	3772.5	False	0.0002515277984796
3397	9.52925481227368e-05	30	3749.5	False	0.0002174077434966
3398	0.00025636298240658555	30	3658.5	False	0.0003383571311182
3399	0.0004876873511429793	30	3575.0	False	0.0005036241186577
3400	0.00048500483123372316	30	3604.0	False	0.0005259313367421
3401	0.0005290555433628695	30	3607.5	False	0.0005823320457324
3402	0.00032060167359720726	30	3598.0	False	0.0004278782103021
3403	0.00029456045317737006	30	3652.0	False	0.0004314146565939
3404	0.0008117960100758233	30	3609.0	False	0.0008574240254109
3405	0.0004560272268350536	30	3586.0	False	0.0005334492432923
3406	0.0004643895767177402	30	3695.0	False	0.0004781211750305
3407	0.00047717713988902974	30	3703.0	False	0.000546710780571
3408	0.0004399148149997117	30	3700.5	False	0.0005389051715987
3409	0.0004394436596929764	30	3733.5	False	0.0004700485090061
3410	0.0004450856527659035	30	3743.0	False	0.0004698320820138
3411	0.00045152414744823393	30	3712.5	False	0.000453553306687
3412	0.0004943544393979223	30	3713.0	False	0.0005118920097449
3413	0.001850940975192472	30	3601.5	False	0.0020029115494719
3414	0.00037792177154989486	30	3683.0	False	0.0004601447538704
3415	0.00047328154338612	30	3695.5	False	0.0004969086548109
3416	0.0004382734484457329	30	3729.0	False	0.0005506032903293
3417	0.00028194159717896976	30	3830.5	False	0.0003511787592299
3418	0.0002859340158531226	30	3798.0	False	0.0003993350606896
3419	0.0002603170426034628	30	3732.5	False	0.000367013918297
3420	0.0005762980323786586	30	3715.5	False	0.0006037451063629
3421	0.00022970484971388067	30	3783.5	False	0.0002877377316984
3422	0.0003302636603985748	30	3792.5	False	0.0003796331447513
3423	0.00038531204661566604	30	3872.5	False	0.0004515488124266
3424	0.00038044628649241936	30	3959.0	False	0.0004099273715635
3425	0.0005846834301670291	30	3885.0	False	0.000635116498512
3426	0.00043798322486847077	30	3877.0	False	0.0005353610511224
3427	0.00024619876551931503	30	3866.0	False	0.0003009905324796
3428	0.0004928644191393781	30	3766.5	False	0.0007671725015437
3429	0.0004725983416622463	30	3838.0	False	0.0005326084960238
3430	0.0003592490668813517	30	3862.0	False	0.0004011048615732
3431	0.0002514215510399339	30	3847.0	False	0.0003020871475649
3432	0.0004717338518097885	30	3913.0	False	0.0005217422593238
3433	0.0003217605421038061	30	3860.0	False	0.0004091578621956
3434	0.00035471432255791864	30	3833.5	False	0.0004488700383829
3435	0.00042816273848270635	30	3964.0	False	0.0005238716780764
3436	0.00025388814502008445	30	3949.0	False	0.0003543554716914
3437	0.0002759809280855199	30	3973.0	False	0.0003606868885917
3438	0.0004008708526598157	30	3991.0	False	0.0004121324786699
3439	0.00031160756279715717	30	4029.5	False	0.0004012631064742
3440	0.0002204163169961164	30	3996.5	False	0.0002625636716903
3441	0.0004146637971399238	30	3965.5	False	0.0004324763241277
3442	0.00022919450604740868	30	4073.5	False	0.0002661195477684
3443	0.00023668655558995903	30	4088.5	False	0.0003344452924681
3444	0.00025605101220626744	30	4028.0	False	0.0003397360512217
3445	0.000459055380422151	30	4101.0	False	0.0004862444017914
3446	0.0002626982725554564	30	4032.0	False	0.0003309556780672
3447	0.0016277252760049047	30	3846.5	False	0.0015854601701469
3448	0.00033841060818986287	30	4143.5	False	0.0003904028787968
3449	0.00028913663554203876	30	4096.0	False	0.0004122082338594
3450	0.0005053277136937087	30	4055.5	False	0.0005540116699877
3451	0.00038309790464962875	30	4183.0	False	0.0005054461826177
3452	0.0002513589120576779	30	4174.0	False	0.0003023710933234
3453	0.00047341816085133537	30	4228.5	False	0.0005728898556981
3454	0.0002905124264347565	30	4222.5	False	0.000442788397273
3455	0.00032573215349839034	30	4165.5	False	0.0005510155640703
3456	0.0006460060287407918	30	4012.0	False	0.000722970173072
3457	0.0005836093701191665	30	3985.5	False	0.0006819832426974
3458	0.00043762672551607494	30	3847.0	False	0.0005683068123487
3459	0.0006064306647810826	30	4044.5	False	0.0006133195482463
3460	0.0004946864182366604	30	3906.0	False	0.0006520203575244
3461	0.000365750273463749	30	3962.0	False	0.000474570200573
3462	0.00030375790739263253	30	3854.5	False	0.0003294742140667
3463	0.0003188599688198879	30	3951.0	False	0.0003334174386331
3464	0.0003911060156624387	30	3861.0	False	0.0004590398722032
3465	0.000208505821353967	30	4068.0	False	0.0002689571403782
3466	0.00036101576956119484	30	4135.5	False	0.0004252134571554
3467	0.00028085465541115404	30	4070.0	False	0.0003667097405092
3468	0.0007351320157692706	30	3658.0	False	0.0008028243942544
3469	0.00026333526903678304	30	4094.0	False	0.0003870867848571
3470	0.00026242704631227273	30	3932.5	False	0.0003672485914672
3471	0.0004863802315989491	30	4215.5	False	0.0006232576159553
3472	0.00033707663207891065	30	4192.5	False	0.0004567098285646
3473	0.00044067449365155887	30	3847.0	False	0.0004482540960361
3474	0.00033535831318811526	30	4192.5	False	0.0003727171077152
3475	0.0004957138721374702	30	3697.0	False	0.0006712246013405
3476	0.00041177823084404615	30	4230.5	False	0.0005064131833464
3477	0.0004290404914722972	30	4209.0	False	0.0005467698519515
3478	0.00038780420260199893	30	4351.5	False	0.0005145987712964
3479	0.00038309436345727367	30	4235.0	False	0.0004139731872751
3480	0.0005996934181250505	30	4171.0	False	0.0007179539158051
3481	0.0002804379141049969	30	4136.5	False	0.0003039565004474
3482	0.00028713903125191875	30	3893.0	False	0.0003835754848487
3483	0.001962023657510043	30	3859.5	False	0.0026454026680775
3484	0.0003403818759380184	30	4342.0	False	0.0004127181943983
3485	0.00038493373865514015	30	4347.5	False	0.0003940332113706
3486	0.00025908120933841323	30	4247.0	False	0.0003082639063526
3487	0.0004075886316536998	30	4042.5	False	0.0004843829739384
3488	0.002519194688488726	30	3846.5	False	0.0045903658297646
3489	0.0004610747282950598	30	4621.5	False	0.0006174345214501
3490	0.0003205533346024494	30	4603.0	False	0.0003908674959188
3491	0.0004169708210834843	30	4231.5	False	0.0004492848882195
3492	0.013450015340691495	30	3440.5	False	0.0259408910086851
3493	0.0006228181245019539	30	4668.5	False	0.0007747739615772
3494	0.000519700513636257	30	4732.5	False	0.0005797015280337
3495	0.0007616479654867926	30	4811.0	False	0.0009125296204171
3496	0.0007902583854481576	30	4828.5	False	0.0011445818266651
3497	0.000587079350711885	30	4829.5	False	0.0007088466991128
3498	0.0005801820905067233	30	4740.5	False	0.0007215221886668
3499	0.000680210090335146	30	4567.0	False	0.0008225960207878
3500	0.0003708518618881245	30	4714.0	False	0.0004940267672684
3501	0.0004709057255859921	30	4757.5	False	0.0005873081955513
3502	0.0003690513735915835	30	4805.0	False	0.0004575139283474
3503	0.0006775683072641927	30	4988.0	False	0.0007679617725695
3504	0.0005360045218872702	30	4955.0	False	0.0005582593758946
3505	0.000978052905891956	30	4795.5	False	0.0009246349159756
3506	0.0005218872153474515	30	5115.0	False	0.0004941674322781
3507	0.0003432990627452399	30	5094.0	False	0.0004632489190858
3508	0.0005264252644225928	30	5075.0	False	0.0005720540979554
3509	0.0008069447427910372	30	5022.5	False	0.000842251288149
3510	0.00044606445427889616	30	5045.0	False	0.0005271740658475
3511	0.0015708401936286407	30	4244.0	False	0.0016618509177759
3512	0.0008974689823648414	30	5201.0	False	0.0009741573881605
3513	0.00047182008362767983	30	5220.0	False	0.0005142410487774
3514	0.0005035309282336586	30	5209.0	False	0.0005880542924544
3515	0.0006821769133586845	30	5119.0	False	0.0008046391609555
3516	0.0005277989586202647	30	5280.0	False	0.0005582008446991
3517	0.0006293946376342736	30	5190.0	False	0.0006180091954335
3518	0.0008426043477589167	30	5139.0	False	0.0010237031947784
3519	0.0004810241298102413	30	5242.5	False	0.0004989279790719
3520	0.00041485470518033045	30	5124.5	False	0.0005563760002747
3521	0.0005951077080524965	30	5009.0	False	0.0006597139368078
3522	0.0007357713872427135	30	5091.5	False	0.0007381906739611
3523	0.0008047591615933082	30	4702.5	False	0.0008099716509922
3524	0.0006185873099592079	30	5299.5	False	0.0006670805648389
3525	0.0005690301244225472	30	5222.5	False	0.0007474789271007
3526	0.0011081219469900963	30	5167.5	False	0.0012429073223453
3527	0.0005708715132306979	30	5210.5	False	0.0006901311249137
3528	0.00028249652937671193	30	5313.5	False	0.0004453438644058
3529	0.0005906308507188664	30	5397.5	False	0.0006209510152869
3530	0.0006455577792493557	30	5420.0	False	0.0006426694324783
3531	0.00046697534605174705	30	5335.0	False	0.0007104979298673
3532	0.0006210425882557031	30	5114.5	False	0.0006840908633629
3533	0.0002971105322629445	30	5330.5	False	0.0002943679727645
3534	0.00034050212690584327	30	5458.0	False	0.0003316376014466
3535	0.00024204679683935832	30	5477.0	False	0.0003184713375796
3536	0.000276575725485117	30	5539.5	False	0.0003222428099573
3537	0.00019842206744579544	30	5508.0	False	0.0002752924982794
3538	0.0003881900421739004	30	5527.5	False	0.000456224337381
3539	0.0003228495653343073	30	5502.0	False	0.0004331885186208
3540	0.000545400441406296	30	5464.0	False	0.0005495755003032
3541	0.000598583021667803	30	5570.0	False	0.0005906858173226
3542	0.0005893266397468079	30	5517.0	False	0.0006919544568157
3543	0.0008892569067486791	30	5586.5	False	0.0014814538166109
3544	0.0006826242528067226	30	5304.0	False	0.0007146463156376
3545	0.00044066018853325986	30	5635.0	False	0.0005086438438587
3546	0.00041963374371520215	30	5535.5	False	0.0004355263240947
3547	0.0005795935857060855	30	5541.0	False	0.0005515964596383
3548	0.0005773394835944536	30	5495.5	False	0.0007043516123248
3549	0.00031796916247564555	30	5698.0	False	0.0003523477486833
3550	0.002020039698241681	30	5709.5	False	0.0021592643609694
3551	0.00037981481084019633	30	5729.0	False	0.0004631344942571
3552	0.0027265632854110654	30	5584.5	False	0.0029763409332187
3553	0.0004350771075750861	30	5678.0	False	0.0004617006806965
3554	0.002512475673048566	30	5651.0	False	0.0027923866766841
3555	0.0003913514432448514	30	5638.5	False	0.000470762509729
3556	0.00031939114037724854	30	5685.5	False	0.0003743775972445
3557	0.0003201978836756985	30	5654.0	False	0.0004083838053831
3558	0.0004757757900710159	30	5528.0	False	0.0005278607477598
3559	0.0005023529866706121	30	5690.0	False	0.0004572874709497
3560	0.0006141856226812442	30	5661.0	False	0.0006722710194644
3561	0.00030475063217125687	30	5716.5	False	0.0003491315353059
3562	0.0002959635796419447	30	5659.0	False	0.0003510465575496
3563	0.0006145384221879432	30	5632.5	False	0.0007165231506727
3564	0.0002881781826434184	30	5386.5	False	0.0003300569678326
3565	0.0012588038976203498	30	4645.5	False	0.0013774514913704
3566	0.00030139578059531623	30	5733.5	False	0.0003447994834276
3567	0.00047844065998133646	30	5670.5	False	0.0004678835855057
3568	0.0004551600565433838	30	5670.0	False	0.0005874141775254
3569	0.0004917112903472166	30	5726.5	False	0.0006206624160695
3570	0.0003062207372598882	30	5726.5	False	0.0003943094264988
3571	0.0003223710885784113	30	5588.0	False	0.0004453606148521
3572	0.0007042477047476214	30	5327.0	False	0.0008370049952458
3573	0.0005699311230109832	30	5605.5	False	0.0006166599914811
3574	0.0003280648594823815	30	5692.0	False	0.0003688468222908
3575	0.0004247743794026962	30	5690.0	False	0.0003987042113132
3576	0.00034282122713310723	30	5634.5	False	0.0004635342608194
3577	0.0004619631005440318	30	5509.5	False	0.0004483012584456
3578	0.0005728897022460864	30	5280.5	False	0.000646158355427
3579	0.0008183155485775207	30	5052.0	False	0.0009473950145969
3580	0.0005139331998205999	30	5507.0	False	0.0005406471228032
3581	0.0006526287600257985	30	5568.0	False	0.0008358471593765
3582	0.00042418904225156607	30	5595.0	False	0.0005136814673749
3583	0.000416535485943202	30	5493.5	False	0.0005212538061062
3584	0.00078469690197107	30	5171.0	False	0.0008637046810073
3585	0.0006161552401798894	30	5601.0	False	0.0006371734486075
3586	0.0004580356876293098	30	5535.5	False	0.0005001012863364
3587	0.00046516276298172574	30	5615.5	False	0.0004936019194241
3588	0.00019057467546829666	30	5640.5	False	0.000366769444997
3589	0.0003337758814082492	30	5636.5	False	0.0004035888361118
3590	0.0007743636942900633	30	5493.0	False	0.0008312924039057
3591	0.0003111871866218658	30	5592.0	False	0.000363522406769
3592	0.00029724084167792787	30	5647.5	False	0.0003867168982809
3593	0.0004810919499105914	30	5508.5	False	0.0005893129379812
3594	0.0008455533772945998	30	5595.0	False	0.0006240936874759
3595	0.0003818953426635493	30	5631.5	False	0.000401072869927
3596	0.0004930260403598608	30	5490.5	False	0.0004717281825715
3597	0.0005269205694312382	30	5791.0	False	0.0005172707577712
3598	0.0003034892634948237	30	5790.5	False	0.0003757530211755
3599	0.0006244019510980761	30	5592.5	False	0.0006691891553832
3600	0.0005749389736347734	30	5672.5	False	0.0005538154809887
3601	0.00039637845517349294	30	5662.0	False	0.0004132460787881
3602	0.0005201519484833827	30	5360.5	False	0.0006180469715698
3603	0.0004173551918385729	30	5492.0	False	0.0004689668971899
3604	0.00029960774746004397	30	5354.5	False	0.0003205189843394
3605	0.0014950443920595377	30	5197.0	False	0.0014556426000423
3606	0.0005130335723028272	30	5186.5	False	0.0005603644346582
3607	0.00030705211118359774	30	5268.0	False	0.0003261153143751
3608	0.0005493863714150671	30	5118.0	False	0.0138775291294029
3609	0.0003310486238454189	30	5029.5	False	0.0003542668719597
3610	0.0002150324187432639	30	5004.0	False	0.0003280839895013
3611	0.0011491797598434678	30	4869.0	False	0.0011138509821503
3612	0.00027090002582075967	30	4995.0	False	0.0003772316682556
3613	0.0004308275610482886	30	4900.5	False	0.0004637320044296
3614	0.0003315657147876113	30	4908.0	False	0.0003975477580398
3615	0.0006464651572519312	30	4885.5	False	0.0006627367539851
3616	0.00033623187422774346	30	4872.5	False	0.0004198475953228
3617	0.0002702051280897461	30	4862.0	False	0.0003585791827207
3618	0.00035752083695599177	30	4772.5	False	0.0004069829709756
3619	0.0003926835898755769	30	4679.0	False	0.0004769303031397
3620	0.00022804218120189092	30	4748.5	False	0.0002807229696171
3621	0.00035015997156061143	30	4655.5	False	0.0003815589618661
3622	0.0003573985523953559	30	4604.5	False	0.000519222353264
3623	0.0006888934435562843	30	4563.5	False	0.0006683789182775
3624	0.00046568992447219203	30	4506.5	False	0.0005398254311
3625	0.00036042728007765326	30	4530.5	False	0.0007151621912569
3626	0.0003545831785312631	30	4565.5	False	0.0003839609714965
3627	0.00038729759758637306	30	4520.5	False	0.0004803476802256
3628	0.0017281111724975486	30	3973.0	False	0.0019571958720959
3629	0.00029256285571968674	30	4501.5	False	0.0003884737551701
3630	0.0005393354688917119	30	4508.5	False	0.0006395224898742
3631	0.0005516989695447255	30	4383.0	False	0.0006624219705884
3632	0.0005533896763606915	30	4552.5	False	0.0005407516447862
3633	0.0006287663507782299	30	4572.5	False	0.0008088009525877
3634	0.00047498180795587524	30	4615.5	False	0.000488089867698
3635	0.0006176063582993706	30	4622.5	False	0.000671750315575
3636	0.00042468960829021525	30	4590.0	False	0.0004170949337861
3637	0.00032959735454754903	30	4542.0	False	0.000330060235993
3638	0.0025463316300671918	30	4549.0	False	0.0029036614645858
3639	0.0006036902927069991	30	4561.0	False	0.000659235287067
3640	0.0005925657888277856	30	4616.0	False	0.0007076410490778
3641	0.00035010889961747244	30	4536.0	False	0.0004350076126332
3642	0.0003955739470920041	30	4599.0	False	0.0004601283906638
3643	0.00032642965051696965	30	4667.5	False	0.0004392836747543
3644	0.000493109880725612	30	4573.5	False	0.0005004967617112
3645	0.0002598880357637271	30	4572.5	False	0.0004022016817988
3646	0.0002747344439619366	30	4593.5	False	0.0003426366636127
3647	0.00041416955616187213	30	4556.5	False	0.0004056246619794
3648	0.00033848252667675074	30	4678.0	False	0.0003505491937368
3649	0.0005563084621110143	30	4577.5	False	0.0006026157989495
3650	0.0005561794858585339	30	4593.5	False	0.0006304609040067
3651	0.0002953146129299796	30	4557.0	False	0.0003808357477821
3652	0.00034548653384323784	30	4582.0	False	0.0004028798448166
3653	0.0011124712449224364	30	4522.5	False	0.0011915086158138
3654	0.00031828509587167883	30	4574.0	False	0.0003583560416588
3655	0.00031841665147018023	30	4649.5	False	0.0003590874781066
3656	0.00243785992861902	30	4554.0	False	0.002704585808791
3657	0.00043241722208744727	30	4591.5	False	0.0004333079325234
3658	0.00036152467813521617	30	4526.0	False	0.0005600375376511
3659	0.0003626988159424365	30	4500.0	False	0.0004494690171102
3660	0.0009549764953801264	30	4531.5	False	0.0011656334915264
3661	0.0011741738139585444	30	4519.5	False	0.0012097841291444
3662	0.0004769805592924805	30	4575.5	False	0.0006447501593132
3663	0.0007115299094962801	30	4553.0	False	0.0007974061731274
3664	0.00034797231470421293	30	4569.5	False	0.0004195416507465
3665	0.00030917556363358806	30	4579.0	False	0.0003536041288924
3666	0.0005696338809163678	30	4630.5	False	0.0005697167956186
3667	0.0007781193862693467	30	4474.5	False	0.0007455249484598
3668	0.00036143540370076434	30	4699.0	False	0.0004043612195534
3669	0.0003368578461587225	30	4705.0	False	0.000507375325382
3670	0.000309011059382737	30	4757.5	False	0.0004590464948521
3671	0.0002727223042028748	30	4775.0	False	0.0003539388335909
3672	0.0005092785738816961	30	4838.5	False	0.000658962240755
3673	0.00036039367367042855	30	4854.0	False	0.0003763135472877
3674	0.00045090580245550903	30	4968.5	False	0.0005003266020874
3675	0.0003218063233285873	30	4976.0	False	0.0004018512873098
3676	0.0003917992916222759	30	4975.0	False	0.0004225547243003
3677	0.0025765300443645624	30	4978.0	False	0.0032728807578137
3678	0.0003139485766613761	30	5125.5	False	0.0003899762652376
3679	0.000428477673899554	30	5079.0	False	0.000525826982436
3680	0.0005318373243820494	30	5149.0	False	0.0005238274324396
3681	0.00030799973471038123	30	5189.5	False	0.0003469442220443
3682	0.0002887260479905367	30	5170.0	False	0.00034801697252
3683	0.004021938006183471	30	5135.0	False	0.0052902555382362
3684	0.0002694507692739829	30	5152.5	False	0.0002752638504713
3685	0.000648477342400347	30	5025.0	False	0.0007532878596258
3686	0.0007017956659826465	30	5002.5	False	0.0006825177942139
3687	0.003936768334775295	30	5126.0	False	0.0053762712782525
3688	0.0004676639655368186	30	5115.0	False	0.0005700403099933
3689	0.00024003435917932476	30	5147.0	False	0.0003643970578311
3690	0.00027458793015956544	30	5135.0	False	0.0003171646827003
3691	0.0005347013156165917	30	5153.0	False	0.0005421119325612
3692	0.00039718955614687155	30	5116.5	False	0.0005065682737659
3693	0.0004863261468539338	30	5153.0	False	0.0004668611921634
3694	0.00024908364725121436	30	5101.5	False	0.0003765446890083
3695	0.0003019534951527079	30	5118.5	False	0.0003702078648604
3696	0.0006273661162632179	30	5263.5	False	0.00070290844949
3697	0.0004242585923258192	30	5273.0	False	0.0006626905235255
3698	0.0006706211036130621	30	5258.5	False	0.0006377805237772
3699	0.0008012480381886923	30	5356.0	False	0.0009645275444301
3700	0.0004820676057064061	30	5325.5	False	0.0005111167901865
3701	0.0008219307760433905	30	5243.5	False	0.0008848850980026
3702	0.00036678330107915946	30	5218.5	False	0.0004346372450685
3703	0.0005786514850659704	30	5321.5	False	0.0006888633754305
3704	0.0006408203157082081	30	5334.5	False	0.0008129228509991
3705	0.0010717552139135147	30	5426.0	False	0.0010831092973328
3706	0.0008984776730692819	30	5502.0	False	0.0009152968994317
3707	0.000675450309692857	30	5480.0	False	0.0007084593880442
3708	0.0004960551686144887	30	5395.5	False	0.0005675554018879
3709	0.0005033987333560388	30	5363.5	False	0.000503689361034
3710	0.0003904219628146989	30	5284.5	False	0.0004387772739964
3711	0.000170932845519649	30	5205.5	False	0.0003031078659859
3712	0.00022320264813366583	30	5218.5	False	0.0002884937940288
3713	0.0007316966085569123	30	5074.5	False	0.0007815147554135
3714	0.0004771320650855216	30	5090.0	False	0.000515279762559
3715	0.0008228601978601979	30	5027.5	False	0.0008793856763999
3716	0.00032951252869129713	30	5120.0	False	0.0004186081621729
3717	0.000583668076769846	30	5027.0	False	0.000558620208086
3718	0.0005219521964532104	30	4913.5	False	0.0005966248082277
3719	0.0007091869860796618	30	5002.5	False	0.0007129028425253
3720	0.00031430395392744115	30	5062.5	False	0.0003742514970059
3721	0.00037965391798093636	30	5019.5	False	0.0004177952942323
3722	0.00033005574464721054	30	5106.5	False	0.0003569663353286
3723	0.00029873767612322954	30	5048.5	False	0.0002717788974139
3724	0.0003767079997085335	30	5022.5	False	0.000447868774449
3725	0.00043420141596467395	30	4992.5	False	0.0004871677198432
3726	0.00033757538445412945	30	5171.0	False	0.0003610501791626
3727	0.0007857399009585039	30	5052.0	False	0.0011850488658385
3728	0.0003193222846905677	30	5149.0	False	0.0004044087407123
3729	0.0007294818865209411	30	5168.0	False	0.0009313537500684
3730	0.0007994158578977421	30	5155.0	False	0.000786678903894
3731	0.00022786249881445042	30	5160.0	False	0.0003572311835343
3732	0.00031686460354665556	30	5175.0	False	0.0003767845888252
3733	0.00039827253167643164	30	5184.5	False	0.0004376457394503
3734	0.00035217639443756177	30	5254.5	False	0.0004132735328789
3735	0.0005059220257525	30	5283.5	False	0.0005321119455763
3736	0.000390404087444428	30	5283.0	False	0.0003726399470023
3737	0.0013266970309460013	30	5050.0	False	0.0012498507902848
3738	0.000382241887750466	30	5117.5	False	0.0004591112718773
3739	0.0011101409535516139	30	4753.5	False	0.0011424219345011
3740	0.0005432811703728864	30	5198.5	False	0.0006969641063485
3741	0.00019525784405450064	30	5121.5	False	0.0003475021545133
3742	0.0003204290731119351	30	5056.0	False	0.0004148823210907
3743	0.001233399963974073	30	4920.5	False	0.0012381048358071
3744	0.0007784932795943482	30	4954.5	False	0.0007677240211518
3745	0.0005990356106746547	30	4885.0	False	0.0006897318945377
3746	0.0005835459653708679	30	4926.5	False	0.0006342250922509
3747	0.00036722124315554283	30	4899.5	False	0.0004274247297806
3748	0.0006187173630179856	30	4790.5	False	0.0006626368529167
3749	0.00038422522557353026	30	4723.0	False	0.0004705460574962
3750	0.00031762660321440865	30	4763.0	False	0.0003688920695582
3751	0.00021506495067863835	30	4757.0	False	0.000331770326462
3752	0.000312349859932667	30	4807.5	False	0.0003946935643021
3753	0.0002496960100944403	30	4777.5	False	0.0003253090435914
3754	0.00038301841685721037	30	4863.5	False	0.0004058618040557
3755	0.0003077132993934017	30	4872.5	False	0.0003123524497875
3756	0.0005608592601942929	30	4837.5	False	0.0006079428094282
3757	0.0004491858563101609	30	4917.5	False	0.0004380799172675
3758	0.0003311704213571281	30	4910.5	False	0.0004361629104221
3759	0.0003298681805731116	30	4985.5	False	0.000382490437739
3760	0.0005817730916280069	30	4978.5	False	0.0005778554515728
3761	0.000503478294439682	30	5112.0	False	0.0006731647673803
3762	0.000197652553031185	30	5146.0	False	0.0002376926159091
3763	0.0003361921058996657	30	5052.5	False	0.0003571428571428
3764	0.0003040725661921785	30	5075.5	False	0.0003238632056944
3765	0.00023428594463983335	30	4978.5	False	0.0002920215539718
3766	0.00022963912135655422	30	4923.5	False	0.0002805088430412
3767	0.00037869662972904764	30	4945.5	False	0.0003846987808545
3768	0.0003973309421687368	30	4903.0	False	0.0004308852926841
3769	0.0002138901326754434	30	5014.5	False	0.0002761858730925
3770	0.0002775889085874489	30	5028.5	False	0.0002953540126933
3771	0.0002814187591915477	30	5069.5	False	0.000289156626506
3772	0.00029090326584693324	30	4999.5	False	0.0003316245457434
3773	0.00025862748139577734	30	5007.0	False	0.0003589053387169
3774	0.0003372411913402626	30	5071.5	False	0.0003721443092932
3775	0.0003117375982651125	30	5078.5	False	0.0003492289572434
3776	0.00022675891457349037	30	5143.0	False	0.0003247258434415
3777	0.0008677527827350213	30	4989.0	False	0.0009544096492198
3778	0.0004549513045224401	30	5109.0	False	0.0004182971258939
3779	0.0003331112961236254	30	5132.5	False	0.0003765186813777
3780	0.0002969526805771365	30	5184.0	False	0.0004011633737839
3781	0.0005023742291861007	30	5035.0	False	0.0005430075746119
3782	0.0003558720663983822	30	5104.5	False	0.0004071495460282
3783	0.0003889226951007917	30	5255.5	False	0.0004283247888029
3784	0.0007664541527552231	30	5263.0	False	0.0008498191663866
3785	0.00036656307915127005	30	5271.5	False	0.0004664945236171
3786	0.0004610945581849812	30	5266.0	False	0.0004795312417888
3787	0.0003619443757199143	30	5213.5	False	0.000485566050286
3788	0.0003209156195051406	30	5148.5	False	0.0004028548983798
3789	0.00029935963458868836	30	5269.0	False	0.0003021783114801
3790	0.0003404549824516697	30	5203.0	False	0.0003847455041161
3791	0.0009281799747431676	30	5016.0	False	0.000981849611063
3792	0.000377967103319216	30	5221.0	False	0.0004500658552244
3793	0.0007625489025926662	30	5140.5	False	0.0008184843280377
3794	0.0006352352634849563	30	5234.5	False	0.0007473940420128
3795	0.0003538295309725877	30	5172.5	False	0.0004283171152842
3796	0.0014463147466335213	30	4666.0	False	0.0016433914841089
3797	0.0005343159799112417	30	5149.5	False	0.0005444719294471
3798	0.0005361214041566403	30	5162.0	False	0.0005478097630388
3799	0.00041889934656873533	30	5204.5	False	0.0005163955589981
3800	0.0003563327915433819	30	5130.5	False	0.000469008582857
3801	0.000411647694013805	30	5106.0	False	0.0004866081385211
3802	0.0004893934813386932	30	5100.0	False	0.0004735393003795
3803	0.0004764984675627688	30	5101.5	False	0.0005419687013074
3804	0.0004523670239862278	30	5208.5	False	0.0004968236408561
3805	0.0004484821184853505	30	5183.0	False	0.0005075260774912
3806	0.0005513841068347284	30	5247.0	False	0.0006228650480917
3807	0.0005259824155521124	30	5275.0	False	0.0004977894219747
3808	0.00044122496846381125	30	5297.0	False	0.000488141417823
3809	0.00043593912190073244	30	5360.0	False	0.0004560900874279
3810	0.00040226784412830923	30	5265.5	False	0.0004315051028747
3811	0.0004668468394244142	30	5419.5	False	0.000469632544266
3812	0.00024863473443312886	30	5462.0	False	0.0003210232458597
3813	0.00031992505577775414	30	5568.0	False	0.0003952129827464
3814	0.000356328437451435	30	5617.5	False	0.0004393351394889
3815	0.0004900877324291509	30	5540.5	False	0.0005316058204655
3816	0.00032565534362612983	30	5479.0	False	0.0004062525390783
3817	0.0006006452342250681	30	5495.0	False	0.0006171877435242
3818	0.0008738921079135882	30	5066.0	False	0.0010907563480664
3819	0.00036748391578436766	30	5593.0	False	0.0004444769176439
3820	0.00040031653008313646	30	5605.0	False	0.0004304178083852
3821	0.0006775463409863893	30	5533.5	False	0.0007520141033464
3822	0.00030257255332784034	30	5655.5	False	0.0003509281444371
3823	0.0003553269708438826	30	5632.0	False	0.0004314666828719
3824	0.00036585933661788364	30	5714.5	False	0.000400485364352
3825	0.0002955067278637923	30	5637.5	False	0.0003754185614202
3826	0.0003835020644459791	30	5645.5	False	0.000434528084395
3827	0.00030993443611492644	30	5569.0	False	0.0003681749567394
3828	0.0006091062638607153	30	5293.0	False	0.0006238668044372
3829	0.0003464326239492393	30	5572.0	False	0.0003558478689007
3830	0.0005053089355165539	30	5430.5	False	0.0005781836235773
3831	0.0004728108607534573	30	5503.5	False	0.000495156748058
3832	0.0003140858543413845	30	5526.5	False	0.0004084259511374
3833	0.0008686975169698182	30	5465.0	False	0.0009150851154511
3834	0.0006855294394792833	30	5467.0	False	0.0008578638563798
3835	0.0005299788587617318	30	5424.5	False	0.0006124820043947
3836	0.00048750253412623327	30	5362.0	False	0.0004859210761873
3837	0.0004047329281510197	30	5271.0	False	0.000409612233752
3838	0.000394290944760367	30	5243.5	False	0.0004643831226167
3839	0.00048606673022075794	30	5321.5	False	0.0005225031124413
3840	0.00032211640386216995	30	5342.0	False	0.0003089697788935
3841	0.0003171240981139435	30	5368.5	False	0.000454985293081
3842	0.0003963018804707459	30	5342.5	False	0.0004892115968896
3843	0.0008390937997657772	30	5212.5	False	0.000794607265359
3844	0.00038100727832205675	30	5348.5	False	0.0003793163305323
3845	0.00033480783150230403	30	5277.5	False	0.0003977517246775
3846	0.00046926282635830185	30	5358.0	False	0.000520044171653
3847	0.0016260476750628735	30	5263.5	False	0.0016366719258391
3848	0.0009860987844277774	30	5256.5	False	0.0010836726651779
3849	0.00040796877704417096	30	5261.5	False	0.0004397191048106
3850	0.00040432041744159486	30	5174.5	False	0.0007758730243664
3851	0.0006594734127629523	30	5112.5	False	0.0007105637138796
3852	0.00025528185598582193	30	5044.0	False	0.0003846285930148
3853	0.00033093947664751	30	4986.5	False	0.0003627637013059
3854	0.0003780956739609871	30	4923.0	False	0.0005373113224221
3855	0.00037998694516735683	30	4860.5	False	0.0004294118489042
3856	0.00030344790449234776	30	4820.5	False	0.0003603889317351
3857	0.0004340449689614989	30	4783.0	False	0.0005090575889578
3858	0.0002953527480865243	30	4645.5	False	0.0003974920501589
3859	0.00035610675214412153	30	4590.0	False	0.0004007743262454
3860	0.00020244530657946837	30	4635.5	False	0.0002996613826376
3861	0.0003452650425356165	30	4638.5	False	0.0003812941572277
3862	0.00023063469182645497	30	4751.5	False	0.0002931842003034
3863	0.00031854542218014733	30	4698.0	False	0.0003497544277422
3864	0.00018259029228279362	30	4668.5	False	0.0002240645305848
3865	0.0002892808595260141	30	4569.5	False	0.0004128629753658
3866	0.0003725936515427001	30	4578.5	False	0.0007633063377325
3867	0.00032166779018048916	30	4580.5	False	0.0003566616469842
3868	0.0007850902198868978	30	4506.0	False	0.0008302683240995
3869	0.00039740406675256926	30	4537.0	False	0.0005324895817255
3870	0.0007020265308210836	30	4499.5	False	0.0008804737416238
3871	0.0009274890206237224	30	4411.5	False	0.0010125620985349
3872	0.000334383207941949	30	4469.0	False	0.0005079593319944
3873	0.0019971389040797207	30	4342.0	False	0.0024231725908689
3874	0.0003938180868920351	30	4377.0	False	0.0004303406066208
3875	0.0009601029287855504	30	4368.5	False	0.0010845377057609
3876	0.00042104361916172565	30	4379.5	False	0.0005048198273996
3877	0.00044329751785537717	30	4377.5	False	0.0005596328808301
3878	0.0003459058102605844	30	4334.5	False	0.0003768683045737
3879	0.0006024432983693486	30	4372.5	False	0.0006315654829477
3880	0.0005016863650155112	30	4373.5	False	0.0005617211134917
3881	0.0003438394060762298	30	4301.5	False	0.0003432269874476
3882	0.0003440329895621257	30	4425.5	False	0.0003527902501603
3883	0.0003755830029274189	30	4308.0	False	0.0003301991926629
3884	0.0002288655731995569	30	4332.5	False	0.000269616654139
3885	0.0004629321990243193	30	4303.5	False	0.0005044657624875
3886	0.00023257327856033923	30	4259.5	False	0.0003256295504642
3887	0.00022888287660648854	30	4275.0	False	0.000325406758448
3888	0.0004092545698209979	30	4308.0	False	0.0005264846455688
3889	0.0003805002731353107	30	4291.0	False	0.000464317991493
3890	0.00047759792804373156	30	4243.5	False	0.0006789947524603
3891	0.0004048583659555748	30	4172.5	False	0.0003934179467004
3892	0.0004354705300320123	30	3995.0	False	0.0004797867614393
3893	0.0003247572884611026	30	4291.5	False	0.0003640214441723
3894	0.00022873509102322662	30	4238.0	False	0.000335283566076
3895	0.00041321000196959735	30	4268.0	False	0.0005262586352359
3896	0.0002623745520619478	30	4246.5	False	0.0003603694205594
3897	0.0004136230876187226	30	4288.5	False	0.0004229697452229
3898	0.0004470210093396546	30	4237.0	False	0.0003860647413785
3899	0.0002827333504624341	30	4186.5	False	0.0003394346715545
3900	0.0004517127667557348	30	4241.0	False	0.000510340673315
3901	0.0005181324365075106	30	4202.0	False	0.0005239894187943
3902	0.0012545639583683064	30	4103.5	False	0.0011055068057762
3903	0.0002256339624667854	30	4262.5	False	0.0003327620917425
3904	0.0008175268814242082	30	4283.0	False	0.0009582500371734
3905	0.0010152284263959391	30	4257.5	False	0.0009787251689959
3906	0.0010306208278543921	30	4254.0	False	0.0010446981568539
3907	0.0006401454884802497	30	4221.0	False	0.0006973090591368
3908	0.00111853674638575	30	4266.0	False	0.0011128055063265
3909	0.00039719556503997513	30	4282.0	False	0.0004671595062861
3910	0.00036868477350187495	30	4326.0	False	0.0003748003780595
3911	0.0002350318618982914	30	4363.5	False	0.0002739615648039
3912	0.000387750045405395	30	4425.5	False	0.0004058441558441
3913	0.000194729970902331	30	4495.0	False	0.0002104524728165
3914	0.00018884164311450667	30	4501.0	False	0.0002575107296137
3915	0.00023838299068050902	30	4481.5	False	0.0003623567684218
3916	0.00022559428977431175	30	4449.0	False	0.000347383961914
3917	0.0004124654563370141	30	4381.5	False	0.0005070096090392
3918	0.0003544368739481077	30	4510.5	False	0.0004444791016843
3919	0.00043350127911026776	30	4441.0	False	0.0004869404176511
3920	0.00034776612120619873	30	4608.5	False	0.0004075449645128
3921	0.000422556019805277	30	4641.5	False	0.0005122989991053
3922	0.00029989698545295016	30	4678.5	False	0.0004239244808817
3923	0.00044909080854443905	30	4691.0	False	0.0005054086266463
3924	0.00029939212777505713	30	4680.0	False	0.0003324317381646
3925	0.00037956734149146806	30	4741.5	False	0.0004491892134696
3926	0.00020491279097805025	30	4702.0	False	0.0002482304180049
3927	0.0003508501070128167	30	4729.5	False	0.0003739268299979
3928	0.0003294079515989628	30	4769.0	False	0.0003261699493695
3929	0.00036683632762728944	30	4677.5	False	0.0004375740292269
3930	0.00018488101739706113	30	4810.5	False	0.0002708975494754
3931	0.0002901995063097915	30	4822.0	False	0.0004026914431729
3932	0.000449991312564412	30	4939.0	False	0.0004776502459542
3933	0.0005504279371100695	30	4953.0	False	0.0006625772116186
3934	0.00033413082084349704	30	4999.0	False	0.0003670994204064
3935	0.00027214101867534095	30	4929.5	False	0.0003582098106502
3936	0.00036149681940236356	30	4952.0	False	0.0070393256010666
3937	0.0003253486837460723	30	4955.0	False	0.0003981146427987
3938	0.00032862434694955504	30	4956.0	False	0.0003124467420326
3939	0.00032755092757101194	30	4976.5	False	0.0003676288645216
3940	0.00035292860410871007	30	4999.5	False	0.0003718358870741
3941	0.00033048518304739884	30	4970.0	False	0.0003111453685304
3942	0.00024088536993718167	30	4957.0	False	0.0003479965342385
3943	0.00018170483409145206	30	4924.0	False	0.0002709408778484
3944	0.0010248106355569228	30	4903.0	False	0.0011913357400722
3945	0.0005609164194775933	30	5035.5	False	0.0005871251834766
3946	0.0003572741475967282	30	5050.5	False	0.0005574757498048
3947	0.0003032405265392033	30	4969.0	False	0.0003470033779716
3948	0.00026033840604727766	30	4916.5	False	0.0003360959947368
3949	0.000704143011507567	30	4807.0	False	0.0007036369233475
3950	0.0004057773349919708	30	4671.0	False	0.0005210929357922
3951	0.0011380333296135102	30	4872.5	False	0.0013294797687861
3952	0.001287137568846893	30	4867.5	False	0.0013069143027249
3953	0.0004485623772803416	30	4891.5	False	0.0005216370710078
3954	0.0008600886523382552	30	4799.0	False	0.0008024500493249
3955	0.0008196776849031115	30	4667.5	False	0.0009653528817291
3956	0.0006477872960758886	30	4638.5	False	0.0006290452154669
3957	0.00046232610240163187	30	4505.0	False	0.0005291828793774
3958	0.0002894382530613445	30	4576.0	False	0.0003753753753753
3959	0.0008471806169373436	30	4520.5	False	0.0008726542590161
3960	0.0005758052451210632	30	4520.5	False	0.0006563301108811
3961	0.0004267898944445121	30	4501.0	False	0.000534494244504
3962	0.00039390979384262555	30	4452.5	False	0.0004300839836724
3963	0.00036411132989174426	30	4464.5	False	0.0004662403158001
3964	0.000581914761730523	30	4375.5	False	0.0006430051361027
3965	0.0013217630454298085	30	4349.0	False	0.001313161057214
3966	0.00037971696172236683	30	4395.0	False	0.0004486599236491
3967	0.0005750985334753471	30	4324.5	False	0.0007743645420871
3968	0.0005840309210885095	30	4313.5	False	0.0005966875776097
3969	0.00024613945098624117	30	4270.5	False	0.0003255102372969
3970	0.00038360640783441325	30	4186.0	False	0.0004803034192634
3971	0.00023208211922868318	30	4116.0	False	0.000286576423189
3972	0.00027490187832124687	30	4122.0	False	0.0002792327023802
3973	0.00022278700719067693	30	4092.5	False	0.000296881891901
3974	0.00028985295442975696	30	4096.0	False	0.0003565516363173
3975	0.0005497980927847586	30	4112.5	False	0.000592271700412
3976	0.0004301087999520498	30	4177.5	False	0.0005415854288523
3977	0.00028715051535375046	30	4212.5	False	0.0003403054448871
3978	0.0004217957438106543	30	4237.5	False	0.0004197634509494
3979	0.000435323877181254	30	4179.0	False	0.0005345092536914
3980	0.005752444307218537	30	4154.5	False	0.0064082185821607
3981	0.005934797213090056	30	4148.0	False	0.0064388477145444
3982	0.006108334557673041	30	4204.0	False	0.0063986358406383
3983	0.006034948070092919	30	4187.5	False	0.0062596766943579
3984	0.00039725220508038807	30	4239.0	False	0.0004296561924198
3985	0.00034527310382702076	30	4248.5	False	0.00037838282471
3986	0.0004766270370495818	30	4108.5	False	0.0005162841086058
3987	0.0002793851170272019	30	4095.0	False	0.0003216059987982
3988	0.0002372686553218985	30	4055.5	False	0.0002663687918886
3989	0.00042038855371515847	30	4013.5	False	0.00040763226366
3990	0.0007623417311223907	30	4148.5	False	0.000799509634091
3991	0.0004200643540353507	30	4081.5	False	0.0005294032259441
3992	0.00022182301676351387	30	4182.5	False	0.0003231901352426
3993	0.0002883926991194604	30	4179.5	False	0.0003669510537333
3994	0.0001858266518229281	30	4149.0	False	0.0002774438176269
3995	0.00023286484544975206	30	4103.5	False	0.0003140863482793
3996	0.00042350524974345787	30	4165.0	False	0.0005049229992426
3997	0.0002341744649915067	30	4138.0	False	0.0003379948455786
3998	0.00021888197224943513	30	4115.5	False	0.0002974116687343
3999	0.00042345123015069563	30	4119.0	False	0.00177504289687
4000	0.00041486996890024216	30	4132.0	False	0.0004554847960862
4001	0.0003519246146253379	30	4130.5	False	0.0003640612300189
4002	0.00041356636207196234	30	4111.0	False	0.0004246320563231
4003	0.00046823410965191514	30	4103.5	False	0.0005194097461704
4004	0.0004142786437471383	30	4071.0	False	0.0004534177431773
4005	0.0004138645701525068	30	4110.0	False	0.0004421994319438
4006	0.00032283224415375613	30	4098.0	False	0.0003240799965886
4007	0.0005689167283870749	30	4010.0	False	0.0005462490895848
4008	0.0004178584907274255	30	4049.5	False	0.0004889933599849
4009	0.0003041267223024445	30	4098.0	False	0.000322058462086
4010	0.0002906018933918742	30	4022.5	False	0.0003108700908431
4011	0.0004294947583196339	30	4053.5	False	0.0004684159874634
4012	0.001376594683014112	30	3599.5	False	0.0013526996431175
4013	0.0004407709755078973	30	4050.5	False	0.0005655866247332
4014	0.0003886797953728524	30	4098.0	False	0.0004407153148571
4015	0.0004163646971624011	30	4120.5	False	0.0005306514378127
4016	0.0008145726736162714	30	4027.5	False	0.0008847277100154
4017	0.0005565168055997297	30	4190.5	False	0.0006709019075149
4018	0.0008444634398261923	30	4015.0	False	0.0008701045848481
4019	0.0005998520009258937	30	4254.5	False	0.0006475409836065
4020	0.000437943363276912	30	4208.5	False	0.0005066823932021
4021	0.0005967544331514178	30	4083.5	False	0.0006903311032513
4022	0.00039444250332099215	30	4269.5	False	0.0004813968668407
4023	0.0008039452212036977	30	4259.5	False	0.000843515576375
4024	0.0004314179468376953	30	4262.0	False	0.0006043677822969
4025	0.00036911553949856414	30	4396.0	False	0.0003807861647693
4026	0.00030183847468218903	30	4403.5	False	0.0003172588832487
4027	0.00027663020409856535	30	4403.0	False	0.0002621585980075
4028	0.0005411271254940609	30	4314.0	False	0.0005655423146839
4029	0.00037326199665310033	30	4439.5	False	0.0004177800900197
4030	0.0003889645261326677	30	4456.5	False	0.0004408338056552
4031	0.0004333326938544992	30	4451.0	False	0.0005507387767305
4032	0.0003061239452262771	30	4657.0	False	0.0003332904095684
4033	0.0007264810661037075	30	4660.0	False	0.0009703953602971
4034	0.0013094588255947595	30	4516.0	False	0.0013121514597684
4035	0.0008486726204967015	30	4555.0	False	0.0010767014206261
4036	0.00026856172034668416	30	4597.0	False	0.0003533894659209
4037	0.0007694590970577289	30	4615.0	False	0.0007802877884961
4038	0.00036686831304624893	30	4532.5	False	0.0003422632938174
4039	0.00028669510452090246	30	4504.0	False	0.0003201449241412
4040	0.00017799368302632006	30	4546.0	False	0.0002007411982705
4041	0.00020511940879869352	30	4493.0	False	0.0002811116403645
4042	0.00020828384253854173	30	4469.5	False	0.0002756209345912
4043	0.0009146228844597744	30	4481.0	False	0.0009478970004151
4044	0.00021373087733304793	30	4469.5	False	0.0003389937404411
4045	0.0008612895497856882	30	4404.0	False	0.0010772078771823
4046	0.0003858905290322043	30	4455.5	False	0.0004268437277685
4047	0.0008131822797664382	30	4411.0	False	0.001010101010101
4048	0.00030915562261825446	30	4432.5	False	0.000412407109264
4049	0.0003829014335993701	30	4354.0	False	0.000449979911611
4050	0.000401450797906623	30	4430.5	False	0.0004570059804748
4051	0.0006103241650404383	30	4294.0	False	0.0008641855656781
4052	0.0004188236053121349	30	4265.5	False	0.000470500433996
4053	0.0009239821475811338	30	3909.0	False	0.0011986286278346
4054	0.0003898694735242149	30	4168.5	False	0.0004264427295615
4055	0.0007314962213606526	30	4018.5	False	0.0006796363945289
4056	0.00038555961690547283	30	4206.0	False	0.0004474054550926
4057	0.0012148513221676522	30	4052.5	False	0.0013789740097032
4058	0.0005802105787465903	30	4139.5	False	0.00063378137012
4059	0.0005442389694304463	30	4092.0	False	0.0006700084371432
4060	0.00043730630027014706	30	4042.0	False	0.0004599854477331
4061	0.0004863845439219552	30	3975.5	False	0.0005546265094664
4062	0.0009921853712165241	30	3821.5	False	0.0010475408977425
4063	0.0005163224516988674	30	3830.5	False	0.0005820115012422
4064	0.00037401514647708643	30	3761.0	False	0.0004251512386958
4065	0.0006978412055828271	30	3658.0	False	0.0008328128253175
4066	0.0005865386598706028	30	3724.0	False	0.0006044981776157
4067	0.0009156542087406633	30	3593.5	False	0.0009760725395218
4068	0.00040771499329811465	30	3653.0	False	0.0004214415092986
4069	0.001026131692249858	30	3639.5	False	0.0010936603557085
4070	0.0005050855420938429	30	3613.0	False	0.0005153054767027
4071	0.0017472059963499417	30	3581.5	False	0.0021315192743764
4072	0.0004004158232148509	30	3439.5	False	0.0003962152014565
4073	0.0004209792341128293	30	3484.5	False	0.0004765019153508
4074	0.0005442409950403563	30	3481.0	False	0.0006239523188675
4075	0.00045321849813173776	30	3528.0	False	0.0004246245303745
4076	0.0005310616898599731	30	3546.5	False	0.000669903001716
4077	0.00019400576571059028	30	3534.0	False	0.0002759077364529
4078	0.0005282306346136134	30	3528.0	False	0.0006835080589294
4079	0.0002618661794206385	30	3546.5	False	0.0003784277710604
4080	0.00024300820952770363	30	3550.5	False	0.0003873395307658
4081	0.0008052292688489084	30	3597.0	False	0.0009599912229373
4082	0.0002154876214178259	30	3570.0	False	0.0003772334983346
4083	0.0003302430693656542	30	3543.5	False	0.0003610877072782
4084	0.00046834652949848436	30	3448.5	False	0.0004832611600162
4085	0.00044558031525626207	30	3423.5	False	0.0004704797933729
4086	0.00033509776421828487	30	3436.0	False	0.000421516501413
4087	0.000526195378631892	30	3368.5	False	0.0005417865164112
4088	0.0004250952429723597	30	3419.0	False	0.0004449732532381
4089	0.00039845848480598916	30	3455.0	False	0.0004153064575325
4090	0.00024185109898221773	30	3440.5	False	0.000339426853513
4091	0.0002826403642605607	30	3444.5	False	0.0002947678703021
4092	8.59697386519945e-05	30	3388.5	False	0.0002609184328837
4093	0.00031076129081769697	30	3239.5	False	0.0003383128759766
4094	0.0003724623048949426	30	3328.0	False	0.0004215764904271
4095	0.00040142693820543373	30	3347.5	False	0.0003900276098492
4096	0.0004055286663982316	30	3387.5	False	0.0004284970974422
4097	0.0002444427514896757	30	3270.0	False	0.0004532948208431
4098	0.0007694349532491116	30	3183.5	False	0.0008844822502975
4099	0.0002855333868060943	30	3299.5	False	0.000357454503401
4100	0.0003727683086668459	30	3274.5	False	0.0004063866876276
4101	0.00039228087646363556	30	3273.0	False	0.0004196707198966
4102	0.00038996933535857456	30	3299.5	False	0.0007804648576988
4103	0.0002413495589496225	30	3273.5	False	0.0003901212626924
4104	0.00024032072481007763	30	3241.0	False	0.0001510821257255
4105	0.00022113928239887278	30	3159.0	False	0.000485167729415
4106	0.0002207962313283505	30	3216.5	False	0.0003473973216787
4107	0.00022969037558029194	30	3077.0	False	0.0003390543890006
4108	0.002093173035637613	30	3047.5	False	0.0022557551437153
4109	0.0002872121181957119	30	3131.0	False	0.000427948507385
4110	0.0003169763416490947	30	3146.5	False	0.0004595218674968
4111	0.0002536570471837476	30	3142.0	False	0.000334842046924
4112	0.000250994278824419	30	3098.5	False	0.0004127163813027
4113	0.00023045422131379991	30	3132.0	False	0.0004676065558439
4114	0.00020985268074817767	30	3080.5	False	0.0003182423592366
4115	0.0	30	3076.5	False	0.0002481389578163
4116	0.0004180083255057866	30	3102.0	False	0.000481944705661
4117	0.0005371746237587575	30	3118.5	False	0.0005362742926425
4118	0.0002738674695423911	30	3132.5	False	0.0004158484463439
4119	0.0	30	3131.5	False	0.0002193514125076
4120	0.00022329729644062963	30	3132.5	False	0.0003113001971567
4121	0.0005207216751921039	30	3129.0	False	0.0005059681240081
4122	0.0005515000486306438	30	3160.5	False	0.0005461745027536
4123	0.0002905985156394914	30	3160.0	False	0.0003622081111978
4124	0.00022038486481282303	30	3134.0	False	0.0003968883949833
4125	0.0005461170406274966	30	3112.5	False	0.0006138735420503
4126	0.0006106173140143675	30	3107.5	False	0.0006225099601593
4127	0.00039192438617870895	30	3143.5	False	0.0005153541939748
4128	0.0	30	3101.5	False	0.0002137497328128
4129	0.0	30	3088.0	False	0.0002487449685676
4130	0.0002836585914491764	30	3079.5	False	0.0003295604345652
4131	0.0002268102131508392	30	2962.0	False	0.0003042465801514
4132	0.0009926603004020286	30	2953.0	False	0.0011230171728042
4133	0.0	30	2968.5	False	0.0002435347326916
4134	0.00026779776646486885	30	2943.5	False	0.0003050533256678
4135	0.00011839924224484963	30	2841.5	False	0.0003029201502483
4136	0.0004694134759266911	30	2504.5	False	0.0004910653389714
4137	0.0003831857188747648	30	2881.5	False	0.0004974594037593
4138	0.0002499475503516624	30	2875.0	False	0.0004370422867942
4139	0.0002985474270313269	30	2934.5	False	0.0003590747454623
4140	0.0002662296420118795	30	2943.5	False	0.0004639079606606
4141	0.0005834402719350809	30	2866.5	False	0.00061585105879
4142	0.00040813540542827527	30	2874.5	False	0.0006186425554696
4143	0.00012254901960784314	30	2769.5	False	0.0002705361534677
4144	0.0002782077077851726	30	2791.0	False	0.0003698270442189
4145	0.0005391704508525062	30	2758.0	False	0.000689395838556
4146	0.0002445354794348083	30	2787.0	False	0.0003453379378391
4147	0.0003226533719939042	30	2805.5	False	0.0004539264639128
4148	0.00024982667221448723	30	2784.0	False	0.0004805618877456
4149	0.00030053044567595304	30	2783.5	False	0.0003808915319211
4150	0.0004593907118003862	30	2681.5	False	0.0005406170757764
4151	0.0003193536901257715	30	2669.0	False	0.0004394752148904
4152	0.0002704164610485023	30	2726.5	False	0.0004572647944213
4153	0.0003184215859219744	30	2681.0	False	0.0005147077746609
4154	0.00045579576712359907	30	2628.5	False	0.0005639344262295
4155	0.0004913783137566379	30	2685.5	False	0.0005660911406736
4156	0.0005460759096953709	30	2601.5	False	0.0005056351709179
4157	0.0002620362222236816	30	2599.0	False	0.0003064419425754
4158	0.0003942231825021102	30	2560.0	False	0.0005159608412877
4159	0.0002997488559106262	30	2589.5	False	0.0002958977807666
4160	0.0004082434241629222	30	2455.0	False	0.0007360330648699
4161	0.00011896264572924102	30	2512.0	False	0.0003764745252237
4162	0.0003122533495736906	30	2496.0	False	0.0003924591772373
4163	0.0005109479549064021	30	2450.0	False	0.0005860659252694
4164	0.00039798612951839093	30	2339.5	False	0.0004632466115751
4165	0.00033479432140788655	30	2390.5	False	0.0004128271286398
4166	0.00527290246764783	30	2059.5	False	0.0059356086499824
4167	0.0	30	2380.0	False	0.0003367693569169
4168	0.000122040517451794	30	2431.5	False	0.0002866027542524
4169	0.001141449905166844	30	2351.0	False	0.0011944260119442
4170	0.0003025461825561744	30	2434.0	False	0.0003417148389668
4171	0.0003048219550447431	30	2462.0	False	0.0003542481437397
4172	0.0003465679741645616	30	2420.0	False	0.0004341471179867
4173	0.00013935340022296544	30	2434.5	False	0.0003166697853842
4174	0.0005807046242430567	30	2407.5	False	0.0007117954677513
4175	0.004607393074144516	30	2436.5	False	0.0061102703937412
4176	0.0	30	2476.5	False	0.0003240121152356
4177	0.0003603966011698379	30	2494.5	False	0.0004455769525321
4178	0.00036110603702159795	30	2546.5	False	0.0004517082785808
4179	0.00011778563015312132	30	2540.5	False	0.0002875806252824
4180	0.0	30	2509.0	False	0.0002209517496616
4181	0.00031095438685435525	30	2462.0	False	0.0003519887363604
4182	0.00033807309759618486	30	2472.5	False	0.0003766583429822
4183	0.00030139734231416363	30	2344.5	False	0.0004837291116974
4184	0.0005726911976911977	30	2319.5	False	0.0006803324755228
4185	0.0002965936458992296	30	2305.0	False	0.0003266518188567
4186	0.000306071516701438	30	2219.5	False	0.0004310809354456
4187	0.0007230705972976912	30	2109.0	False	0.0007700081813369
4188	0.0004227756005709384	30	2001.0	False	0.0004547904595068
4189	0.00029202091301353775	30	2083.0	False	0.0003561772467498
4190	0.0006691072778524708	30	2017.5	False	0.0006974195476736
4191	0.0004075466075035597	30	1860.0	False	0.0005525748204131
4192	0.0	30	1992.5	False	0.0003037359522122
4193	0.0004327334036490013	30	1906.0	False	0.0005666725695059
4194	0.0003830013380233482	30	1944.5	False	0.0006596420573888
4195	0.0023359884322451166	30	1734.0	False	0.0024704806738381
4196	0.0	30	1974.0	False	0.0004472348843209
4197	0.0	30	1937.0	False	0.0002101281781886
4198	0.0007304301061554878	30	1925.0	False	0.0008851750876323
4199	0.0031557016732723132	30	1880.5	False	0.0033306492936095
4200	0.00015142337976983646	30	1896.5	False	0.0004548431700749
4201	0.001003915901826346	30	1896.0	False	0.0010433445599648
4202	0.0	30	1834.5	False	0.0002266074969313
4203	0.0	30	1781.0	False	0.0002748978950675
4204	0.0	30	1775.0	False	0.0003969041476483
4205	0.0	30	1762.0	False	0.0003191192309226
4206	0.00038987338549225433	30	1720.0	False	0.0005320237364436
4207	0.0	30	1761.0	False	0.0002187052648321
4208	0.0	30	1741.0	False	0.0004247486903582
4209	0.0004876454049941452	30	1729.0	False	0.0005496518871381
4210	0.0	30	1693.0	False	0.0003536215001872
4211	0.0	30	1689.5	False	0.0003127149915566
4212	0.00041401914346473603	30	1662.5	False	0.0004844348961624
4213	0.0004468668614235619	30	1634.0	False	0.0005147342684339
4214	0.0005088044963518705	30	1595.0	False	0.0006340322263276
4215	0.0	30	1550.5	False	0.0003359086328518
4216	0.0018774921000977035	30	1546.0	False	0.0023939456342668
4217	0.0	30	1504.0	False	0.0004572369173087
4218	0.00048182658184849357	30	1467.0	False	0.000651102223049
4219	0.0006622877635650373	30	1407.0	False	0.0008409620605973
4220	0.0006654223629681067	30	1384.5	False	0.0009999024485416
4221	0.0005025668697339116	30	1399.0	False	0.0005556495059551
4222	0.001437386494964504	30	1351.5	False	0.0016298079334035
4223	0.0008215958880768994	30	1346.5	False	0.0008032733388558
4224	0.0	30	1307.0	False	0.0004698266861557
4225	0.0	30	1263.0	False	0.000512557662737
4226	0.0006340016172567402	30	1174.0	False	0.000844225786731
4227	0.0	30	1094.5	False	0.0116860916860916
4228	0.0	30	1173.0	False	0.0002904443799012
4229	0.0	30	1164.5	False	0.0004378539319283
4230	0.0	30	1148.5	False	0.0004460170675864
4231	0.0	30	1093.0	False	0.0003088421507767
4232	0.0	30	1040.5	False	0.000320965464116
4233	0.0	30	1041.0	False	0.0003523946820438
4234	0.0	30	1011.5	False	0.0005627089470722
4235	0.0	30	1028.0	False	0.0003893828282172
4236	0.0	30	979.5	False	0.0004348844211019
4237	0.0	30	971.0	False	0.0004387741325772
4238	0.001586380150731136	30	915.5	False	0.0015614464672273
4239	0.0	30	899.5	False	0.0003874876708468
4240	0.006376134362725179	30	862.5	False	0.0061081701403028
4241	0.0	30	878.0	False	0.0006155628779375
4242	0.0	30	865.5	False	0.0004378283712784
4243	0.000789166138276578	30	764.5	False	0.0007681733645993
4244	0.0007776528277845884	30	692.0	False	0.0010093917317651
4245	0.0	30	662.0	False	0.0004630272723063
4246	0.0	30	593.0	False	0.0007121782480415
4247	0.0	30	585.5	False	0.0009238349414904
4248	0.004540816326530613	30	579.5	False	0.0058233244943586
4249	0.0	30	599.0	False	0.0008594105454729
4250	0.0	30	582.0	False	0.0008986625786329
4251	0.0	30	554.5	False	0.0016943409013893
4252	0.0	30	542.0	False	0.0005300977735893
4253	0.0	30	463.5	False	0.0006930006930006
4254	0.0025111563269503523	30	395.5	False	0.0038118410381184
4255	0.0	30	418.0	False	0.0010721396844846
4256	0.0	30	411.5	False	0.000550574170206
4257	0.0	30	405.0	False	0.0007211538461538
4258	0.0	30	384.0	False	0.001090878576823
4259	0.0	30	388.0	False	0.0004126093414754
4260	0.0	30	375.0	False	0.0007589172780166
4261	0.004373539371393141	30	353.5	False	0.0046234551435938
4262	0.0	30	369.5	False	0.0005954406260632
4263	0.0013362683033944964	30	371.0	False	0.0019579467097982
4265	0.0	29	349.0	False	0.0002844950213371
4266	0.0	29	348.0	False	0.0003808435685042
4267	0.0	29	337.0	False	0.0001973554371422
4268	0.0	28	200.0	False	0.0014792899408284
4269	0.0	28	202.0	False	0.000589362015618
4270	0.0	28	199.0	False	0.0011906533710373
4271	0.00831633182336872	28	203.5	False	0.008130081300813
4272	0.0	28	198.5	False	0.0010532651218778
4273	0.0	28	202.5	False	0.001334123925289
4274	0.0	28	213.0	False	0.0008658008658008
4275	0.0	28	213.0	False	0.0008377548170901
4276	0.0	28	205.0	False	0.0005741352088416
4277	0.0	28	207.5	False	0.0005705320211096
4278	0.0	29	220.0	False	0.0004006945371978
4279	0.0	29	222.0	False	0.0004008551576696
4280	0.0	29	223.0	False	0.000934205258241
4281	0.0	29	223.0	False	0.0005326231691078
4282	0.0	29	222.0	False	0.0018934271030565
4283	0.0	29	204.0	False	0.0012970168612191
4284	0.0	29	209.0	False	0.0007041261794113
4285	0.0	29	206.0	False	0.0001446340757882
4286	0.0	29	211.0	False	0.0004268639726807
4287	0.0	29	209.0	False	0.0001444669170759
4288	0.0	29	220.0	False	0.0004137931034482
4289	0.0	29	216.0	False	0.0006998880179171
4290	0.0	29	216.0	False	0.0007030371203599
4291	0.0	29	217.0	False	0.0005641748942172
4292	0.0	29	213.0	False	0.0004243881737162
4293	0.0	29	213.0	False	0.0004275940706955
4294	0.0	29	213.0	False	0.0004261363636363
4295	0.0	29	214.0	False	0.0
4296	0.0	29	211.0	False	0.0007244277021153
4297	0.0	29	207.0	False	0.0001455392228205
4298	0.0	29	211.0	False	0.0005766181346403
4299	0.0	29	207.0	False	0.0010436857015058
4300	0.0	29	220.0	False	0.0005807200929152
4301	0.0	29	219.0	False	0.0002841716396703
4302	0.0	29	218.0	False	0.0004264998578333
4303	0.0	29	221.0	False	0.000858123569794
4304	0.0	29	212.0	False	0.0004559963520291
4305	0.0	29	213.0	False	0.0004561350159647
4306	0.0	29	211.0	False	0.0007612667478684
4307	0.0	29	210.0	False	0.000307266861269
4308	0.0	29	210.0	False	0.0007589556769884
4309	0.0	29	201.0	False	0.0009629272989889
4310	0.0	29	198.0	False	0.0003257328990228
4311	0.0	29	200.0	False	0.0001614465611882
4312	0.0	29	202.0	False	0.0001616553507921
4313	0.0	28	203.0	False	0.0003310162197947
4314	0.0	29	202.0	False	0.0001636929120969
4315	0.0	29	197.0	False	0.0004936646371564
4316	0.0	28	199.0	False	0.0001706484641638
4317	0.0	28	188.0	False	0.0007251631617113
4318	0.0	28	195.5	False	0.0
4319	0.0	28	182.5	False	0.0
4320	0.0	28	180.0	False	0.0001859081613682
4321	0.0	28	179.0	False	0.0003711263685284
4322	0.0	28	179.0	False	0.0007425283088917
4323	0.0	26	171.0	False	0.0010206164523372
4324	0.0	27	171.0	False	0.0004020908725371
4325	0.0	26	170.5	False	0.0006179196704428
4326	0.0	26	170.0	False	0.0006185567010309
4327	0.0	26	171.5	False	0.0006185567010309
4328	0.0	25	169.0	False	0.0004282655246252
4329	0.0	25	167.0	False	0.0004311273981461
4330	0.0	25	165.0	False	0.0017338534893801
4331	0.0	25	163.0	False	0.0002162629757785
4332	0.0	26	163.0	False	0.0002124946876328
4333	0.0	25	164.0	False	0.0
4334	0.0	25	164.0	False	0.0008830022075055
4335	0.0	25	162.0	False	0.0
4336	0.0	25	163.0	False	0.0004335573379579
4337	0.0	25	166.0	False	0.0
4338	0.0	26	173.0	False	0.0004076640847941
4339	0.0	27	174.0	False	0.0005963029218843
4340	0.0	26	174.5	False	0.0
4341	0.0	26	171.5	False	0.0
4342	0.0	26	172.0	False	0.0002060581083865
4343	0.0	27	173.0	False	0.0005937067088858
4344	0.0	27	170.0	False	0.0
4345	0.0	28	175.5	False	0.0005758157389635
4346	0.0	28	172.5	False	0.0007741436036384
4347	0.0	28	169.5	False	0.0029574132492113
4348	0.0	28	165.0	False	0.003397961223266
4349	0.0	28	165.0	False	0.000805964134596
4350	0.0	22	153.5	False	0.0002570033410434
4351	0.0	22	151.5	False	0.0007733952049497
4352	0.0	22	149.5	False	0.0005230125523012
4353	0.0	22	145.0	False	0.0002730002730002
4354	0.004628102581017564	22	149.0	False	0.004583445672688
4355	0.0	22	149.5	False	0.0
4356	0.0	22	151.5	False	0.0005340453938584
4357	0.0	22	152.5	False	0.0005257623554153
4358	0.0	23	155.0	False	0.0002528445006321
4359	0.0	23	149.0	False	0.000515065670873
4360	0.0	23	150.0	False	0.000258197779499
4361	0.0	23	147.0	False	0.0007978723404255
4362	0.0	23	147.0	False	0.0002664535038635
4363	0.0	21	141.0	False	0.0002930832356389
4364	0.0	22	144.0	False	0.0027987685418415
4365	0.0	23	145.0	False	0.0018572565667285
4366	0.0	23	146.0	False	0.0007890583903208
4367	0.0	23	144.0	False	0.0007909306617453
4368	0.0	23	144.0	False	0.0005277044854881
4369	0.0	23	141.0	False	0.0002710761724044
4370	0.0	23	141.0	False	0.0
4371	0.0	22	137.0	False	0.0002918004085205
4372	0.0	22	139.5	False	0.0002839295854628
4373	0.0	22	137.0	False	0.0002899391127863
4374	0.0	22	138.0	False	0.0002864508736751
4375	0.0	22	136.0	False	0.0005906674542232
4376	0.0	22	125.0	False	0.0003184713375796
4377	0.0	21	124.0	False	0.0
4378	0.0	22	123.5	False	0.0003203074951953
4379	0.0	21	125.0	False	0.0010023387905111
4380	0.0	20	125.5	False	0.0006908462867012
4381	0.0	19	121.0	False	0.0022288261515601
4382	0.0	21	127.0	False	0.0
4383	0.0	21	126.0	False	0.0003227888960619
4384	0.0	20	127.0	False	0.0006631299734748
4385	0.0	21	130.0	False	0.0006343165239454
4386	0.0	21	130.0	False	0.0006609385327164
4387	0.0	19	127.0	False	0.0
4388	0.0	19	118.0	False	0.0010818608005769
4389	0.0	19	127.0	False	0.0003487966515521
4390	0.0	16	119.0	False	0.0008503401360544
4391	0.0	19	126.0	False	0.0003531073446327
4392	0.0	18	129.5	False	0.00362056480811
4393	0.0	18	129.5	False	0.0010799136069114
4394	0.0	18	128.0	False	0.0007320644216691
4395	0.0	18	127.5	False	0.0022148394241417
4396	0.0	17	126.0	False	0.0007821666014861
4397	0.0	18	130.0	False	0.0
4398	0.0	18	130.0	False	0.0003541076487252
4399	0.0	18	130.0	False	0.0007132667617689
4400	0.0	19	133.0	False	0.0006800408024481
4401	0.0	19	136.0	False	0.0
4402	0.0	19	139.0	False	0.0003300330033003
4403	0.0	17	137.0	False	0.0
4404	0.0	17	134.0	False	0.0007581501137225
4405	0.0	17	134.0	False	0.0
4406	0.0	17	135.0	False	0.000366568914956
4407	0.0	17	140.0	False	0.0003637686431429
4408	0.0	17	138.0	False	0.0025897151313355
4409	0.0	17	131.0	False	0.0011424219345011
4410	0.0	17	139.0	False	0.0007404664938911
4411	0.0	17	140.0	False	0.0010980966325036
4412	0.0	19	145.0	False	0.0034645669291338
4413	0.0	19	145.0	False	0.0003164556962025
4414	0.0	18	149.5	False	0.000667111407605
4415	0.0	20	147.0	False	0.0005858230814294
4416	0.0	20	148.5	False	0.0002909514111143
4417	0.0	20	153.5	False	0.0005673758865248
4418	0.0	20	152.0	False	0.0005733944954128
4419	0.0	22	148.0	False	0.0010167768174885
4420	0.0	21	158.0	False	0.0005228758169934
4421	0.0	22	151.0	False	0.0005074854097944
4422	0.0	22	152.0	False	0.0002510040160642
4423	0.0	22	152.0	False	0.0005067139599695
4424	0.0	22	156.0	False	0.0004959087527894
4425	0.0	22	158.0	False	0.0012348728081007
4426	0.0	22	165.0	False	0.0009449562957713
4427	0.0	22	163.0	False	0.0007057163020465
4428	0.0	22	162.0	False	0.001418104467029
4429	0.0	22	159.5	False	0.0009633911368015
4430	0.0	23	146.0	False	0.0018471484645578
4431	0.0	23	147.0	False	0.0002318571759795
4432	0.0	22	161.5	False	0.000473372781065
4433	0.0	22	160.5	False	0.0004781257470714
4434	0.0	22	160.5	False	0.0004801920768307
4435	0.0	20	165.0	False	0.0007780082987551
4436	0.0	22	162.5	False	0.0004709206498704
4437	0.0	22	163.5	False	0.0002316423442205
4438	0.0	23	162.0	False	0.0002177700348432
4439	0.0	25	186.0	False	0.0005312555339118
4440	0.0	26	182.5	False	0.0011886568177958
4441	0.0	26	180.5	False	0.0020390824129141
4442	0.0	26	184.0	False	0.0008392077878482
4443	0.0	26	188.0	False	0.0003359650596337
4444	0.0	26	186.0	False	0.0005039475894506
4445	0.0	26	186.5	False	0.0001686340640809
4446	0.0	27	186.0	False	0.0001607200257152
4447	0.0	26	189.5	False	0.0006651147322913
4448	0.0	26	192.0	False	0.0001638538423726
4449	0.0	26	190.0	False	0.0009781545484186
4450	0.0	26	190.0	False	0.0006582195162086
4451	0.0	26	184.5	False	0.0001684352366515
4452	0.0	26	192.0	False	0.0001642575558475
4453	0.0	26	192.5	False	0.0003285690816494
4454	0.0	26	193.0	False	0.0004914004914004
4455	0.0	26	187.0	False	0.00016960651289
4456	0.0	26	191.0	False	0.0
4457	0.0	26	190.0	False	0.000330906684315
4458	0.0	26	186.0	False	0.0005017561465127
4459	0.0	26	185.5	False	0.0006749915626054
4460	0.0	26	184.0	False	0.0003401360544217
4461	0.0	26	185.0	False	0.0010169491525423
4462	0.0	26	178.5	False	0.0006824773929363
4463	0.0	26	181.5	False	0.0006830601092896
4464	0.0	26	178.5	False	0.0003463203463203
4465	0.0	26	167.5	False	0.0007174887892376
4466	0.0	25	170.0	False	0.0003638348189921
4467	0.0	26	172.0	False	0.0
4468	0.0	25	175.0	False	0.0005346640527535
4469	0.0	26	175.5	False	0.0001740038280842
4470	0.0	26	178.5	False	0.0003492839678658
4471	0.0	26	178.0	False	0.0005212858384013
4472	0.0	26	175.0	False	0.0003510619624363
4473	0.0	26	174.5	False	0.0003541703559412
4474	0.0	26	172.0	False	0.0003566969859104
4475	0.0	25	174.0	False	0.0003673769287288
4476	0.0	25	171.0	False	0.00036866359447
4477	0.0	25	171.0	False	0.0007403294466037
4478	0.0	25	177.0	False	0.0005519779208831
4479	0.0	25	179.0	False	0.0003638348189921
4480	0.0	26	166.0	False	0.000721891355351
4481	0.0	26	169.5	False	0.000541614009749
4482	0.0	26	180.5	False	0.0007128854036713
4483	0.0	26	191.0	False	0.0003451846738004
4484	0.0	26	203.5	False	0.0009887936717205
4485	0.0	26	213.5	False	0.0007736345350456
4486	0.0	27	215.0	False	0.0002974419988102
4487	0.0	26	210.0	False	0.0006201550387596
4488	0.0	28	211.5	False	0.0005821568912822
4489	0.0	30	251.0	False	0.0006162948354492
4490	0.0	30	253.0	False	0.0003658090476771
4491	0.0	30	262.5	False	0.000956137205689
4492	0.0	30	253.0	False	0.0007394626571358
4493	0.0	30	264.0	False	0.0003576111574681
4494	0.0	30	273.0	False	0.000349935845095
4495	0.0	30	271.5	False	0.0005865102639296
4496	0.0	30	277.5	False	0.0004588734656418
4497	0.0	30	279.0	False	0.0001141422212076
4498	0.0	30	278.5	False	0.00046184043413
4499	0.0	30	290.0	False	0.0004398988232706
4500	0.0	30	287.0	False	0.0002218770800976
4501	0.0	30	292.0	False	0.0003242191721603
4502	0.0	30	296.0	False	0.001064282673478
4503	0.0	30	300.0	False	0.0009540973179264
4504	0.0	30	309.5	False	0.0008246572518297
4505	0.0	30	315.5	False	0.0003061536891519
4506	0.0	30	321.0	False	0.0005034232782923
4507	0.0	30	318.5	False	0.0004039587962027
4508	0.0	30	328.5	False	0.0002939735423811
4509	0.0	30	334.0	False	0.0008637236084452
4510	0.0	30	337.0	False	0.0004771447657219
4511	0.0	30	338.0	False	0.0002849002849002
4512	0.0	30	334.5	False	0.0005731753916698
4513	0.0	30	331.0	False	0.0008724311748739
4514	0.0	30	321.0	False	0.0008007206485837
4515	0.0	30	319.0	False	0.000509009467576
4516	0.0	30	321.0	False	0.0006143135046585
4517	0.0	30	323.0	False	0.0002020814388198
4518	0.0	30	324.5	False	0.0002019386106623
4519	0.0	30	327.5	False	0.0009009009009009
4520	0.0	30	323.5	False	0.0005068423720223
4521	0.0	30	330.0	False	0.0005858802851284
4522	0.0	30	334.0	False	0.0001943256898561
4523	0.0	30	336.0	False	0.0006710122699386
4524	0.0	30	340.5	False	0.0004747436384352
4525	0.0	30	338.5	False	0.0003828483920367
4526	0.0	30	346.5	False	0.0004643819076808
4527	0.0	30	343.5	False	0.0001874414245548
4528	0.0	30	356.5	False	0.0006323967838106
4529	0.0	30	353.5	False	0.0002855511136493
4530	0.0	30	355.5	False	0.0003568879371877
4531	0.0	30	368.5	False	0.0002609149417289
4532	0.0	30	372.5	False	0.0004314436103201
4533	0.0	30	377.5	False	0.0004262211235188
4534	0.0	30	377.0	False	0.0003397604688694
4535	0.0	30	384.0	False	8.451656524678837e-05
4536	0.0	30	379.5	False	0.000593471810089
4537	0.0	30	379.0	False	0.0006750485191123
4538	0.0	30	404.5	False	0.0007195970256656
4539	0.0016393486643537663	30	409.0	False	0.0016795968967447
4540	0.0	30	415.0	False	0.0006266645777847
4541	0.0	30	413.5	False	0.0007071580105287
4542	0.0	30	411.5	False	0.0003922799309587
4543	0.0	30	406.5	False	0.0001599488163787
4544	0.0	30	413.5	False	0.0007870297497245
4545	0.0	30	417.0	False	0.0003885003885003
4546	0.0	30	422.0	False	0.0003807203228508
4547	0.0	30	431.5	False	0.0008250206255156
4548	0.0	30	442.0	False	0.0002218278615794
4549	0.0	30	453.5	False	0.0004319654427645
4550	0.0	30	463.0	False	0.0004235493434985
4551	0.0	30	464.5	False	0.0002814126917123
4552	0.0	30	460.0	False	0.0014078558355624
4553	0.0	30	459.5	False	0.000353781928819
4554	0.0	30	451.0	False	0.0009379509379509
4555	0.0	30	465.5	False	0.0007723092045215
4556	0.0	30	461.5	False	0.00098356048897
4557	0.0	30	462.0	False	0.0004229223937407
4558	0.0	30	456.5	False	0.000428234958247
4559	0.0	30	444.5	False	0.0002907399331298
4560	0.0	30	444.0	False	0.0001482140210463
4561	0.0	30	421.5	False	0.0011806375442739
4562	0.0	30	431.0	False	0.0002305918524212
4563	0.0	30	429.5	False	0.0003091667954861
4564	0.0	30	388.0	False	0.0005004170141784
4565	0.0	30	381.5	False	0.0006887052341597
4566	0.0	30	380.0	False	8.483203257550051e-05
4567	0.0	30	380.5	False	0.0004203446826397
4568	0.0	30	383.5	False	0.000590966652596
4569	0.0	30	379.0	False	0.000677793781242
4570	0.0	30	377.5	False	0.0004183400267737
4571	0.0	30	381.5	False	0.000248776847168
4572	0.0	30	379.5	False	0.0005875440658049
4573	0.0	30	391.0	False	0.0008917713822456
4574	0.0	30	425.5	False	0.0002290426019239
4575	0.0	30	426.0	False	0.0003779860901118
4576	0.0	30	420.5	False	0.0003056701818737
4577	0.0	30	414.0	False	0.0007744733581164
4578	0.0	30	408.5	False	7.919537499010058e-05
4579	0.0	30	404.5	False	0.0005580802040979
4580	0.0	30	412.0	False	0.0003125976867771
4581	0.0	30	433.5	False	0.0002987303958177
4582	0.0	30	437.5	False	0.0005951052592427
4583	0.0	30	432.5	False	0.0006711409395973
4584	0.0	30	429.5	False	0.0003010914565299
4585	0.0	30	451.0	False	0.0010236162901221
4586	0.0	30	487.0	False	0.000743142818538
4587	0.0	30	489.5	False	0.0002018706681919
4588	0.0	30	486.5	False	0.0004067245119305
4589	0.0	30	487.5	False	0.0002034036205844
4590	0.0	30	485.5	False	0.0002729257641921
4591	0.0	30	482.0	False	0.0007497273718647
4592	0.0	30	491.5	False	0.000267558528428
4593	0.0	30	502.5	False	0.0003278473542718
4594	0.0	30	504.0	False	0.0005890823406205
4595	0.0	30	500.0	False	0.0006580246101204
4596	0.0	30	522.5	False	0.0003798910978852
4597	0.0	30	520.5	False	0.0005104319530402
4598	0.0	30	529.0	False	0.0006307158625039
4599	0.0	30	538.0	False	0.0002494698765124
4600	0.0	30	539.0	False	0.0005609224057338
4601	0.0	30	525.0	False	0.0006327111673521
4602	0.0	30	525.0	False	0.0006370644072115
4603	0.0	30	512.0	False	0.0003228305785123
4604	0.0	30	528.5	False	0.0006891366996616
4605	0.0	30	554.0	False	0.0005336179295624
4606	0.0	30	590.0	False	0.0002250858139665
4607	0.0	30	594.5	False	0.0005583784689262
4608	0.0	30	598.5	False	0.0006110092762317
4609	0.0	30	605.5	False	0.0006019151846785
4610	0.0	30	622.5	False	0.0002664535038635
4611	0.0	30	633.5	False	0.0004188262394639
4612	0.0012353464453705733	30	632.5	False	0.001615929941618
4613	0.0	30	624.5	False	0.0011082963901203
4614	0.0	30	620.5	False	0.0004253283002817
4615	0.0	30	616.0	False	0.0004828844296598
4616	0.001324114482009219	30	621.0	False	0.0015932869509798
4617	0.0	30	665.0	False	0.0004506534474988
4618	0.0	30	688.0	False	0.0004356876603572
4619	0.0	30	682.5	False	0.0007775294003304
4620	0.0012019300222472626	30	681.0	False	0.0012150668286755
4621	0.0	30	699.0	False	0.0001893849723024
4622	0.0	30	684.5	False	0.0003381479155596
4623	0.0	30	684.5	False	0.0007299270072992
4624	0.0	30	688.0	False	0.0005820157144242
4625	0.0	30	691.0	False	0.0003379193820902
4626	0.0	30	697.0	False	0.0006214446197236
4627	0.0	30	720.0	False	0.000739918608953
4628	0.0	30	730.0	False	0.0003185582961681
4629	0.0	30	740.0	False	0.0003583266147093
4630	0.0	30	747.5	False	0.0001794285201632
4631	0.0	30	742.5	False	0.0005379477294122
4632	0.0	30	751.0	False	0.0003548930884571
4633	0.0	30	818.0	False	0.0004870920603994
4634	0.0	30	824.5	False	0.0006053024494572
4635	0.0	30	837.0	False	0.0005997121381736
4636	0.0	30	839.0	False	0.0005938947618482
4637	0.0	30	835.0	False	0.000475078189952
4638	0.0008209832838121057	30	852.0	False	0.0006999533364442
4639	0.0	30	854.0	False	0.0004288164665523
4640	0.00042517006802721087	30	896.0	False	0.0007835528525055
4641	0.0	30	906.0	False	0.0005551032492043
4642	0.0	30	906.0	False	0.0005952823870823
4643	0.0	30	920.0	False	0.0004766269477543
4644	0.0	30	888.0	False	0.0004211009876732
4645	0.0	30	936.0	False	0.0004704519958021
4646	0.0	30	947.5	False	0.0006533435818601
4647	0.0	30	947.0	False	0.0004643022965105
4648	0.0	30	942.5	False	0.0003962964297294
4649	0.0	30	958.0	False	0.000776836158192
4650	0.00044682752457551384	30	970.0	False	0.0009782342871117
4651	0.0	30	972.5	False	0.0006647075286873
4652	0.000865596651428871	30	984.5	False	0.0008275576704251
4653	0.0003831417624521073	30	988.5	False	0.0007225184930328
4654	0.0	30	1001.5	False	0.0006447234475738
4655	0.0	30	996.0	False	0.0005340739158299
4656	0.0	30	969.5	False	0.0007283068599569
4657	0.0	30	978.0	False	0.0003098853424233
4658	0.0	30	974.5	False	0.0004493760586262
4659	0.0	30	969.5	False	0.0003111602821186
4660	0.0	30	961.5	False	0.0004837427870495
4661	0.0	30	946.5	False	0.0006663159740487
4662	0.0	30	963.5	False	0.0006199841559604
4663	0.0	30	1018.5	False	0.0004216535305374
4664	0.0	30	1117.5	False	0.0004738634680882
4665	0.00034317089910775565	30	1135.0	False	0.0007867362102625
4666	0.0008250965505926467	30	1175.5	False	0.0009817396426467
4667	0.0	30	1193.5	False	0.0003863028062139
4668	0.0	30	1207.5	False	0.0003557647573958
4669	0.0007254409745578234	30	1252.5	False	0.0009975062344139
4670	0.0006433230147825655	30	1286.0	False	0.0008378186249619
4671	0.0	30	1325.0	False	0.0006004202942059
4672	0.0	30	1343.5	False	0.0003940401428395
4673	0.0	30	1374.0	False	0.0003848744347156
4674	0.0	30	1376.0	False	0.0004088700755207
4675	0.0005142142763621927	30	1376.5	False	0.0004552861113773
4676	0.0005442784431385974	30	1424.0	False	0.0006978691727924
4677	0.0005361863291302147	30	1504.5	False	0.0005247507433968
4678	0.0	30	1551.5	False	0.0003594080338266
4679	0.00023573785950023574	30	1554.5	False	0.0005063611620988
4680	0.0005210012209020819	30	1614.0	False	0.0005898864977014
4681	0.0	30	1602.0	False	0.0002869558088054
4682	0.00043174949017704884	30	1613.0	False	0.000466228816995
4683	0.0	30	1627.0	False	0.0002614536824745
4684	0.0	30	1676.5	False	0.000372001957905
4685	0.0005273931705064325	30	1695.5	False	0.0005410837133802
4686	0.0004302072286659227	30	1696.0	False	0.0004403683777211
4687	0.0	30	1731.5	False	0.0003756644565074
4688	0.0	30	1751.5	False	0.0003164380246821
4689	0.0004160651163112759	30	1798.0	False	0.000544069640914
4690	0.00047778581316269093	30	1824.5	False	0.0004472912044657
4691	0.0	30	1868.5	False	0.0004896474538332
4692	0.0004654567607242451	30	1888.5	False	0.0005191658734965
4693	0.0	30	1876.0	False	0.0003482379161443
4694	0.0005115926100382059	30	1955.0	False	0.0006341365729924
4695	0.0003803004510960665	30	1969.0	False	0.0004786979415988
4696	0.00016286644951140066	30	1970.0	False	0.0004630701551285
4697	0.0003665691119836388	30	2044.0	False	0.0004464356893445
4698	0.00015508684863523573	30	2068.5	False	0.0003149457505944
4699	0.00040065924983903156	30	2059.0	False	0.000535062319023
4700	0.00048315999001243774	30	2068.5	False	0.0005336765606115
4701	0.0	30	2079.5	False	0.0002810304449648
4702	0.0	30	2074.0	False	0.0002965645340034
4703	0.0001926782273603083	30	2072.5	False	0.0004076385187043
4704	0.0	30	2081.5	False	0.0002498360450954
4705	0.0	30	2058.5	False	0.0002842613941442
4706	0.0005813313796841958	30	1981.0	False	0.0006079027355623
4707	0.0003600361086078897	30	2080.5	False	0.0003280327407916
4708	0.00040470643011270154	30	2015.0	False	0.0003881861999805
4709	0.00046452327490202746	30	2068.5	False	0.0004244482173174
4710	0.0005170987313844458	30	2030.0	False	0.0005251599350711
4711	0.00020807324178110696	30	2087.5	False	0.0004323923651862
4712	0.0001733102253032929	30	2158.0	False	0.0003740834954361
4713	0.00036053975287486423	30	2205.0	False	0.0003669132323588
4714	0.0006798124808210619	30	2191.0	False	0.0006935222074664
4715	0.0007425135509756427	30	2168.0	False	0.0009565945234963
4716	0.000611981601286414	30	2180.0	False	0.000697029468033
4717	0.0004674653306560683	30	2201.5	False	0.0004252635901045
4718	0.0003662446726068677	30	2209.0	False	0.0003356341296131
4719	0.00043180178192314114	30	2213.5	False	0.0004963721038877
4720	0.00016589250165892502	30	2206.0	False	0.0003802281368821
4721	0.0003702954669107158	30	2206.0	False	0.0004100101038204
4722	0.00016722408026755852	30	2204.0	False	0.0004247155138325
4723	0.00036122043754210545	30	2247.0	False	0.000329460973199
4724	0.00038686809548952206	30	2275.5	False	0.00038515306268
4725	0.00033585268908872985	30	2298.5	False	0.0005246664114235
4726	0.0	30	2256.5	False	0.0003000771626989
4727	0.00040359846901971984	30	2315.5	False	0.0004884566207421
4728	0.0005821505325555582	30	2313.5	False	0.000706146241502
4729	0.00033115339077633484	30	2407.0	False	0.000349119815235
4730	0.0004601239975454411	30	2416.5	False	0.0005188239989357
4731	0.00035687834784362704	30	2433.5	False	0.0004349144009383
4732	0.0	30	2420.5	False	0.0003125467121444
4733	0.0004386189302583399	30	2409.0	False	0.0004760330578512
4734	0.0003188557089247281	30	2403.5	False	0.000465685622289
4735	0.0004473384462297988	30	2479.5	False	0.0004427198624964
4736	0.0	30	2488.0	False	6.467803275295579e-05
4737	0.00038460062634115816	30	2446.5	False	0.0004728505004334
4738	0.0004975989499827093	30	2501.0	False	0.0005304971146132
4739	0.0004168510180534229	30	2440.5	False	0.0004439899900438
4740	0.00034952267699223046	30	2424.5	False	0.0003764149167854
4741	0.0	30	2368.5	False	0.0002482827112472
4742	0.00044445708677935724	30	2349.5	False	0.0004856457006479
4743	0.0003500455940197873	30	2373.0	False	0.0003843303044445
4744	0.0	30	2351.5	False	0.0004576912941568
4745	0.0	30	2326.5	False	0.0002956497254681
4746	0.0	30	2274.0	False	0.0002157124983821
4747	0.00030914039636688957	30	2208.0	False	0.0003260563484653
4748	0.0	30	2240.5	False	0.0002188215728894
4749	0.001653778131312717	30	2213.5	False	0.0019476782789606
4750	0.0004713071784476819	30	2230.0	False	0.0005727713320605
4751	0.0004317886696490412	30	2206.0	False	0.0004882668008167
4752	0.0006849103101397673	30	2129.5	False	0.0009271564112865
4753	0.000510619958213486	30	2108.5	False	0.0005771510575903
4754	0.0005290725432479373	30	2102.5	False	0.0009113908138091
4755	0.0006219077365322424	30	2080.5	False	0.0009727471335852
4756	0.0010782654662643107	30	2067.5	False	0.0010491344640671
4757	0.0004843570271877926	30	2065.0	False	0.0005710116422929
4758	0.00045395177780974236	30	2038.0	False	0.0004485023226013
4759	0.0005196183255572835	30	2012.5	False	0.0006049606775559
4760	0.0004444968505013206	30	1964.5	False	0.0005309528945228
4761	0.00045840213392865024	30	1974.0	False	0.0004639602319801
4762	0.0030056530961588244	30	1952.0	False	0.0029458039031901
4763	0.0005653091896137778	30	1939.5	False	0.0007750240088959
4764	0.0004529119011122902	30	1915.0	False	0.0004960572005268
4765	0.004160978553339665	30	1863.0	False	0.0046580044128462
4766	0.0007961452142290389	30	1870.0	False	0.0008731336767659
4767	0.0005734629879275786	30	1841.0	False	0.0006570068896938
4768	0.0004581754690592305	30	1789.5	False	0.0004715099198433
4770	0.0	30	1710.5	False	0.0005056558543711
4771	0.0005720853755603033	30	1748.0	False	0.0006453159282408
4772	0.0004250156537956101	30	1735.5	False	0.0005889057750759
4773	0.0	30	1707.0	False	0.0003603261900246
4774	0.0	30	1771.5	False	0.000311059064627
4775	0.0004320632968529663	30	1786.0	False	0.000454124357414
4776	0.0005692776021088051	30	1789.5	False	0.0006496670456391
4777	0.0004876283620442066	30	1796.5	False	0.000612083243321
4778	0.0005438664200192527	30	1839.0	False	0.0005997847831072
4779	0.0	30	1894.5	False	0.0002062387213199
4780	0.0005035350135581746	30	1931.5	False	0.0005578470484819
4781	0.00042386079556929927	30	1985.5	False	0.0004289650393492
4782	0.00046489191532877983	30	2005.0	False	0.0004567103803745
4783	0.0003841270187877727	30	2035.5	False	0.0004034014812902
4784	0.0	30	2020.0	False	0.0003716811299106
4785	0.00041711242906751695	30	2121.5	False	0.0003381753900545
4786	0.00017029972752043596	30	2197.0	False	0.0004329068951618
4787	0.00048157960894761693	30	2168.5	False	0.0005414266592471
4788	0.0004360431955587665	30	2189.0	False	0.0005207480918302
4789	0.0	30	2206.5	False	0.0002821796147505
4790	0.0004468878395389108	30	2238.0	False	0.0006322506653335
4791	0.0	30	2248.0	False	0.0002934186203456
4792	0.00043334274416991165	30	2241.5	False	0.0005132416341613
4793	0.0004595612499474651	30	2245.5	False	0.0005290616503784
4794	0.0006628012231126199	30	2255.0	False	0.0007421312262627
4795	0.0004336579499412794	30	2370.0	False	0.0005686152139241
4796	0.00041457068160252004	30	2432.5	False	0.0004468880342343
4797	0.0007617137234558887	30	2474.5	False	0.0007347145967752
4798	0.0006578324544622735	30	2479.5	False	0.0007578376366102
4799	0.0006880911379492022	30	2524.5	False	0.0008182668329177
4800	0.0005237808358672467	30	2637.5	False	0.001128257844526
4801	0.0003396631186647071	30	2771.0	False	0.0004954143960173
4802	0.0	30	2734.0	False	0.0003031736214695
4803	0.0005462514797418567	30	2732.0	False	0.0005196060660987
4804	0.0003757442177884922	30	2709.0	False	0.0004762369950666
4805	0.0002905957005166015	30	2809.5	False	0.0003180811460345
4806	0.00034422916480562156	30	2820.0	False	0.0004230913877397
4807	0.0002930960071489161	30	2880.0	False	0.0003596496316491
4808	0.00036161235182031814	30	2973.5	False	0.0003931965758195
4809	0.0004541654215389941	30	3020.0	False	0.0004968368056705
4810	0.00039060420042141136	30	3060.5	False	0.0005610561056105
4811	0.0003335886769328211	30	3024.5	False	0.0003878073373148
4812	0.00034024353543070124	30	3025.5	False	0.0004545504939079
4813	0.000543615366391292	30	2986.5	False	0.0006877579092159
4814	0.00025731020610679804	30	3061.5	False	0.0003068560406803
4815	0.000501637398823247	30	3117.5	False	0.0005600008615397
4816	0.00043522057215170383	30	3211.0	False	0.0004932829554995
4817	0.00034031963996856486	30	3235.0	False	0.0004582999156311
4818	0.00033141423522448045	30	3227.5	False	0.0004807390840875
4819	0.00030848813229127824	30	3209.5	False	0.0003981600813084
4820	0.0003550834609303388	30	3292.5	False	0.0003880996394758
4821	0.0001222195062331948	30	3370.5	False	0.0002910974373387
4822	0.0004440070345722412	30	3326.5	False	0.0004756074113801
4823	0.00028594170352282794	30	3363.5	False	0.0002709129767315
4824	0.00033595041276445066	30	3375.0	False	0.0004797121726963
4825	0.00031322490892394736	30	3499.0	False	0.0004055189193886
4826	0.0004465282651693996	30	3578.0	False	0.0005203208960871
4827	0.0005188545414510268	30	3657.0	False	0.0005840796573399
4828	0.00044192244661389374	30	3716.0	False	0.0005379334239006
4829	0.000412231055974063	30	3771.5	False	0.0004750508662955
4830	0.00046205383543646017	30	3799.5	False	0.0006140210368946
4831	0.0004261935234564422	30	3780.5	False	0.0004757886421171
4832	0.0004306235967091184	30	3777.5	False	0.0004924785100286
4833	0.0006625702314452917	30	3623.5	False	0.00069700011152
4834	0.00046735414537834707	30	3888.0	False	0.0005749679847372
4835	0.00025233841751102863	30	3900.0	False	0.0004253804550702
4836	0.0004547335556293106	30	3892.5	False	0.0005556230791936
4837	0.00024280559850357015	30	3948.5	False	0.0002643111709837
4838	0.0004594467826282085	30	3908.5	False	0.0005168893598325
4839	0.0007820139542478264	30	4038.5	False	0.0007927964015388
4840	0.0004548961018645218	30	4073.0	False	0.0005373188615453
4841	0.0005446732944064303	30	4062.0	False	0.0005643106696209
4842	0.00039124115746767786	30	4037.0	False	0.0004424372448681
4843	0.0004947659135331899	30	4057.5	False	0.0006735462626497
4844	0.0003551500650300428	30	4070.5	False	0.000464842161184
4845	0.0005253616817641782	30	4074.5	False	0.0006551069316947
4846	0.0004369268761277743	30	4187.5	False	0.0005319534782503
4847	0.0006297094169901629	30	4224.5	False	0.0007112034521336
4848	0.000522679424242627	30	4224.0	False	0.0007187866880705
4849	0.00040518372703412077	30	4216.5	False	0.0006098197019907
4850	0.0004913986621303695	30	4259.0	False	0.0005643031248285
4851	0.00031233182366465254	30	4272.5	False	0.0003979276551917
4852	0.0004821331951052034	30	4263.5	False	0.0005002149361053
4853	0.00042644518367872773	30	4302.0	False	0.0006046792874087
4854	0.000518397759422163	30	4366.5	False	0.0005134296333192
4855	0.00035964922010089256	30	4407.5	False	0.0004489013330087
4856	0.00031819015328761675	30	4425.5	False	0.0003106978577003
4857	0.0002418869226137234	30	4445.5	False	0.0003833001390402
4858	0.00042228439359371246	30	4440.0	False	0.000442421470189
4859	0.0003609299117416475	30	4440.5	False	0.0004124051468162
4860	0.0004670345555574395	30	4452.0	False	0.0004579820260824
4861	0.0004259789723513278	30	4321.5	False	0.0005242383125693
4862	0.00032242247024532906	30	4327.5	False	0.0003993579552872
4863	0.000658155629640094	30	4258.5	False	0.0007174720029946
4864	0.0005366719866568894	30	4252.5	False	0.0007004000062257
4865	0.0003631973554088742	30	4199.5	False	0.0004319043842221
4866	0.0003107259245220708	30	4187.5	False	0.0004177274052822
4867	0.0003677822853313539	30	4206.0	False	0.0004393707583068
4868	0.00039069215378594187	30	4218.5	False	0.0004075618396714
4869	0.0005415480639300544	30	4345.5	False	0.000617279246462
4870	0.00040239228507815586	30	4327.0	False	0.0004214559386973
4871	0.00035849446844223856	30	4282.0	False	0.0004170753747885
4872	0.0003435466320595282	30	4268.5	False	0.0003708768920516
4873	0.0003287910777842492	30	4226.5	False	0.0004290071215182
4874	0.000432912115467219	30	4158.0	False	0.0005084530316512
4875	0.0006118629157542067	30	4192.0	False	0.0006226993623243
4876	0.000826947324677171	30	4072.5	False	0.0014386977360717
4877	0.0004404626696517882	30	4062.5	False	0.0005012288190402
4878	0.0007224429243343814	30	4044.5	False	0.0008737864077669
4879	0.0005409808938277262	30	4025.5	False	0.0006107491856677
4880	0.0004006677582622924	30	4076.0	False	0.0005423783696268
4881	0.0004999164619855191	30	4188.0	False	0.0006099251455503
4882	0.000502339372507226	30	4232.5	False	0.0005652511834946
4883	0.0007457125697889094	30	4204.0	False	0.0007027406886858
4884	0.0010348798161251178	30	4176.0	False	0.0011201792286765
4885	0.00039835851350630315	30	4221.0	False	0.0004808639785581
4886	0.0004973084147921838	30	4381.5	False	0.0005097731889736
4887	0.0003803886706971371	30	4374.5	False	0.0003842134382492
4888	0.0005345458935943263	30	4534.0	False	0.0005759730621829
4889	0.00034654995932653144	30	4551.0	False	0.0004859658940299
4890	0.0005305733058780992	30	4547.5	False	0.0006032339223446
4891	0.00044337351572389176	30	4497.5	False	0.0005381688803844
4892	0.0003386447404231586	30	4550.0	False	0.0003604796586478
4893	0.00040213178294573647	30	4540.5	False	0.0004569878603386
4894	0.0004980951101854838	30	4517.0	False	0.0005788626091861
4895	0.0002404349037162377	30	4528.5	False	0.0003256485216297
4896	0.0003709121268012637	30	4502.0	False	0.0004496200710399
4897	0.0005086742343114157	30	4467.5	False	0.0004990208605841
4898	0.00043244301861454097	30	4620.0	False	0.0004719172910495
4899	0.0002673250522317725	30	4694.0	False	0.0003935571122925
4900	0.000289719333189066	30	4693.5	False	0.000422394043528
4901	0.00024216791035629501	30	4665.0	False	0.0003317012669546
4902	0.0003380323080505505	30	4617.5	False	0.0004244295812782
4903	0.00042514212462328943	30	4545.5	False	0.0004991172329536
4904	0.0004449979844987224	30	4550.0	False	0.0004671095557269
4905	0.0004618063646869869	30	4415.5	False	0.0005374981763454
4906	0.00036859810443024216	30	4545.0	False	0.0004012721814344
4907	0.00046769508477041374	30	4405.0	False	0.0005974081676419
4908	0.0006029761876017133	30	4541.5	False	0.0006454005934718
4909	0.00035143235702118745	30	4533.5	False	0.0003865366317792
4910	0.00037299442726088886	30	4554.0	False	0.0004149316103792
4911	0.0005784329331930873	30	4483.0	False	0.0006419697141346
4912	0.0005093308953626013	30	4501.0	False	0.0004842867573648
4913	0.0005019341490115587	30	4506.0	False	0.0006304507723021
4914	0.00029105782718215757	30	4566.5	False	0.0003155870653338
4915	0.0005151344716577857	30	4537.0	False	0.0006750391300155
4916	0.000253463888703303	30	4621.0	False	0.0003280242008965
4917	0.00032594080953138663	30	4699.5	False	0.0004946530362274
4918	0.00032876409768545754	30	4687.0	False	0.0003663766783284
4919	0.0003452287140230403	30	4743.0	False	0.0003473773013746
4920	0.000457918718878085	30	4753.5	False	0.0005235490968778
4921	0.0005456784824962044	30	4674.0	False	0.0004895044487316
4922	0.0004358054459585388	30	4720.5	False	0.0004706285029735
4923	0.0002831781123941745	30	4714.5	False	0.0003077077206013
4924	0.00045139240301834223	30	4723.0	False	0.0005137059604161
4925	0.0003834122419200175	30	4590.0	False	0.0004320160504946
4926	0.0004300628233555063	30	4655.0	False	0.000519803052399
4927	0.0005203273970138514	30	4642.5	False	0.0005374352717316
4928	0.000577615885436185	30	4639.0	False	0.0008698299482451
4929	0.0004076231170477987	30	4622.5	False	0.0004856973018427
4930	0.0007545035028232506	30	4546.0	False	0.000776713392758
4931	0.0010443964901122775	30	4619.5	False	0.0010867266189673
4932	0.00043097274110152244	30	4633.5	False	0.0004652177073489
4933	0.0016248574887667616	30	4603.5	False	0.0017246314059048
4934	0.00048685643560056905	30	4632.0	False	0.0004963286279433
4935	0.0010075761035586881	30	4402.5	False	0.0011770679468242
4936	0.0005351070441421341	30	4600.0	False	0.0005785002929115
4937	0.0009149646120149184	30	4505.5	False	0.0011079585863047
4938	0.0009851983680718573	30	4586.0	False	0.0011844070240486
4939	0.0006282563164887135	30	4583.5	False	0.0007075888908544
4940	0.00033542617968988016	30	4689.5	False	0.0003883830319768
4941	0.0006601217709238556	30	4655.5	False	0.0006422375846093
4942	0.00032786888770426094	30	4700.0	False	0.0004001171771733
4943	0.0004685490624794622	30	4655.0	False	0.0004899912089812
4944	0.0003059479228409791	30	4620.0	False	0.0003199325233223
4945	0.00040047087507803146	30	4553.5	False	0.0006055324993723
4946	0.0003445953735150554	30	4627.0	False	0.0003988657707899
4947	0.006441436883486813	30	4578.0	False	0.0076739065231863
4948	0.00038316504008631267	30	4600.0	False	0.0004293907018718
4949	0.0003378671352609598	30	4632.0	False	0.0003897031760808
4950	0.0005965330049459213	30	4605.5	False	0.0006650053711972
4951	0.00035569022120730993	30	4545.5	False	0.000433329661048
4952	0.000307708486558819	30	4552.5	False	0.0003522651382273
4953	0.00043560058572924713	30	4512.5	False	0.0004656697883789
4954	0.0003803578697847599	30	4469.5	False	0.0004714051615123
4955	0.0003748767231639132	30	4487.5	False	0.000439845532213
4956	0.00026921738878339397	30	4408.5	False	0.0003181022926086
4957	0.0004415248173361761	30	4334.5	False	0.000531652591999
4958	0.00033925799225778514	30	4302.5	False	0.000386838216521
4959	0.0007137075781344596	30	4294.5	False	0.0007516815969746
4960	0.00038104798903638667	30	4224.0	False	0.0004482576931243
4961	0.0007458810405242104	30	4202.0	False	0.000822439957929
4962	0.0007267695154447434	30	4230.5	False	0.000768302052464
4963	0.0005350248381802831	30	4137.0	False	0.0005856867779204
4964	0.0004628884886204819	30	4111.5	False	0.0005726175882314
4965	0.00034360039713799697	30	4061.5	False	0.0003751090670385
4966	0.0001984715214413761	30	4094.5	False	0.0002987653722858
4967	0.0003193339188777163	30	4028.5	False	0.0003458441066517
4968	0.000403171982484178	30	4062.5	False	0.0003922594142259
4969	0.0003320828177497583	30	4094.0	False	0.0003883338052667
4970	0.000275769467631625	30	4057.0	False	0.0004065900108966
4971	0.0002355824979490416	30	4095.5	False	0.0002808943676666
4972	0.0005843504263231315	30	4081.5	False	0.0006705770194063
4973	0.002005597211891089	30	3931.5	False	0.0018336123003423
4974	0.0003007333318382633	30	3975.5	False	0.0003923139847414
4975	0.0002759937963775891	30	4064.0	False	0.0004436156317004
4976	0.00026624256881264605	30	4148.0	False	0.0003565813572783
4977	0.0001980491899921443	30	4220.0	False	0.000295392672665
4978	0.00035932372902763496	30	4263.5	False	0.0003951507104809
4979	0.00035169297123273857	30	4314.0	False	0.0004621216868224
4980	0.00021254046569445554	30	4346.0	False	0.0002874724181869
4981	0.00019595810030324172	30	4377.5	False	0.0002546669650643
4982	0.0003614389365132034	30	4475.5	False	0.0004153262954404
4983	0.00022487553400675904	30	4473.0	False	0.0004099760847283
4984	0.0004263879648136367	30	4458.0	False	0.0004883967613189
4985	0.00035718215524458796	30	4434.0	False	0.0004586384553056
4986	0.00035776246845629645	30	4342.5	False	0.0003966093786453
4987	0.00047948247108831445	30	4451.0	False	0.0005178230111408
4988	0.0003753405519031143	30	4338.0	False	0.0003671387393861
4989	0.0003665693582684704	30	4364.5	False	0.0004038552644863
4990	0.0004944883061351553	30	4368.5	False	0.0005690055653421
4991	0.00026708990472866745	30	4363.5	False	0.0003429248371107
4992	0.0003769502370989643	30	4286.5	False	0.0005032069458533
4993	0.0007937482370245003	30	4245.0	False	0.0008249423753487
4994	0.0003883553715580591	30	4210.5	False	0.0004228226665474
4995	0.00037870721888230463	30	4212.0	False	0.0004132599729355
4996	0.0006267416704973678	30	4258.0	False	0.0007417924257409
4997	0.00036869828062693595	30	4375.5	False	0.0003951313618086
4998	0.00020747877269656817	30	4425.0	False	0.0002613916800565
4999	0.0004362635216241809	30	4382.5	False	0.00047924187028
5000	0.000207074854058166	30	4365.5	False	0.0002797398419469
5001	0.00020667813397876934	30	4275.5	False	0.0002601743956858
5002	0.0007796421368407786	30	4223.0	False	0.0009990648752767
5003	0.0002580106291615086	30	4206.5	False	0.0002977867203219
5004	0.0004784332776848015	30	4186.5	False	0.0005594564353706
5005	0.0004258301377577029	30	4200.5	False	0.0004215954143391
5006	0.00039864728495533593	30	4124.5	False	0.0004198982364274
5007	0.0003550082527167467	30	4043.0	False	0.0004538654204979
5008	0.00024170762097675225	30	3957.5	False	0.0003195384827967
5009	0.0004511028505875016	30	3960.5	False	0.0005453601108033
5010	0.0004265345419297372	30	3922.0	False	0.0004889932850743
5011	0.000586785659258035	30	3783.5	False	0.0006387476946606
5012	0.0004078634713716925	30	3995.0	False	0.0003865946168847
5013	0.0009685715005244623	30	3876.0	False	0.0010482734319943
5014	0.0004361071865316348	30	3970.5	False	0.0004049350380811
5015	0.0002240943649946574	30	3984.5	False	0.000291607701874
5016	0.0006261550941218776	30	3829.0	False	0.000699449294353
5017	0.00027904446889716935	30	3934.5	False	0.0004133761636969
5018	0.00024621448637166595	30	3962.0	False	0.0004290593303241
5019	0.00021717532865646487	30	3907.5	False	0.0003297981288295
5020	0.000267890365168368	30	3834.0	False	0.0003793693646004
5021	0.00031591902308010576	30	3769.0	False	0.0003675317108152
5022	0.0005128612938722138	30	3689.0	False	0.0005813470641973
5023	0.00043150189097441413	30	3792.5	False	0.0005286122584286
5024	0.00026829189150532045	30	3760.0	False	0.0003351843967133
5025	0.0003169341382859229	30	3724.0	False	0.0003918709559828
5026	0.00036357556394194814	30	3632.0	False	0.0003951602280639
5027	0.0004034927061242851	30	3659.5	False	0.0004568466393801
5028	0.0003033632399157241	30	3634.0	False	0.0004215219753456
5029	0.0002771914907472797	30	3650.0	False	0.0004026292627202
5030	0.0002821481558772655	30	3709.5	False	0.0003786304659001
5031	0.0005765699522788225	30	3707.5	False	0.0008412994841262
5032	0.0003009182211545419	30	3682.5	False	0.0004458894565722
5033	0.0005131944758552715	30	3667.0	False	0.0006533080720878
5034	0.0002950983128708691	30	3675.5	False	0.0003721380259938
5035	0.00045118380534100663	30	3694.0	False	0.0004572900432092
5036	0.0004808270155325444	30	3766.0	False	0.0004270286671086
5037	0.00023236978229365456	30	3773.0	False	0.0003907194820176
5038	0.0004435840568669055	30	3760.5	False	0.0003812960345212
5039	0.0003389957197348015	30	3788.5	False	0.0004452648862255
5040	0.0004003799780967433	30	3796.5	False	0.0004825806930601
5041	0.00044623256064013763	30	3819.5	False	0.0006082949308755
5042	0.00021400758879884095	30	3876.5	False	0.0003242658980363
5043	0.00046314255063332614	30	3874.0	False	0.0005489215042248
5044	0.0007458099294973992	30	3817.0	False	0.0008409198932397
5045	0.00031140762642946134	30	3785.5	False	0.0003753788121549
5046	0.0003898746064288271	30	3785.0	False	0.0003663044322836
5047	0.00028828948901259334	30	3664.5	False	0.0003827804800627
5048	0.0005337007888211046	30	3663.5	False	0.000607453926956
5049	0.0005656500271771959	30	3655.0	False	0.0006536619073854
5050	0.0004647714374273035	30	3559.0	False	0.0005507287660827
5051	0.001015556288478452	30	3369.0	False	0.0010476482273989
5052	0.00048339659595442847	30	3324.5	False	0.0005302333026531
5053	0.0004503173420995507	30	3230.0	False	0.0005347813566991
5054	0.00044078447222302414	30	3177.5	False	0.0005627579307182
5055	0.0008208648784493939	30	3119.0	False	0.0009607872120277
5056	0.00037317192687017316	30	3083.5	False	0.0004675727660117
5057	0.0004981814515816331	30	3098.0	False	0.000647991756695
5058	0.00039408015750176293	30	2995.0	False	0.0005268010009219
5059	0.00044876757916887327	30	2943.5	False	0.0005015660005127
5060	0.0003895199244472055	30	3051.0	False	0.0004500594721445
5061	0.0002703259320822072	30	3091.5	False	0.0002450197081069
5062	0.0005502962772748305	30	3113.5	False	0.0005491198242816
5063	0.0005350675361728844	30	3032.0	False	0.0006255864873318
5064	0.0005464764323642121	30	3052.5	False	0.0005875628959372
5065	0.00027797898038469044	30	3093.0	False	0.0003286962422597
5066	0.00030110166246882265	30	3193.0	False	0.0003828285859139
5067	0.0003050818891833677	30	3155.0	False	0.0004097628628765
5068	0.0005353840442377895	30	3127.0	False	0.0005313722156095
5069	0.000397784934768729	30	3196.5	False	0.0004712831469146
5070	0.0002501892372831889	30	3185.0	False	0.000315600113616
5071	0.0002768941545930388	30	3183.0	False	0.0003140703517587
5072	0.000411326687876148	30	3049.0	False	0.0003611333019621
5073	0.0003797780298302035	30	2992.5	False	0.0004027476338576
5074	0.00039147789171719996	30	2998.0	False	0.0004040131977644
5075	0.00025938510259064236	30	3123.0	False	0.0003143324770483
5076	0.0003635867055901225	30	3268.5	False	0.0004471109355016
5077	0.00035111581590576183	30	3282.0	False	0.0004352692451187
5078	0.00044588945565736464	30	3296.5	False	0.0003931508975221
5079	0.0003713211673730591	30	3308.0	False	0.0004429382255688
5080	0.00032115212396884247	30	3313.5	False	0.0004303543250609
5081	0.0004399860043909888	30	3361.0	False	0.0005677497845592
5082	0.00030181668031770197	30	3360.5	False	0.0005172518712347
5083	0.000276788609678347	30	3382.5	False	0.0003029935765361
5084	0.0002414587817096051	30	3371.5	False	0.0003440076895836
5085	0.0003203366612838499	30	3362.0	False	0.0003546817997567
5086	0.0005915752964869099	30	3379.0	False	0.0007471804036793
5087	0.00027777743522328866	30	3327.0	False	0.0003488252795732
5088	0.000385573799670716	30	3360.5	False	0.0004480377980978
5089	0.0006579503175219894	30	3385.0	False	0.0006751650123444
5090	0.00039603945229987794	30	3421.5	False	0.0004298538496911
5091	0.00021505866162000522	30	3496.0	False	0.0002769781681851
5092	0.0005588471166674162	30	3459.0	False	0.0006572461386789
5093	0.0003473690205231264	30	3486.5	False	0.0004594274513006
5094	0.000542448388691415	30	3478.0	False	0.0005679610199384
5095	0.0003585887796414112	30	3483.0	False	0.0004471516440275
5096	0.0002621945200107903	30	3484.0	False	0.0002979589809802
5097	0.00024108072513687927	30	3506.5	False	0.0003460686600221
5098	0.0005386958598328751	30	3495.5	False	0.0006334375866027
5099	0.00033637986720120975	30	3549.0	False	0.0004006018798976
5100	0.0002747513992283867	30	3640.5	False	0.0003432592465459
5101	0.0004071651896908838	30	3537.0	False	0.000430052876956
5102	0.0005229455927977895	30	3569.0	False	0.0006477811079957
5103	0.0003549163534699875	30	3628.0	False	0.0004004118521908
5104	0.0002496591138942821	30	3716.0	False	0.0004110804876909
5105	0.0004739949734068602	30	3644.0	False	0.0006549285748184
5106	0.0006549324250233017	30	3574.0	False	0.0006255353138743
5107	0.0005021830813152091	30	3687.0	False	0.0005597537083683
5108	0.0017825508376406241	30	3648.5	False	0.0020173775967872
5109	0.0007402759954968669	30	3572.0	False	0.0007713183830881
5110	0.00039958008775366	30	3793.5	False	0.0005706108253025
5111	0.00033718024914901855	30	3821.0	False	0.0004149527314714
5112	0.0007783195798949738	30	3767.5	False	0.0007995566095165
5113	0.0005463340690501701	30	3798.5	False	0.0005688538948432
5114	0.00032254876462938886	30	3725.0	False	0.0004680401963933
5115	0.0004389421162721308	30	3729.0	False	0.0004986149584487
5116	0.0004977706538899132	30	3678.5	False	0.000533228558599
5117	0.0002973758337782564	30	3692.0	False	0.0003363291541321
5118	0.0003973025578514834	30	3766.5	False	0.0004422944022114
5119	0.0006447624792302092	30	3768.0	False	0.0005931527924521
5120	0.0006526229382096574	30	3726.5	False	0.0006158957083267
5121	0.00035367207092363683	30	3764.0	False	0.0003518746585426
5122	0.00040443688193405626	30	3724.0	False	0.0004123093069455
5123	0.00049518955651478	30	3675.5	False	0.0006417394915158
5124	0.0003391833591126423	30	3923.0	False	0.0004270956605301
5125	0.0004720573679498338	30	3900.0	False	0.0005647387859012
5126	0.0004541224004714213	30	3967.5	False	0.0004314215781225
5127	0.0003489571692370508	30	4000.0	False	0.0003755950561208
5128	0.00029860258626039356	30	3984.5	False	0.0003239844837701
5129	0.00023715079496252023	30	4103.5	False	0.0002792610583147
5130	0.0002503427191825609	30	4184.5	False	0.00034232850177
5131	0.00025602954158782364	30	4257.5	False	0.0003621220351258
5132	0.00042275737533348776	30	4280.0	False	0.0005144074923859
5133	0.00023850496890068397	30	4272.0	False	0.000294100827567
5134	0.0006482565041000569	30	4190.5	False	0.0005564137060474
5135	0.0003772175536881419	30	4222.0	False	0.0004185199166242
5136	0.0016862039062293735	30	4055.0	False	0.0018881304091518
5137	0.0006891051106846435	30	4207.0	False	0.0007139832795078
5138	0.00044331611657243684	30	4232.5	False	0.0005717600265164
5139	0.0009332715725010857	30	4219.0	False	0.0010487764275012
5140	0.000495814920289613	30	4153.5	False	0.0005582717260746
5141	0.0004594575055895298	30	4025.0	False	0.0005855414947913
5142	0.000740892793606481	30	3863.5	False	0.0007740983104854
5143	0.0004229957698638974	30	4104.0	False	0.0005670249233227
5144	0.0004497400002244908	30	4149.5	False	0.0005477143459026
5145	0.0007638313442332044	30	4085.5	False	0.0007152527652182
5146	0.0008330866299078563	30	4183.5	False	0.0008351567589236
5147	0.0005254478977929352	30	4120.0	False	0.0006016743738288
5148	0.0010405928672285797	30	3971.0	False	0.0012326174892797
5149	0.000435062665666114	30	4146.0	False	0.0005376524748815
5150	0.000395286921595768	30	4070.5	False	0.0004762066736963
5151	0.0004367470238591957	30	3982.0	False	0.0005188246891375
5152	0.0004778224628152304	30	3907.0	False	0.000574341936681
5153	0.0006516508252362102	30	3861.0	False	0.0006589668468436
5154	0.00040520340054272077	30	4006.5	False	0.0004146939903929
5155	0.00021839699890551347	30	3949.0	False	0.0003235312120178
5156	0.00032482139020197684	30	3865.5	False	0.0004075882295607
5157	0.00030314385831179205	30	4067.5	False	0.0004083959398636
5158	0.00033332832169653056	30	4036.0	False	0.0003678105861018
5159	0.00040155665670633673	30	4087.5	False	0.0003401100255932
5160	0.00048811975935225433	30	4098.5	False	0.000586565108727
5161	0.00042025726562025344	30	4230.0	False	0.0004119600233993
5162	0.0018871081754776894	30	4187.0	False	0.0017966313162819
5163	0.0005427088179678245	30	4364.0	False	0.0005918390197866
5164	0.0005388215691188524	30	4333.5	False	0.0006429576049829
5165	0.00033628142113667747	30	4320.5	False	0.0004467404194486
5166	0.00044059687741383107	30	4067.0	False	0.000544472329746
5167	0.0003919690559207655	30	4256.5	False	0.0004404028870855
5168	0.00021980659530860335	30	4316.5	False	0.0004201918337333
5169	0.0007418471367703267	30	4295.0	False	0.0011904376275468
5170	0.000505456987920212	30	4364.5	False	0.0005916119025918
5171	0.00039541376321329264	30	4478.5	False	0.0004294191130543
5172	0.00038226657189884786	30	4507.0	False	0.0003645954541928
5173	0.00038404502352718217	30	4451.5	False	0.0004711943205377
5174	0.0003298143049778444	30	4466.0	False	0.0003903383452776
5175	0.00034204682973489704	30	4394.0	False	0.0003177806201488
5176	0.00033127852062216296	30	4373.5	False	0.0004234579737935
5177	0.00023554250916505998	30	4390.5	False	0.0003656597774244
5178	0.00036945227105848944	30	4350.0	False	0.0003778955239481
5179	0.00030581065249239155	30	4240.0	False	0.0003807631818558
5180	0.00021668481529157183	30	4288.5	False	0.0002794949362093
5181	0.0004314295897789528	30	4266.5	False	0.0004788599829922
5182	0.0004196267170793839	30	4238.5	False	0.0004624964899819
5183	0.00026431458257445664	30	4187.0	False	0.0003351374901553
5184	0.00043927337449555437	30	4171.0	False	0.0006375304085227
5185	0.000445840337479072	30	4108.5	False	0.0005756954909497
5186	0.00041714830944472136	30	3983.5	False	0.0005520649859354
5187	0.00021056701407603617	30	4144.5	False	0.0002781641168289
5188	0.0004521968116725762	30	4106.0	False	0.0005974327461422
5189	0.0003327614143558527	30	4173.5	False	0.0003709292621036
5190	0.0003532731561090044	30	4026.5	False	0.0004271864974194
5191	0.00044940584730419095	30	4083.5	False	0.0004949988051752
5192	0.0009416949400522942	30	3492.0	False	0.0012250338109331
5193	0.0003972955057251382	30	4098.0	False	0.0004250869302772
5194	0.00028740874669056676	30	4062.5	False	0.0002913028950367
5195	0.00027679194345861015	30	4136.5	False	0.0003194888178913
5196	0.0004166673177093506	30	4056.0	False	0.000417476059026
5197	0.00028527528800885416	30	4084.5	False	0.0003478024821221
5198	0.0003293820506310986	30	4098.0	False	0.0003277421089784
5199	0.00028209734642286243	30	3995.5	False	0.0003234813402342
5200	0.00020892103513792977	30	3985.5	False	0.0002832156129043
5201	0.0003998271833224801	30	3881.5	False	0.0005822963978248
5202	0.00033552211654173003	30	3983.5	False	0.0004545493529104
5203	0.00031794057335853	30	3943.5	False	0.0003902828249538
5204	0.0004242964444218897	30	3773.0	False	0.0004056319746164
5205	0.0004894909677005393	30	3460.5	False	0.0005275910583085
5206	0.00042569502411426454	30	3696.5	False	0.0004689870798657
5207	0.0003729309424223547	30	3583.0	False	0.0004329167294082
5208	0.0030390778795592764	30	2634.5	False	0.004167925858769
5209	0.0004152818193101736	30	3807.0	False	0.0005348737697903
5210	0.00031721557970796954	30	3839.0	False	0.0003891257052903
5211	0.00041320525634987767	30	3822.5	False	0.0004592503621012
5212	0.0004518198942004574	30	3629.0	False	0.0005244127956722
5213	0.0003938658647929816	30	3893.5	False	0.0005089848771103
5214	0.00042598887828780964	30	3942.5	False	0.0005033485475408
5215	0.00045785501450022693	30	3682.0	False	0.0004874174098277
5216	0.00029953217627312335	30	3935.0	False	0.0003989779373689
5217	0.0004169145300883167	30	3828.5	False	0.0005307578526059
5218	0.0004363852375367462	30	4001.5	False	0.0005857103411344
5219	0.00037785128332528523	30	3938.0	False	0.0003886973568579
5220	0.00039663879982487326	30	3943.0	False	0.0004719764011799
5221	0.00028003538279605645	30	3871.5	False	0.0004089352348821
5222	0.0003493539423478733	30	3960.5	False	0.0003177496634362
5223	0.0002661545961290776	30	3995.0	False	0.0003474577673356
5224	0.00030936519506133517	30	4004.0	False	0.0003646519645624
5225	0.00043304420276313804	30	3974.0	False	0.0005115732975511
5226	0.0002350334602381481	30	4032.5	False	0.0003135882750994
5227	0.0003928179167249162	30	4045.0	False	0.0004458793318415
5228	0.00036823117175341835	30	4217.0	False	0.000494016031617
5229	0.0004382281432395328	30	4195.0	False	0.0005646841745271
5230	0.0004933015368802733	30	4218.0	False	0.0006855703387195
5231	0.0006071192186934279	30	4258.5	False	0.0007021419273401
5232	0.0006495423990145601	30	4238.5	False	0.0007310173855004
5233	0.000766463446869695	30	4304.5	False	0.0007524749370977
5234	0.00046917020465138935	30	4306.0	False	0.0006414267834793
5235	0.0007757073528432508	30	4318.5	False	0.0009039759355371
5236	0.0007035448980655428	30	4360.0	False	0.0008155100784736
5237	0.0007030396912687182	30	4290.5	False	0.0007842589141508
5238	0.00042669443714303643	30	4219.0	False	0.0005667149423839
5239	0.00039763049200946794	30	4071.5	False	0.0003790139186813
5240	0.0004683320418357653	30	4070.5	False	0.0005026470039806
5241	0.0005663945965966159	30	4061.5	False	0.0005432006680557
5242	0.0003281721465040508	30	4199.0	False	0.000415878720349
5243	0.00048303473190026806	30	4211.5	False	0.0005236870696191
5244	0.0005215851627056063	30	4260.5	False	0.0004955017729672
5245	0.0005433716087048235	30	4254.0	False	0.0005583472920156
5246	0.0003717746964496398	30	4194.5	False	0.0005717508106329
5247	0.0005324344288789852	30	4163.0	False	0.0005619889660194
5248	0.0004331623957545992	30	4238.0	False	0.0004386411523729
5249	0.00020969891161150267	30	4254.0	False	0.0002652933832709
5250	0.00027405715678129836	30	4254.5	False	0.0003435513843559
5251	0.0001780186373670746	30	4251.0	False	0.0003590692301087
5252	0.0007519222071460877	30	4188.5	False	0.0009387153010594
5253	0.0009336513932389192	30	4247.5	False	0.0010349872377513
5254	0.0003074256812114726	30	4298.0	False	0.0003634282886393
5255	0.000414018126391618	30	4270.0	False	0.0005638850910326
5256	0.0011519286787848894	30	4295.0	False	0.0013629013629013
5257	0.0005204330338357459	30	4291.5	False	0.0006701741682522
5258	0.000355372489471427	30	4267.5	False	0.0004167341930405
5259	0.0008496168594820366	30	4216.0	False	0.0009180521733718
5260	0.0003925254652723891	30	4213.0	False	0.0004901731945287
5261	0.0002488380849366504	30	4253.5	False	0.0002857473838668
5262	0.0003990058326891529	30	4220.5	False	0.0015817137665877
5263	0.000355650735862148	30	4238.5	False	0.0004658023445384
5264	0.00025426795615551763	30	4180.5	False	0.0003293678489926
5265	0.0003333954699738672	30	4175.5	False	0.0004168370717588
5266	0.00019434753606673363	30	4223.0	False	0.0002496664612119
5267	0.00041507482997408607	30	4243.5	False	0.0005045017075442
5268	0.00018690168932723774	30	4269.0	False	0.000285491624293
5269	0.0006016791635673267	30	4235.5	False	0.0005907684654011
5270	0.00044102995406611887	30	4197.5	False	0.0005222909082405
5271	0.0002486359794313382	30	4277.0	False	0.000368850569413
5272	0.0003914844489612158	30	4240.0	False	0.0004506289381472
5273	0.00019827333774857862	30	4298.0	False	0.0002679302768868
5274	0.00029197888519088714	30	4294.5	False	0.0003666249121627
5275	0.00030804333591394535	30	4252.5	False	0.0003959873284054
5276	0.0003349161855058807	30	4291.5	False	0.000362788687168
5277	0.0002306007148622161	30	4295.5	False	0.0002769273373436
5278	0.0005497776620386455	30	4316.0	False	0.0005987058742257
5279	0.0004582899395959175	30	4317.0	False	0.0005362710773685
5280	0.00022818727659061036	30	4289.5	False	0.0003701076396385
5281	0.0006830413991858286	30	4381.5	False	0.0007575068933127
5282	0.00035803523622549146	30	4443.0	False	0.0004205719778899
5283	0.0005208710277819282	30	4503.0	False	0.0006464076082918
5284	0.00044037266807723824	30	4570.0	False	0.0004921006823306
5285	0.0003669665130102348	30	4607.0	False	0.0003862072985892
5286	0.0002918475187211687	30	4586.5	False	0.0003448402362522
5287	0.0005083419370534566	30	4543.5	False	0.0005713225746614
5288	0.0003870059603635654	30	4517.5	False	0.0004897595725734
5289	0.00034945344675131	30	4503.5	False	0.0004262638348788
5290	0.0003985488984390577	30	4507.0	False	0.0003955312432367
5291	0.0005430114802110719	30	4446.0	False	0.0005574933891831
5292	0.0006830479493985578	30	4466.0	False	0.0007016590842217
5293	0.0004097207332761578	30	4472.0	False	0.0004747729756207
5294	0.00039072166390413643	30	4524.0	False	0.0005302464525765
5295	0.0005203122062073819	30	4583.5	False	0.000561486461527
5296	0.0007668167569599522	30	4491.5	False	0.0007445064448689
5297	0.0007558016511427497	30	4563.5	False	0.0009021502490232
5298	0.0010665136311465164	30	4557.5	False	0.001021412382202
5299	0.0007573004991575354	30	4470.5	False	0.0008187462568892
5300	0.0005013035147784024	30	4551.5	False	0.0005948751505777
5301	0.001421720359960292	30	4511.5	False	0.0015178155478412
5302	0.0019356742311441555	30	4397.5	False	0.0020855537068416
5303	0.0010016681659664735	30	4613.0	False	0.0010602423831892
5304	0.001505965289282499	30	4667.5	False	0.0016251393757424
5305	0.0011323397382178271	30	4708.5	False	0.0011293790587059
5306	0.000636780848337847	30	4670.5	False	0.0007210435466602
5307	0.0014065570184999075	30	4386.0	False	0.0015081563558017
5308	0.001106937982069007	30	4649.5	False	0.0011063567890741
5309	0.000555872329949471	30	4573.5	False	0.0006165136524348
5310	0.0007305220789254091	30	4575.0	False	0.0007940336165633
5311	0.0010218658300032504	30	4499.0	False	0.001018153296177
5312	0.0006167293429916142	30	4589.0	False	0.0007015937255365
5313	0.0005259707879153844	30	4658.5	False	0.0006783221373711
5314	0.0010079005386923277	30	4659.5	False	0.0010855232003263
5315	0.0010301818891689796	30	4736.5	False	0.0011719536395271
5316	0.000810434634920355	30	4808.0	False	0.0008867134851386
5317	0.0008534040076753565	30	4753.5	False	0.0007875086804934
5318	0.0006244455732566659	30	4715.0	False	0.0006709472621023
5319	0.0014851499707381343	30	4402.5	False	0.0013520596121563
5320	0.0009225184406979183	30	4672.5	False	0.001013784552549
5321	0.0005834752589809744	30	4643.0	False	0.0006863518210228
5322	0.000866829067188833	30	4608.0	False	0.0010069457204806
5323	0.0010360533840307884	30	4531.0	False	0.0011581251821245
5324	0.0004965127296863215	30	4611.0	False	0.0006095501079564
5325	0.002742141401636338	30	3804.5	False	0.0026289845547157
5326	0.0009388569546041011	30	4777.5	False	0.00107916989116
5327	0.0005771057205169153	30	4796.5	False	0.0006815277580576
5328	0.0006856034438194063	30	4788.0	False	0.0007383951265921
5329	0.0009256146930136341	30	4642.5	False	0.000937419898202
5330	0.0005719760833197576	30	4802.5	False	0.0006466099165802
5331	0.0011466064354130937	30	4851.5	False	0.0013357141852846
5332	0.000445099758285554	30	4842.5	False	0.0004786238157579
5333	0.0011647335458635738	30	4851.5	False	0.0013766558500849
5334	0.0005108869808380789	30	4836.5	False	0.0006122147395976
5335	0.0015839593482667323	30	4706.0	False	0.001590511626568
5336	0.0006227582053129522	30	4864.5	False	0.0005434896214385
5337	0.0004050374942393722	30	4884.0	False	0.000505936085718
5338	0.0006880751681089154	30	4768.5	False	0.0006888649894912
5339	0.00029687609370235166	30	4876.0	False	0.0003188797615333
5340	0.0006126997544555408	30	4779.5	False	0.0006824065736154
5341	0.0007269043270401812	30	4634.5	False	0.0007524023130996
5342	0.0004377270972604335	30	4854.0	False	0.0005597865900012
5343	0.0004528521585611103	30	4776.0	False	0.0004485876498212
5344	0.0008093886462882097	30	4764.0	False	0.0007746587980112
5345	0.00044576881542559676	30	4757.0	False	0.000478038355548
5346	0.0005621760743195166	30	4635.0	False	0.0006313810743522
5347	0.0006720975576321965	30	4441.0	False	0.0007116066001512
5348	0.0007243310168264438	30	4559.5	False	0.000702048969725
5349	0.00033099023343406475	30	4469.5	False	0.0004216631281486
5350	0.0004889994258740237	30	4396.5	False	0.0006424670735624
5351	0.00034744887781526995	30	4342.5	False	0.0003471409920685
5352	0.00037074222669242505	30	4419.0	False	0.0005486154872669
5353	0.0005843980989858537	30	4396.0	False	0.0007196432943341
5354	0.00036872552406359653	30	4358.5	False	0.0004412336593975
5355	0.00023578986687210733	30	4367.5	False	0.000357963189452
5356	0.00037071028254942375	30	4267.5	False	0.0005173896172077
5357	0.0012374607802453407	30	4264.5	False	0.0012459544466898
5358	0.00019598071764722095	30	4278.0	False	0.0002284217579338
5359	0.000271480198302398	30	4219.5	False	0.0003771580754162
5360	0.0002485360215411062	30	4225.0	False	0.0003402491551768
5361	0.0012433181119743762	30	4162.0	False	0.0013224304550256
5362	0.0014624974167706155	30	4000.0	False	0.0016032778124164
5363	0.000568416345624656	30	4351.5	False	0.0005280547970006
5364	0.0014642061840341046	30	4152.5	False	0.0017082363634938
5365	0.000350780141913658	30	4232.5	False	0.0003629203505656
5366	0.00040758436643408404	30	4215.5	False	0.0005182870227118
5367	0.0006904581543425845	30	3929.0	False	0.0007476666228473
5368	0.00035039603271033075	30	4228.0	False	0.0004770661967821
5369	0.0003759106009825284	30	4207.5	False	0.0003623160475173
5370	0.0004263250742302918	30	4101.0	False	0.0005139152435167
5371	0.0004101442254317175	30	4174.0	False	0.0005292405398253
5372	0.00027965547127836027	30	4158.0	False	0.0003356307125518
5373	0.0002563844695625195	30	4140.0	False	0.0003530879502852
5374	0.0005014775963271979	30	4058.0	False	0.0005282958456735
5375	0.0003303119009843682	30	4149.5	False	0.0003790870320644
5376	0.00044074632397985694	30	4018.5	False	0.0004886152643408
5377	0.00038266364937629665	30	4122.0	False	0.0004612216010751
5378	0.0005550019096179659	30	3983.0	False	0.0006989671732122
5379	0.00028410742696456984	30	4056.5	False	0.0003732584652585
5380	0.0004224732389008327	30	3832.5	False	0.0005228601306293
5381	0.0007723569842627606	30	3627.5	False	0.0009465684639447
5382	0.00022517504673193295	30	3880.0	False	0.0002971087078317
5383	0.001709013278003128	30	3720.5	False	0.0018409717512133
5384	0.00039629094602390894	30	3863.5	False	0.0003314832600953
5385	0.0004403388379242842	30	3870.5	False	0.0005747223583901
5386	0.000354551953984972	30	3809.0	False	0.0004598562523418
5387	0.0003859493744532539	30	3789.0	False	0.000461648941627
5388	0.0005206878330940362	30	3671.5	False	0.0005008787346221
5389	0.00046546523125291935	30	3599.5	False	0.0005802172690512
5390	0.0002830102843222154	30	3606.0	False	0.0003115569837723
5391	0.0002728834809064334	30	3545.5	False	0.0004353702007238
5392	0.0002777779063608016	30	3600.5	False	0.0003134543565677
5393	0.0006063311990257585	30	3605.0	False	0.0005110695489539
5394	0.00028039293534020196	30	3665.5	False	0.0002944089072076
5395	0.0004259211610590901	30	3646.5	False	0.00042178567903
5396	0.00045819421304382876	30	3682.0	False	0.0004016673658654
5397	0.0002524570451061674	30	3616.5	False	0.0003313391624482
5398	0.0002709323475913865	30	3652.0	False	0.0003841088674275
5399	0.00036636065091065603	30	3723.5	False	0.0004049785361375
5400	0.0002916782386683344	30	3718.5	False	0.0004868329712137
5401	0.00038076847896700606	30	3670.0	False	0.0005871451899965
5402	0.0002788469560131235	30	3695.0	False	0.000283480407846
5403	0.000216277730721459	30	3702.0	False	0.0002547840250416
5404	0.00022483066471411684	30	3756.0	False	0.0002077368425806
5405	0.00010539629005059021	30	3745.5	False	0.0001902070539644
5406	0.00020320450931136933	30	3757.0	False	0.0002173420873896
5407	0.0006301786962164321	30	3733.5	False	0.0006406736225517
5408	0.0002411718427599131	30	3777.5	False	0.0002726256577093
5409	0.0005373813480261018	30	3784.0	False	0.0005351231236678
5410	0.00010757314974182444	30	3783.5	False	0.0002636914991316
5411	0.00023668639053254438	30	3732.5	False	0.0002500393580471
5412	0.0006047312632380297	30	3660.5	False	0.000587789154342
5413	0.00022242274569402227	30	3631.0	False	0.0003341416378668
5414	0.0004133052913540718	30	3653.5	False	0.0003892047881681
5415	0.00030507045145122054	30	3719.5	False	0.0003363291541321
5416	0.00021520740356051495	30	3713.5	False	0.0002436487334951
5417	0.00047835470693709286	30	3727.5	False	0.000521852576647
5418	0.00023995119457180658	30	3726.5	False	0.0003098009763424
5419	0.0002295477800741043	30	3724.5	False	0.0003279272188961
5420	0.0002119903386002151	30	3746.5	False	0.0002991269232926
5421	0.00031971351706435125	30	3740.0	False	0.0004502560831472
5422	0.00023234587544585541	30	3711.5	False	0.000341177251059
5423	0.0002953928082945746	30	3672.0	False	0.0003728061790234
5424	0.0003204752955191998	30	3654.0	False	0.000384168419435
5425	0.00022923520714419432	30	3563.0	False	0.0002680805433099
5426	0.00030625874908513757	30	3514.5	False	0.0005122950819672
5427	0.00028533680611156435	30	3483.5	False	0.0003333299663639
5428	0.0003328408020615857	30	3544.0	False	0.0004175697440893
5429	0.00024948479010797006	30	3493.0	False	0.0002920972583146
5430	0.0002989324932103952	30	3448.0	False	0.0004089352348821
5431	0.0002858210751108621	30	3407.5	False	0.0003727672793165
5432	0.0005203766252043346	30	3090.0	False	0.0006003488819917
5433	0.0006637706905492719	30	3313.5	False	0.0009927235476137
5434	0.0002805836360065013	30	3192.5	False	0.0002635335456242
5435	0.00038185206855491225	30	3104.0	False	0.0004842451406563
5436	0.001772505355561276	30	2402.0	False	0.0020880314039923
5437	0.0007254166992043452	30	2973.5	False	0.0011055638957744
5438	0.00036142818833911694	30	2871.5	False	0.0005176357289033
5439	0.00016015374759769378	30	2808.5	False	0.0003675344563552
5440	0.00027890050049651446	30	2787.5	False	0.0003828105705112
5441	0.0002923557115469191	30	2699.0	False	0.0004189837739011
5442	0.0005768929977470057	30	2649.0	False	0.0006182061717582
5443	0.0007906458495882166	30	2558.5	False	0.000877472878111
5444	0.0003509229057130126	30	2639.0	False	0.0003588639393007
5445	0.0003635099877475635	30	2610.5	False	0.000468195237414
5446	0.002562951169672502	30	2355.0	False	0.0021428470064001
5447	0.00038632587008764676	30	2542.0	False	0.0004660390673892
5448	0.0003966007447665056	30	2522.0	False	0.0004553063274188
5449	0.0003436225494705606	30	2468.0	False	0.0003835038555834
5450	0.0001415227851684121	30	2402.5	False	0.0004216384871611
5451	0.0003716160708245141	30	2152.0	False	0.0004903237669123
5452	0.0	30	2308.5	False	0.0003635781911257
5453	0.0007704933116075589	30	2057.0	False	0.0010688191940784
5454	0.0006717796373269871	30	2262.0	False	0.0006788365332113
5455	0.0009690927218344964	30	2145.0	False	0.0013129238040808
5456	0.00047077372929835344	30	2218.0	False	0.0005121021794466
5457	0.0004845915595476614	30	2176.5	False	0.0005037321976461
5458	0.0012218816704066553	30	2089.5	False	0.0014201183431952
5459	0.0007323823876897633	30	2138.5	False	0.0008627595982005
5460	0.003039038708962402	30	2009.0	False	0.003257702255836
5461	0.001903378155255972	30	1998.5	False	0.0021418215368393
5462	0.0	30	1946.5	False	0.0002894700994414
5463	0.0	30	1899.0	False	0.0002809531335054
5464	0.0017019819164873933	30	1723.5	False	0.0020969556017309
5465	0.0019857240698012415	30	1688.0	False	0.0024609375
5466	0.0005062014479435903	30	1576.0	False	0.0006689942090188
5467	0.0004651143677407662	30	1679.0	False	0.0006127935478769
5468	0.0	30	1596.0	False	0.0004722307771276
5469	0.0005660366506734287	30	1497.0	False	0.0006507027589796
5470	0.0006384640472041	30	1548.0	False	0.0007584855571708
5471	0.0021265771265771265	30	1481.5	False	0.0025274169798465
5472	0.0002304147465437788	30	1442.0	False	0.00044877260692
5473	0.002251766173767894	30	1314.5	False	0.0026248632883703
5474	0.0006154059069891961	30	1210.0	False	0.0007397035902042
5475	0.0012264854686663417	30	1284.5	False	0.0016135538523598
5476	0.0042715254082676506	30	1197.0	False	0.0046260186654474
5477	0.0007234712385513621	30	1220.5	False	0.0007966011683483
5478	0.0	30	1203.5	False	0.0002159768904727
5479	0.004596845066777065	30	1075.5	False	0.0050772033569273
5480	0.0030018968834340347	30	1016.5	False	0.0033509925320737
5481	0.0	30	1044.5	False	0.0002470203174211
5482	0.0	30	953.0	False	0.0004085384536819
5483	0.0037597902005280306	30	844.0	False	0.0042520589925301
5484	0.001914087685364281	30	821.5	False	0.0023129998431864
5485	0.0013973443640768568	30	793.0	False	0.0018746434102208
5486	0.0	30	792.0	False	0.0004457230844037
5487	0.00942725535790986	30	698.5	False	0.0104009163802978
5488	0.0025973430458023266	30	720.5	False	0.0026231548995198
5489	0.0	30	669.0	False	0.0005669737774627
5490	0.0	30	631.0	False	0.00065
5491	0.0	30	532.0	False	0.0008905248159582
5492	0.007216971440312307	30	415.5	False	0.0089403716084894
5493	0.0	30	394.5	False	0.0004866180048661
5494	0.0031415237991987265	30	388.0	False	0.0033203287125425
5495	0.0	30	384.0	False	0.0006870491240123
5496	0.0028897636481910833	30	378.5	False	0.003297752321444
5497	0.0	30	361.5	False	0.0006295530173576
5498	0.0	30	347.5	False	0.0001850652354955
5499	0.0	30	355.5	False	0.0006380457569957
5500	0.0	30	343.0	False	0.0007413585395236
5501	0.0	30	346.5	False	0.0003670061473529
5502	0.0	30	345.0	False	0.0003680868685009
5503	0.0	30	333.5	False	0.0009583133684714
5504	0.0	30	327.5	False	0.0002899671370578
5505	0.0	30	322.5	False	0.0005961251862891
5506	0.0	30	316.0	False	0.0002032313789249
5507	0.0	30	318.5	False	0.0004038772213247
5508	0.0	30	311.5	False	0.0007113821138211
5509	0.0	30	312.5	False	0.0005122950819672
5510	0.0	30	309.0	False	0.0004166666666666
5511	0.0055057829448073355	30	304.5	False	0.0059817399517263
5512	0.0	30	305.5	False	0.0016734651187114
5514	0.0	30	293.0	False	0.0004340277777777
5515	0.0	30	294.0	False	0.0002163565556036
5516	0.0	30	293.0	False	0.0001089561996077
5517	0.0	28	185.0	False	0.0001866368047779
5518	0.0	28	184.5	False	0.0005610622779128
5519	0.0	28	183.5	False	0.0005647590361445
5520	0.0	28	182.0	False	0.0039720068091545
5521	0.0	28	181.0	False	0.0
5522	0.0	28	183.0	False	0.0005625351584474
5523	0.0	28	183.0	False	0.0001899696048632
5524	0.0	28	183.0	False	0.0001896453631708
5525	0.0	28	184.0	False	0.0
5526	0.0	28	186.5	False	0.0
5527	0.0	28	188.0	False	0.0001861504095309
5528	0.0	28	186.0	False	0.0003754458419373
5529	0.0	28	180.0	False	0.0009788566953797
5530	0.0	28	186.0	False	0.0005749329244921
5531	0.0	28	186.5	False	0.0003795786676788
5532	0.0	28	187.5	False	0.0003813882532418
5533	0.0	28	181.5	False	0.0002004409701342
5534	0.0	28	183.5	False	0.0001970055161544
5535	0.0	28	189.5	False	0.0003903200624512
5536	0.0	28	189.5	False	0.0003862495171881
5537	0.0	28	192.0	False	0.0005757052389176
5538	0.0	28	195.5	False	0.0003789314134141
5539	0.0	28	191.5	False	0.0001914241960183
5540	0.0	28	192.0	False	0.0007661367554108
5541	0.0	28	190.0	False	0.0005815080441946
5542	0.0	28	194.0	False	0.0003757985719654
5543	0.0	28	191.5	False	0.0001879345987596
5544	0.0	28	192.5	False	0.0001876172607879
5545	0.0	28	192.5	False	0.000558659217877
5546	0.0	28	190.5	False	0.0005614823133071
5547	0.0	28	187.5	False	0.0005628517823639
5548	0.0	28	190.0	False	0.000930578820026
5549	0.0	28	185.5	False	0.0003831417624521
5550	0.0	27	183.0	False	0.0006053268765133
5551	0.0	27	182.0	False	0.0004026575397624
5552	0.0	27	183.0	False	0.0006070416835289
5553	0.0	27	178.0	False	0.0012383900928792
5554	0.0	27	178.0	False	0.0004070004070004
5555	0.0	27	178.0	False	0.0016207455429497
5556	0.0	27	181.0	False	0.0006024096385542
5557	0.0	27	179.0	False	0.0
5558	0.0	28	180.5	False	0.0003872966692486
5559	0.0	28	182.5	False	0.0007627765064836
5560	0.0	28	183.5	False	0.0
5561	0.0	28	179.0	False	0.0003878223773511
5562	0.0	28	181.0	False	0.0003868471953578
5563	0.0	28	185.5	False	0.0001888217522658
5564	0.0	28	185.5	False	0.0007595898214963
5565	0.0	28	184.0	False	0.0003840245775729
5566	0.0	28	181.5	False	0.0011618900077459
5567	0.0	27	178.0	False	0.0
5568	0.0	27	169.0	False	0.0008494372478233
5569	0.0	28	177.0	False	0.0001990445859872
5570	0.0	28	178.5	False	0.0
5571	0.0	28	183.5	False	0.0001931620629708
5572	0.0	28	186.5	False	0.0001918281220026
5573	0.0	28	182.5	False	0.0003863241259416
5574	0.0	28	182.5	False	0.0003843936190659
5575	0.0	28	178.5	False	0.0001945146858587
5576	0.0	28	180.5	False	0.0007689350249903
5577	0.0	28	182.5	False	0.0017208413001912
5578	0.0	28	181.5	False	0.0017224880382775
5579	0.0	28	182.0	False	0.0015246807699637
5580	0.0	28	175.0	False	0.0
5581	0.0	28	179.5	False	0.0006550218340611
5582	0.0	28	181.5	False	0.0007674597083653
5583	0.0	28	181.0	False	0.0001890716581584
5584	0.0	28	180.0	False	0.0003781433163168
5585	0.0	28	182.5	False	0.0005662514156285
5586	0.0	28	183.0	False	0.0007570022710068
5587	0.0	28	182.5	False	0.0007575757575757
5588	0.0	28	185.0	False	0.0001874062968515
5589	0.0	28	184.0	False	0.0007462686567164
5590	0.0	29	222.0	False	0.0004489673750374
5591	0.0	29	214.0	False	0.0007609191903819
5592	0.0	29	212.0	False	0.0010764262648008
5593	0.0	29	255.0	False	0.0011534025374855
5594	0.0	30	313.5	False	0.0011283208534208
5595	0.0	30	468.0	False	0.0011310617842499
5596	0.0	30	616.5	False	0.0008752256441113
5597	0.0018394535740853452	30	659.5	False	0.0019370953764591
5598	0.0011962144327221072	30	680.0	False	0.001229105211406
5599	0.0012189085692606819	30	679.5	False	0.0010789073610906
5600	0.0013169576284705604	30	680.5	False	0.0023003132341425
5601	0.0	30	799.0	False	0.0008361903169161
5602	0.0009672856305942203	30	808.5	False	0.0011916502301117
5603	0.001357778883911288	30	845.0	False	0.001906243921416
5604	0.0004440497335701599	30	858.5	False	0.0007685804319422
5605	0.002351007327904744	30	841.0	False	0.0025841816758026
5606	0.0010959644487148691	30	899.5	False	0.001033095967236
5607	0.0	30	929.5	False	0.0006713780918727
5608	0.0	30	962.0	False	0.0005091649694501
5609	0.0008659280912320845	30	960.0	False	0.001051667401703
5610	0.0009172467625100514	30	967.0	False	0.001044967302636
5611	0.0	30	1015.5	False	0.0005839605502206
5612	0.0	30	1041.5	False	0.0005987080510477
5613	0.0	30	1038.5	False	0.0006012467959874
5614	0.0007483107164795891	30	1055.0	False	0.000746454341876
5615	0.000859956126346661	30	1066.0	False	0.0008320749483805
5616	0.0003401360544217687	30	1086.0	False	0.0007887153041104
5617	0.0002844141069397042	30	1147.0	False	0.0004850213980028
5618	0.0005921048953394757	30	1170.0	False	0.0006138906716522
5619	0.0006660828490300667	30	1185.0	False	0.0007734592967045
5620	0.0005766924713610339	30	1202.5	False	0.0005697232772653
5621	0.0	30	1216.0	False	0.0005372300419039
5622	0.0	30	1357.0	False	0.0004374134285922
5623	0.0006444159604431889	30	1365.5	False	0.0006682737058163
5624	0.0006866902237926973	30	1379.0	False	0.0008787972353514
5625	0.000555219074682041	30	1424.5	False	0.0005518890702968
5626	0.0	30	1434.5	False	0.0004581166823189
5627	0.0	30	1448.0	False	0.0004773486691064
5628	0.0	30	1437.0	False	0.0007991232476368
5629	0.0006267933525875907	30	1480.0	False	0.0006238581168397
5630	0.0	30	1516.5	False	0.0002611363784736
5631	0.0005660442635722486	30	1550.5	False	0.0006806917529939
5632	0.000615878134203825	30	1567.5	False	0.0006356201533963
5633	0.0008317982623892801	30	1567.5	False	0.0008455229559482
5634	0.0	30	1560.5	False	0.0004238724991522
5635	0.0005227397245301012	30	1638.5	False	0.0004018485031143
5636	0.0	30	1678.0	False	0.0006144210568042
5637	0.0	30	1681.0	False	0.0002772606646334
5638	0.0	30	1681.0	False	0.0003562169757178
5639	0.0009507014844447694	30	1711.5	False	0.0010725638175471
5640	0.0	30	1731.5	False	0.000425268692492
5641	0.0	30	1765.0	False	0.0001716738197424
5642	0.0	30	1772.0	False	0.0002851602600661
5643	0.00018691588785046728	30	1787.5	False	0.0003584770386023
5644	0.0	30	1794.5	False	0.0003201627179931
5645	0.0	30	1803.0	False	0.0002437789487501
5646	0.00044974999544645643	30	1843.0	False	0.0005154544283058
5647	0.0	30	1880.0	False	0.0003804692454026
5648	0.00042958824081735646	30	1888.0	False	0.0004511251060143
5649	0.00022696323195642307	30	1892.0	False	0.000450077413315
5650	0.0003722499130379962	30	1894.5	False	0.0014137184373937
5651	0.0004936686658643891	30	1896.5	False	0.0004647753883555
5652	0.0	30	1969.5	False	0.0002070714914324
5653	0.0	30	1995.0	False	0.0003399683829403
5654	0.0004317778831702597	30	1996.5	False	0.0004590899816364
5655	0.0006929008140807772	30	1998.0	False	0.0006741621903747
5656	0.0005367851589273107	30	2009.5	False	0.0007187651614526
5657	0.0	30	2040.0	False	0.0003136607511349
5658	0.0004638699813204409	30	2044.0	False	0.0004463326335278
5659	0.00045149708483721953	30	2047.5	False	0.0004278215654978
5660	0.00015959144589849984	30	2069.5	False	0.0003415856078597
5661	0.00020064205457463884	30	2083.0	False	0.0004061936406323
5662	0.00019201228878648233	30	2100.0	False	0.0005465886438171
5663	0.00048277898417628816	30	2083.0	False	0.0005158045745418
5664	0.0004130619168787108	30	2100.0	False	0.0003826774666751
5665	0.0003594078244947941	30	2118.5	False	0.0003492174354741
5666	0.0004265848941175787	30	2135.0	False	0.0004068921266373
5667	0.00016260162601626016	30	2213.0	False	0.0003329852124294
5668	0.00039708687903205564	30	2214.0	False	0.0003793741843455
5669	0.0003741447282117139	30	2175.0	False	0.0004615668656532
5670	0.0003284751519285038	30	2054.5	False	0.0004497991967871
5671	0.0004069770130662084	30	2080.5	False	0.0003958264063712
5672	0.0	30	2045.5	False	0.0003701379166063
5673	0.0003864865312878618	30	2037.5	False	0.0004356735997934
5674	0.000527044390608916	30	2048.5	False	0.0005923032592687
5675	0.00039698286722096246	30	2053.5	False	0.0004317789291882
5676	0.0	30	1989.0	False	0.000230376830673
5677	0.00045676585994307317	30	1987.0	False	0.0005421746130844
5678	0.0	30	1981.0	False	0.0003986181238373
5679	0.00048080477616354293	30	1992.5	False	0.0006076830850592
5680	0.00037195973356471477	30	1991.5	False	0.000426908362478
5681	0.0	30	2053.0	False	0.0005099114028937
5682	0.000167897918065816	30	2044.5	False	0.0004163064015115
5683	0.000522299579886526	30	2012.5	False	0.0005348460291734
5684	0.0004832200806913416	30	1979.0	False	0.0006050596065477
5685	0.00038989856297548607	30	2005.0	False	0.0004876938583086
5686	0.0010098397165009389	30	1955.0	False	0.001304512954309
5687	0.0005286002932446447	30	2008.0	False	0.0005972558514931
5688	0.0	30	2013.0	False	0.0003216313140247
5689	0.0004551933898543878	30	2014.0	False	0.0004508784077551
5690	0.0	30	2018.0	False	0.0002728075102302
5691	0.0003190592774110607	30	2058.0	False	0.0003788058146692
5692	0.0004050547698099396	30	2039.5	False	0.0004301691998852
5693	0.0	30	2024.0	False	0.0001748891044087
5694	0.0005441548502463944	30	2041.0	False	0.0007061592781482
5695	0.0003994009778109687	30	2039.5	False	0.0005980955378925
5696	0.0005171793668430264	30	2086.5	False	0.0005840852149587
5697	0.0003935859698032441	30	2054.5	False	0.0005169577817811
5698	0.0005230195626276261	30	2056.0	False	0.0006127258444619
5699	0.000146756677428823	30	2071.5	False	0.0003904297851074
5700	0.0005052515032539677	30	2066.0	False	0.0006247852300771
5701	0.0004280852473478023	30	2117.5	False	0.000410178503608
5702	0.00043683484237320807	30	2113.0	False	0.0004135395925869
5703	0.0006739818686721342	30	2086.0	False	0.0008814932805468
5704	0.0004892884372093803	30	2077.0	False	0.0006085857403679
5705	0.0008256684178937254	30	1895.0	False	0.0008393063971933
5706	0.000432116992972786	30	2124.5	False	0.0005193535575718
5707	0.002750859438916361	30	2120.5	False	0.0030638193572106
5708	0.0003953605203990417	30	2112.0	False	0.0005216163971648
5709	0.0011144470398218045	30	2084.5	False	0.0012587999440533
5710	0.0001577287066246057	30	2103.0	False	0.0004300877071717
5711	0.0009654163911217086	30	2088.5	False	0.0011393965880535
5712	0.0	30	2014.0	False	0.0003064862161856
5713	0.00036361991815822743	30	2110.0	False	0.0005404320368111
5714	0.0004361956893602463	30	2102.0	False	0.0004652172564587
5715	0.0003838975817252372	30	2031.5	False	0.0005108964636385
5716	0.00018129079042784627	30	2151.0	False	0.0003188049369221
5717	0.0004880872884399401	30	2086.5	False	0.0005301400193345
5718	0.0005721457189811897	30	2123.0	False	0.0007348888480617
5719	0.0	30	2089.0	False	0.0003405045658566
5720	0.00046853250134250475	30	2137.0	False	0.0007250317201377
5721	0.0007559299942100496	30	2116.5	False	0.0007608265619769
5722	0.0003510328908443956	30	2049.0	False	0.0003926866046745
5723	0.0004150761156591512	30	2045.5	False	0.0005037704066371
5724	0.0003844138643153954	30	2094.0	False	0.0003995267145074
5725	0.0	30	2053.5	False	0.0004070004070004
5726	0.00020973154362416107	30	2042.5	False	0.0004250763563084
5727	0.000496155563662753	30	2015.5	False	0.0004434730273369
5728	0.00031262632779821727	30	1948.0	False	0.0003771357360705
5729	0.0005749177862608035	30	1816.0	False	0.0006482357475734
5730	0.00048207436284618374	30	2039.0	False	0.0005355174043156
5731	0.0004668715756410217	30	2018.0	False	0.0004620556697417
5732	0.0001786352268667381	30	1838.0	False	0.000382981686512
5733	0.0003878241418685829	30	2001.5	False	0.0003845660812716
5734	0.0009311963792587711	30	1783.0	False	0.0009918350719965
5735	0.0	30	2080.5	False	0.0003035223771872
5736	0.0	30	2093.5	False	0.0003318600757244
5737	0.00047797980720910046	30	2071.5	False	0.0004412189815448
5738	0.00037397204887593713	30	2041.0	False	0.0005882444000681
5739	0.0004819412547288308	30	2091.0	False	0.0005434372405464
5740	0.00015748031496062991	30	2073.5	False	0.000395894874684
5741	0.00044116829702089814	30	2021.5	False	0.0004368038438738
5742	0.0004290099826261079	30	2017.5	False	0.0004538341158059
5743	0.0005293954606511199	30	2010.0	False	0.0007702585868112
5744	0.0004839181800086644	30	2066.0	False	0.0007793041272557
5745	0.00041470456810916714	30	2075.0	False	0.0005023825109991
5746	0.02912966131126687	30	2006.5	False	0.0361689859905564
5747	0.001130273705726422	30	2145.5	False	0.0013074583890349
5748	0.00031058890675423527	30	2241.5	False	0.0004369705256332
5749	0.00043059223906851915	30	2307.5	False	0.0004537641801306
5750	0.0001430615164520744	30	2327.5	False	0.0003115771221111
5751	0.0	30	2323.5	False	0.0002312673450508
5752	0.0009461214280167858	30	2256.0	False	0.0010475152937232
5753	0.00038529515106860285	30	2331.0	False	0.0004063994364594
5754	0.0	30	2357.5	False	0.0003351206434316
5755	0.0013526141444444952	30	2335.0	False	0.0017179573892458
5756	0.0004001096199510872	30	2455.0	False	0.0004643483644618
5757	0.0	30	2452.5	False	0.0002049836653641
5758	0.0	30	2437.5	False	0.0002577585318074
5759	0.0005547321757252438	30	2401.5	False	0.0007567553462155
5760	0.0001479727730097662	30	2499.0	False	0.0002908888551626
5761	0.00041404109589041093	30	2533.0	False	0.000486800224677
5762	0.0003139068725210003	30	2587.5	False	0.0003660009516024
5763	0.0003928425702868221	30	2653.0	False	0.0004863870929473
5764	0.0003835111370311742	30	2725.0	False	0.0005103875465438
5765	0.0003537744113103694	30	2784.0	False	0.0004552801110883
5766	0.0004051944350451813	30	2854.5	False	0.0005034007517451
5767	0.0004462141887760428	30	2923.0	False	0.0005920728030261
5768	0.0004708308140871052	30	2943.5	False	0.000675145918634
5769	0.0003256318036343733	30	2991.0	False	0.0004503490204908
5770	0.0007026719096285873	30	3031.5	False	0.0007700421940928
5771	0.0003554494009398682	30	3007.5	False	0.0005110134034557
5772	0.0	30	3021.0	False	0.0002438481356219
5773	0.0002542589012433991	30	3065.0	False	0.0003700196981074
5774	0.0003622439568596338	30	2965.5	False	0.0004140470924087
5775	0.0	30	3081.0	False	0.0003019826724425
5776	0.0	30	3100.5	False	0.0002587616701513
5777	0.00012556504269211453	30	3064.5	False	0.0002821051311788
5778	0.00032788488719921494	30	3084.5	False	0.0003555220946525
5779	0.00026522933819285644	30	3095.5	False	0.0004155023943325
5780	0.0003544360723024548	30	3105.0	False	0.0003730106100795
5781	0.0007279397771246114	30	3117.0	False	0.0007327595103928
5782	0.00043484266821658	30	3139.5	False	0.0005541303232426
5783	0.000351225632647932	30	3194.0	False	0.0004651492016624
5784	0.00032579779329974204	30	3200.0	False	0.0003926148146656
5785	0.0002961116542551937	30	3170.0	False	0.0003737813171638
5786	0.00032092432796911383	30	3155.0	False	0.0003143952455325
5787	0.00035764436165639776	30	3194.5	False	0.0003907228372489
5788	0.00026086743608560775	30	3260.5	False	0.0002940254037948
5789	0.0	30	3283.5	False	0.000271444082519
5790	0.0005032758770577961	30	3279.0	False	0.000531277771338
5791	0.00031555929787682984	30	3272.0	False	0.0003973214718337
5792	0.0003128217567312094	30	3265.5	False	0.0004679001033279
5793	0.00037821147234315205	30	3286.0	False	0.0004160015479127
5794	0.00042752649356339655	30	3303.5	False	0.0005590684762492
5795	0.0	30	3348.0	False	0.0003443657929978
5796	0.0002575009117130259	30	3353.0	False	0.0003232062055591
5797	0.00038768113328235387	30	3342.0	False	0.0005996687544023
5798	0.0005008889619900217	30	3350.5	False	0.0005409098673347
5799	0.00030230287531340624	30	3360.5	False	0.0003800041800459
5800	0.00030195041924899744	30	3398.0	False	0.0004031917786383
5801	0.000254880005406369	30	3450.0	False	0.0003055159516358
5802	0.00010718113612004287	30	3456.0	False	0.0002306443279946
5803	0.00033361160144312495	30	3437.5	False	0.0004339316049929
5804	0.00033648921921369855	30	3489.5	False	0.0003750800475711
5805	0.00046514629948364887	30	3482.0	False	0.0004664264418064
5806	0.0002780784274643682	30	3482.0	False	0.000329640142844
5807	0.00024211600954612096	30	3553.0	False	0.00021593219729
5808	0.0002373046514413443	30	3656.0	False	0.0002807313050496
5809	0.0003436432609785165	30	3724.5	False	0.0004143646408839
5810	0.0005199924460556823	30	3777.0	False	0.0006429269463541
5811	0.0003224256190214325	30	3821.5	False	0.0004073872895165
5812	0.0002699150499750811	30	3804.0	False	0.000392374290954
5813	0.00025458492427328695	30	3810.0	False	0.0003127430097711
5814	0.0004658149649961877	30	3746.0	False	0.0004715889116585
5815	0.0002496457224333416	30	3770.0	False	0.0003914360597705
5816	0.000710860179980146	30	3491.5	False	0.0009036199013247
5817	0.00045391468107034317	30	3894.0	False	0.0004397938777373
5818	0.00026976433062060205	30	3908.5	False	0.0003217742135095
5819	0.0020884298225549453	30	3856.0	False	0.0022053663915527
5820	0.0004971838459827431	30	3941.5	False	0.0005579441399455
5821	8.471704506946798e-05	30	3985.0	False	0.0001952902501342
5822	0.00034476987487486416	30	3938.5	False	0.0005196604884808
5823	0.000508396911467776	30	3862.0	False	0.0005116333685605
5824	0.00032208375338250116	30	3832.5	False	0.0004980121717551
5825	0.00030537239116604426	30	3793.5	False	0.0003746944962487
5826	0.0009895031886235405	30	3820.5	False	0.0011746480311877
5827	0.000338442071544936	30	3837.5	False	0.0004574642923705
5828	0.00026851856120148804	30	3861.5	False	0.0004368609857936
5829	0.00036835016835016837	30	3765.5	False	0.0004458505886085
5830	0.0002486651292279565	30	3836.0	False	0.000287915996274
5831	0.0004305651282952711	30	3859.5	False	0.0004806678753636
5832	0.0002755244415496475	30	3879.0	False	0.0003359312012899
5833	0.0003307347035199622	30	3908.5	False	0.0003914057295136
5834	0.0005987730545253661	30	3891.5	False	0.000727230172529
5835	0.00045677351627361267	30	3839.0	False	0.0005673830936774
5836	0.0004910707826749553	30	3788.0	False	0.0006087470955904
5837	0.00034801101186162004	30	3873.5	False	0.0004208222867483
5838	0.0003629892666602656	30	3889.5	False	0.0005124284910241
5839	0.0003427665507780889	30	3956.5	False	0.000491568352996
5840	0.0	30	3996.5	False	0.0001735121334556
5841	0.0005201018133783818	30	3922.5	False	0.0006328259475513
5842	0.0005464645284172993	30	3854.5	False	0.0005738561419737
5843	0.0005558390288321249	30	3681.5	False	0.0005782403700738
5844	0.0002655231851451732	30	3768.0	False	0.0003243082155159
5845	0.00024168789829745213	30	3690.0	False	0.0002157768866991
5846	0.00029039851170341394	30	3655.5	False	0.0003624895784246
5847	0.00034414783489714106	30	3671.0	False	0.0004800202876498
5848	0.0004978326674651141	30	3581.0	False	0.0005188644281372
5849	0.00033945026783075045	30	3571.5	False	0.0003897441607973
5850	0.00028024775503409456	30	3467.5	False	0.0002952352834734
5851	0.0004898668064101341	30	3502.5	False	0.0004895039066177
5852	0.00037266703783259787	30	3554.0	False	0.0004651032994428
5853	0.00028362148421526257	30	3588.0	False	0.0003414040008858
5854	0.00025348817723430716	30	3604.5	False	0.0002854958879382
5855	0.00036237387013735543	30	3590.5	False	0.0004818250048645
5856	0.00020517816153140761	30	3565.0	False	0.0002242487666317
5857	0.0003046818344526484	30	3535.5	False	0.0003404995885629
5858	0.00018733532258108045	30	3562.5	False	0.0002364066193853
5859	0.00026730979083705174	30	3591.0	False	0.0002816134573684
5860	0.0003126538954124089	30	3575.5	False	0.0003769992742763
5861	0.00027386010372409237	30	3530.0	False	0.0003519184310144
5862	0.0002898049995825802	30	3554.5	False	0.0003787412534441
5863	0.0003062993837993655	30	3466.5	False	0.0004456457503802
5864	0.0003438820398426241	30	3419.0	False	0.000852899367678
5865	0.001314437100430526	30	3328.5	False	0.0012693145701321
5866	0.00022832594358273975	30	3418.0	False	0.000245131684741
5867	0.0004230630192096381	30	3434.5	False	0.0004384597396523
5868	0.00029089385963265783	30	3423.0	False	0.0003123840762217
5869	0.00024161788308640027	30	3420.5	False	0.0003423585570075
5870	0.0002721108583339041	30	3362.0	False	0.0003481028395245
5871	0.0002711577864145465	30	3340.0	False	0.0002906452324159
5872	0.0003101550833119831	30	3375.0	False	0.0004047783591667
5873	0.00034632376899929084	30	3347.0	False	0.0003564215278602
5874	0.00010665529010238908	30	3362.0	False	0.0002867369336945
5875	0.0003207231597505807	30	3347.5	False	0.0003877202051934
5876	0.0004532577961881764	30	3128.0	False	0.0005457942355731
5877	0.0003858076674999165	30	3318.5	False	0.0004001280409731
5878	0.0019108252571077883	30	3242.5	False	0.001936207072251
5879	0.0003767790055985487	30	3325.0	False	0.0004961203389494
5880	0.00047949228065699177	30	3328.5	False	0.0006246158117031
5881	0.0005783931002044837	30	3337.0	False	0.0007695950745915
5882	0.00030134538327711877	30	3291.0	False	0.0003325808272192
5883	0.0	30	3148.0	False	0.0003142282554047
5884	0.0002861245320390298	30	3055.5	False	0.0003224558235521
5885	0.0005415079318081627	30	3142.0	False	0.0005052525209995
5886	0.0003586142340008889	30	3148.5	False	0.0003464166867868
5887	0.0	30	3111.0	False	0.0002115372411313
5888	0.0002940218016107018	30	3014.0	False	0.0003704066847512
5889	0.0006140496533537633	30	2805.5	False	0.0007305279513909
5890	0.0004748353068258942	30	2974.0	False	0.000506920567751
5891	0.000489824109542112	30	2922.5	False	0.0005355648535564
5892	0.0007251070779401778	30	2814.5	False	0.0009168030266104
5893	0.0008742907724232003	30	2808.5	False	0.0008961841422574
5894	0.0014059839070439547	30	2322.5	False	0.0014707942288835
5895	0.0009009153599649049	30	2866.5	False	0.0010952649964836
5896	0.0006134133683665332	30	2852.5	False	0.0009720534629404
5897	0.0011182188512549097	30	2875.0	False	0.0016134794684737
5898	0.0014311228185474637	30	2810.0	False	0.0018863697992195
5899	0.000858789950490915	30	2830.0	False	0.0013508116616158
5900	0.003014109527930427	30	2741.5	False	0.0036602159889831
5901	0.00046458933540306714	30	2845.0	False	0.0006094345150893
5902	0.00034060154777782993	30	2832.0	False	0.000460568270389
5903	0.0003783684939119602	30	2855.0	False	0.000402100383178
5904	0.0003568338164118345	30	2796.5	False	0.0003504912921042
5905	0.0004057298820901801	30	2771.0	False	0.0004872225876391
5906	0.0003929250348718075	30	2793.5	False	0.0004351767905711
5907	0.00042006869266553626	30	2780.5	False	0.0006434693927105
5908	0.0013879929828308321	30	2746.5	False	0.0014472135007849
5909	0.0007542188092529389	30	2810.0	False	0.0008036174780804
5910	0.0007714367361433693	30	2811.0	False	0.0010145377288677
5911	0.0009951053980198862	30	2875.5	False	0.0010995952553634
5912	0.000530737571009124	30	2993.0	False	0.0006396491067757
5913	0.001028968677954475	30	2924.0	False	0.0011493444045692
5914	0.0017403346500363816	30	2782.0	False	0.0020900063071196
5915	0.00045119911487914754	30	2859.5	False	0.0006475285991797
5916	0.0003781244797759701	30	2882.5	False	0.0005953798523457
5917	0.0005808079530293601	30	3007.5	False	0.0007391235132246
5918	0.0005222296670629067	30	2980.0	False	0.0006865616990113
5919	0.0005145911534251737	30	3138.5	False	0.0005986524876732
5920	0.0004039951273128897	30	3209.5	False	0.0039123714087735
5921	0.0003636168228630217	30	3145.5	False	0.0005523784767351
5922	0.0004064188802232473	30	3326.0	False	0.0004297466541153
5923	0.0003487552270738111	30	3309.0	False	0.000391683931682
5924	0.0005252739825230531	30	3444.5	False	0.000625148844963
5925	0.00037525240798981225	30	3492.0	False	0.0004179545498726
5926	0.00029124929112138843	30	3593.0	False	0.0003022689059754
5927	0.0005656083676994113	30	3667.5	False	0.000555375572731
5928	0.0004579065619016708	30	3645.0	False	0.0004915372130767
5929	0.00048262913135246996	30	3813.0	False	0.0005385695240281
5930	0.00032453076382931215	30	3889.5	False	0.0003897284891525
5931	0.00045792836249430933	30	3874.0	False	0.0005544005544005
5932	0.00041538585766007756	30	3992.0	False	0.0004195369989679
5933	0.00023578028087308607	30	4065.5	False	0.0003371793712015
5934	0.00010688328345446772	30	4069.5	False	0.000420268477392
5935	0.0004305449293928557	30	4076.0	False	0.0006252468079505
5936	0.0002515250149849013	30	4126.5	False	0.0004304428688611
5937	0.0005326521283968092	30	4191.5	False	0.0005292914711897
5938	0.000487608885845791	30	4154.5	False	0.0004929691288184
5939	0.0004851872622876468	30	4311.5	False	0.0005063882829541
5940	0.00047751779900783104	30	4313.0	False	0.0004900283127469
5941	0.0004027419694832255	30	4376.5	False	0.0004834625124702
5942	0.0005230942963070902	30	4407.5	False	0.0004643373677399
5943	0.0002721813989111858	30	4395.5	False	0.0003511450381679
5944	0.0002984906540534684	30	4333.0	False	0.0005006701277093
5945	0.0004019049803428771	30	4404.5	False	0.0005063979985941
5946	0.0003883157996240714	30	4421.0	False	0.0004527413488673
5947	0.00033285946140570327	30	4447.5	False	0.0004269503014868
5948	0.0008486761072122671	30	4490.5	False	0.0010104011887072
5949	0.0003324211113843609	30	4599.5	False	0.0003398482975046
5950	0.0003812431980228841	30	4658.0	False	0.0004004061262137
5951	0.00037650735828263034	30	4606.0	False	0.0004756379674404
5952	0.00024882097494672607	30	4612.0	False	0.0003166880191164
5953	0.00037617436503739794	30	4585.0	False	0.000476971663547
5954	0.00038554346169199287	30	4583.0	False	0.0003986749494407
5955	0.00029246109628344003	30	4627.0	False	0.0003656805242854
5956	0.00022223982896122627	30	4631.5	False	0.000314836678473
5957	0.00035456571739441204	30	4635.5	False	0.000435624049304
5958	0.0003745075737181213	30	4641.5	False	0.0003787743433982
5959	0.00033084398291834984	30	4591.0	False	0.0003387143268953
5960	0.00030433143199352333	30	4688.0	False	0.0003953155111923
5961	0.00030588385543797356	30	4693.0	False	0.0003725494330922
5962	0.00026443347721533	30	4783.5	False	0.0003859566901456
5963	0.00023643457003790668	30	4857.0	False	0.0003186829579202
5964	0.00038485603480280803	30	4880.0	False	0.0004511480708369
5965	0.00019252025660725986	30	4896.5	False	0.000275637664206
5966	0.0003987099802895792	30	4952.5	False	0.0004069678228555
5967	0.00026311359252710327	30	5007.0	False	0.000382815542311
5968	0.0010093924828827416	30	5017.5	False	0.0010650537457677
5969	0.000581734715233758	30	5188.0	False	0.00073773515308
5970	0.0006420257273748283	30	5237.0	False	0.0010858722963673
5971	0.0005358131634746409	30	5168.5	False	0.0006091891371958
5972	0.0007307164901514051	30	5176.0	False	0.000843261890312
5973	0.0004872309856439975	30	5267.5	False	0.0005986137366099
5974	0.0005081270317579395	30	5286.0	False	0.0005714931672025
5975	0.00021935877803591316	30	5312.0	False	0.0003304445414302
5976	0.0002755119639235701	30	5312.0	False	0.0003626133166614
5977	0.0002931336879008077	30	5339.0	False	0.0003233207528399
5978	0.0003071613803491012	30	5409.5	False	0.0004324644915762
5979	0.0004070573972764025	30	5472.5	False	0.0006360860715324
5980	0.0003623040662135941	30	5702.0	False	0.000466135272456
5981	0.000492616802004612	30	5839.5	False	0.0005142181313313
5982	0.0002785995972165056	30	6008.0	False	0.0003157527379086
5983	0.0002938636955604929	30	6004.0	False	0.0003545392098207
5984	0.00027645252741691857	30	5970.0	False	0.0003781159815168
5985	0.00029815169940692254	30	6035.5	False	0.000330060235993
5986	0.0004649004484095585	30	5830.5	False	0.0005734368169146
5987	0.0005057823793210147	30	6014.0	False	0.0005248473799066
5988	0.0005019550801851616	30	6078.5	False	0.0005405257841718
5989	0.0005792249095980583	30	6064.5	False	0.0006222333811834
5990	0.0005304590317646452	30	6152.0	False	0.0005839163485764
5991	0.00022259323156688087	30	6144.0	False	0.0002691848007494
5992	0.00035163522071675763	30	6096.0	False	0.0004519244904959
5993	0.0003453246854662027	30	6247.5	False	0.0004302697419443
5994	0.00042985713543599094	30	6217.0	False	0.0004130790483087
5995	0.0004513682715015061	30	6319.0	False	0.0004796795108323
5996	0.00021498515876852692	30	6306.0	False	0.0002483513696313
5997	0.00030738602657596386	30	6261.5	False	0.0003579939515051
5998	0.00026837860328281704	30	6355.0	False	0.0003411249776956
5999	0.0003953989505175382	30	6379.0	False	0.0004092593526974
6000	0.00033892797952654564	30	6459.5	False	0.0003945182724252
6001	0.00022722494218779045	30	6495.0	False	0.0002728428682477
6002	0.00029863069865332273	30	6468.5	False	0.0003149671349866
6003	0.00017892509866923562	30	6435.5	False	0.0002756296577511
6004	0.0003950374959965842	30	6275.5	False	0.0004592863971118
6005	0.00026725860237734585	30	6384.0	False	0.0003828343376179
6006	0.0003521477520122581	30	6383.5	False	0.0003406297982947
6007	0.0003581794681830282	30	6320.5	False	0.0003451791745438
6008	0.0002815928995691242	30	6403.5	False	0.0003557303982087
6009	0.00031541823680787396	30	6419.5	False	0.0003495646094528
6010	0.00022622222917857812	30	6493.0	False	0.0002832919555386
6011	0.0002780441554295238	30	6480.5	False	0.000310066302511
6012	0.00028135542665095497	30	6457.0	False	0.0003110387657981
6013	0.00016434322650942627	30	6520.5	False	0.0002147513741531
6014	0.0004434936688250385	30	6304.5	False	0.0004441319071764
6015	0.000579322309725178	30	6484.0	False	0.000742750446166
6016	0.000371167585439193	30	6495.5	False	0.0004888239410529
6017	0.0004608029628985534	30	6464.5	False	0.0005171272546748
6018	0.00038689045321391337	30	6541.0	False	0.0005922718732129
6019	0.0005046068369865926	30	6645.0	False	0.0005770890624059
6020	0.0005270854208547148	30	6685.5	False	0.000610992863403
6021	0.0007707532078446332	30	6687.0	False	0.0008941084282277
6022	0.0005224005406392017	30	6675.5	False	0.0006298561912344
6023	5.633168093735917e-05	30	6738.5	False	0.0001847035508009
6024	0.0004963533847047168	30	6651.5	False	0.0005902651652742
6025	0.0003946973461213882	30	6591.5	False	0.0005765070813436
6026	0.0004146721088783854	30	6647.5	False	0.0004784279361626
6027	0.0008803384891391625	30	6732.0	False	0.0008612664101121
6028	0.0009051831354790244	30	6787.5	False	0.0010402646512155
6029	0.000511040444538945	30	6744.5	False	0.0059353223699568
6030	0.0006080956594190995	30	6833.0	False	0.000518089130881
6031	0.0006478835489286701	30	6851.0	False	0.0007814102501489
6032	0.000491930301536489	30	6989.5	False	0.0006760190627786
6033	0.0006247502325958951	30	6952.0	False	0.0007402137968161
6034	0.0008194377744329237	30	6981.0	False	0.0008379420144126
6035	0.0010450600226161325	30	6977.0	False	0.0010565316122863
6036	0.0002706522423784329	30	7072.5	False	0.0003302182742792
6037	0.0004449365433864317	30	7024.0	False	0.0005676684437842
6038	0.000595492930902727	30	7007.5	False	0.000664026371333
6039	0.0003806790644143075	30	6979.5	False	0.0004428887777698
6040	0.00047433319893002486	30	6927.0	False	0.0004698572209383
6041	0.00030135345746117655	30	6959.5	False	0.000352723598162
6042	0.00030758301146613463	30	6966.0	False	0.0003465200839243
6043	0.00035285340148302074	30	6942.5	False	0.0003714108851959
6044	0.0003673690456322153	30	6888.0	False	0.0005084152313529
6045	0.0002486719255796007	30	6852.0	False	0.0003445025526682
6046	0.00031972674784608226	30	6845.5	False	0.0003535459705314
6047	0.0005445116519214498	30	6812.0	False	0.0005541701302299
6048	0.0003641421304231167	30	6722.5	False	0.0003583153368648
6049	0.0003816594487770341	30	6694.0	False	0.0004369122922846
6050	0.00034978206764436904	30	6576.5	False	0.0005100348111138
6051	0.00030551155343350265	30	6700.0	False	0.0003967121272962
6052	0.0003310549551951721	30	6697.5	False	0.0003002566710252
6053	0.0004653358772989924	30	6807.5	False	0.0006543626656355
6054	0.00039492475693340067	30	6723.5	False	0.0005734193622998
6055	0.0004364377846519548	30	6689.5	False	0.0004940161087997
6056	0.00028188637222148634	30	6676.5	False	0.000319039401366
6057	0.0005042922533971147	30	6630.0	False	0.0005798372557618
6058	0.00041262015886323	30	6627.0	False	0.0004612002983082
6059	0.0004220630023580776	30	6763.0	False	0.0004437284767573
6060	0.0003578637945397815	30	6697.0	False	0.0004048444763117
6061	0.000378429856218136	30	6655.0	False	0.0004037539267531
6062	0.00042899629490128586	30	6702.0	False	0.0004764405032767
6063	0.00047346318887280187	30	6671.0	False	0.0005520381443701
6064	0.0003858357673874199	30	6640.0	False	0.0004321988114532
6065	0.0004255627620944923	30	6830.0	False	0.0004526303117852
6066	0.0005201110068196032	30	6838.5	False	0.0005984700403002
6067	0.00034909367545279924	30	6796.0	False	0.0003508891628856
6068	0.0004381863351700546	30	6727.0	False	0.0004850064422572
6069	0.00030513233565440754	30	6770.5	False	0.0003674201228652
6070	0.00033810354051782014	30	6647.5	False	0.0004679783335988
6071	0.00026520442102937543	30	6693.5	False	0.0003174319753196
6072	0.00025502136830304705	30	6758.5	False	0.0003142152963933
6073	0.00036210740302252385	30	6647.0	False	0.0003778218569944
6074	0.00048594771907422283	30	6603.0	False	0.0004904659426455
6075	0.0005520303284895786	30	6641.5	False	0.000600701977352
6076	0.0005840774462676138	30	6507.0	False	0.0006390294866463
6077	0.0004589228756892792	30	6637.0	False	0.0005688821465819
6078	0.000435164813801155	30	6640.0	False	0.0004848133468614
6079	0.0004385758822102268	30	6643.5	False	0.0005409574947657
6080	0.0006547271480121439	30	6597.5	False	0.0006694114212661
6081	0.0007475949931285518	30	6612.0	False	0.0008073387088635
6082	0.00044079984287399165	30	6677.0	False	0.0004946883463418
6083	0.0003312203695047094	30	6667.0	False	0.0004144860373137
6084	0.00041238739109731356	30	6596.5	False	0.0004234041695229
6085	0.0004731586970587984	30	6534.5	False	0.0005092142315193
6086	0.0005288637409187724	30	6607.0	False	0.0005461413595885
6087	0.00042138798637932084	30	6589.0	False	0.0004360435637941
6088	0.00037060635041105845	30	6549.0	False	0.0004333992780077
6089	0.00035540754264138535	30	6596.0	False	0.0003917000289959
6090	0.00034598835654455276	30	6643.0	False	0.0003673843242644
6091	0.0002581579692537124	30	6768.5	False	0.0003509812645212
6092	0.0002208444590755575	30	6798.5	False	0.000359107053256
6093	0.0004790672384284852	30	6852.5	False	0.0004496600667647
6094	0.0003957526275143312	30	6777.5	False	0.0003846969525096
6095	0.00024855779678764053	30	6874.0	False	0.0003417618310622
6096	0.0004087150246698102	30	6930.5	False	0.0004319570566737
6097	0.00037112420638867646	30	6977.5	False	0.0003759833410458
6098	0.0003515651877334632	30	6993.0	False	0.0003712203023758
6099	0.0003167539302034395	30	7010.5	False	0.0003553080136361
6100	0.0007095991528853962	30	7034.0	False	0.0007497080463857
6101	0.0003615556422259458	30	7139.0	False	0.0003820700650462
6102	0.00036294691047834273	30	7119.0	False	0.004995327257978
6103	0.0002076458093394241	30	7040.0	False	0.0002684242061114
6104	0.00033661273475982245	30	7137.5	False	0.0003595862865145
6105	0.0003402555031573769	30	7019.0	False	0.0003593261915256
6106	0.00024003965316918036	30	6936.0	False	0.0002713362340468
6107	0.0003319701996041998	30	6936.0	False	0.0003682563063892
6108	0.0006728621085376831	30	6880.5	False	0.0007125913922864
6109	0.0005178646371763052	30	6899.0	False	0.0005750767581266
6110	0.000553941745761755	30	6818.5	False	0.0006098220696574
6111	0.00024373746177523963	30	6861.5	False	0.0002748830519872
6112	0.00030496861117005345	30	6696.0	False	0.0004550318522296
6113	0.0003229021745715805	30	6814.0	False	0.0003935865078545
6114	0.00020934547442543914	30	6906.0	False	0.0003116645320892
6115	0.0003855878590788486	30	6894.0	False	0.000388889429013
6116	0.0004524376283506476	30	6758.5	False	0.0007242386812903
6117	0.0004314220925762556	30	6997.5	False	0.0007023881196066
6118	0.00038000165853827657	30	7002.0	False	0.0003968994027381
6119	0.0003664224745083791	30	7010.5	False	0.0003919019671567
6120	0.0003193796512450706	30	6948.5	False	0.0003673556195742
6121	0.00040282256811546423	30	6890.5	False	0.0004135448087963
6122	0.0002612018539924184	30	7041.0	False	0.0003098454586189
6123	0.0002861814878042471	30	7091.0	False	0.0003589714523229
6124	0.00025313465994989976	30	7052.5	False	0.0003039398199156
6125	0.0004815381153472144	30	7043.5	False	0.0004749916876454
6126	0.0002656271972999578	30	7085.5	False	0.0002970717216013
6127	0.0009575108156891958	30	7033.0	False	0.0009597795357897
6128	0.00047531083511205026	30	7114.5	False	0.0005432135765931
6129	0.00046456057245381497	30	7158.5	False	0.0005491973806077
6130	0.0004837563191235825	30	7023.0	False	0.0005195222284669
6131	0.000748474190448063	30	6875.0	False	0.0007907158389061
6132	0.00015491263407229678	30	6902.0	False	0.0002386725984763
6133	0.00015361699513904032	30	6881.0	False	0.0002459087533872
6134	0.0004282957757444414	30	6956.0	False	0.0005467572540424
6135	0.0003183593964260495	30	7052.5	False	0.0003886295424004
6136	0.00036818597756819505	30	7173.5	False	0.0004319277302197
6137	0.0003005513509774196	30	7291.5	False	0.0004371200547977
6138	0.0003840390764184669	30	7334.0	False	0.0003957225984584
6139	0.00041090918818473894	30	7427.0	False	0.0004519258304696
6140	0.00045016769131508343	30	7425.0	False	0.0005890043595246
6141	0.00030892859260374356	30	7464.0	False	0.0003653260980945
6142	0.0003642806204964819	30	7464.5	False	0.0003824380872759
6143	0.0002411054340792433	30	7625.5	False	0.0003189081981249
6144	0.00034439430129130764	30	7662.5	False	0.0004049817105033
6145	0.000508448995061335	30	7822.5	False	0.0004649240624031
6146	0.0005276513249761572	30	7779.0	False	0.0005437761368589
6147	0.0003462628549299043	30	7921.0	False	0.0004533494900877
6148	0.00023954021984751557	30	7906.0	False	0.0002771275938076
6149	0.0002857202090481327	30	7966.5	False	0.0002878160686018
6150	0.0003685602761652795	30	8083.0	False	0.0003558212354113
6151	0.0002697147914145963	30	8056.5	False	0.0002994188743537
6152	0.000446792282404732	30	8042.0	False	0.0004602379725883
6153	0.0004924060005218952	30	8091.5	False	0.0004838112547119
6154	0.00038661276882978504	30	8098.0	False	0.0003770438920984
6155	0.0003443025505383575	30	8100.0	False	0.000292142615678
6156	0.0003629671059374511	30	8123.0	False	0.0004246867934898
6157	0.0003615828867514438	30	8137.0	False	0.0003690832635254
6158	0.00026562699430518434	30	8202.5	False	0.00034594665832
6159	0.00021843853081533933	30	8270.0	False	0.0002616944717042
6160	0.00020824741209397415	30	8312.0	False	0.0003136571198129
6161	0.00021628677034422585	30	8355.0	False	0.0002551381998582
6162	0.0003091963149720544	30	8396.5	False	0.0003550620551637
6163	0.0006623731060549083	30	8380.0	False	0.0006938757397643
6164	0.0005237698370024427	30	8521.5	False	0.0005929064670284
6165	0.00028636438958014494	30	8612.0	False	0.0003804876518028
6166	0.00039421040515536063	30	8563.0	False	0.0003989240898803
6167	0.0003519754541237437	30	8407.5	False	0.000412714955706
6168	0.0004576528587613614	30	8477.5	False	0.0059384272552645
6169	0.00045748336473110736	30	8486.5	False	0.0005340453938584
6170	0.00047026375735020345	30	8656.5	False	0.0004651562768735
6171	0.0005148840424626974	30	8775.5	False	0.0005794593258183
6172	0.00041718851944448003	30	8922.0	False	0.0005008385251064
6173	0.0004278380268198065	30	8954.0	False	0.0006128610016115
6174	0.0003572568562661049	30	8903.5	False	0.0003870350835919
6175	0.0003566986852754715	30	8892.5	False	0.0003725130949756
6176	0.00029263999598537916	30	8801.0	False	0.0003177933653934
6177	0.00027307472316522887	30	8839.0	False	0.000298967412552
6178	0.00036069935528483326	30	8873.5	False	0.0003816604519623
6179	0.000196563830247314	30	8919.5	False	0.0003512164172904
6180	0.0002771872317496603	30	8960.0	False	0.000380612144919
6181	0.0006509373142547753	30	9002.0	False	0.0007715644780703
6182	0.0003019848605369015	30	9085.5	False	0.0004243028778156
6183	0.00018278207941878441	30	8944.0	False	0.0003057849991694
6184	0.00021590347437063352	30	8970.5	False	0.0002856584427104
6185	0.00032052599137045404	30	8957.0	False	0.0003342358954329
6186	0.0005666841917410037	30	9008.5	False	0.0005602826812887
6187	0.0004865709645324325	30	9025.0	False	0.0004404793012057
6188	0.0005886984680901401	30	8895.5	False	0.0005822086121507
6189	0.0005270087500785358	30	8822.5	False	0.0007157160586887
6190	0.0007499312661422212	30	8757.0	False	0.0007926964700115
6191	0.000500286067254112	30	8819.5	False	0.0005691410935148
6192	0.0002971034325112894	30	8778.5	False	0.0003718997174328
6193	0.00025589975334378424	30	8806.0	False	0.0003650771081281
6194	0.0003195945214390496	30	8966.5	False	0.0003581229832021
6195	0.00031270838542969074	30	9040.0	False	0.0003744995749429
6196	0.0003636229687631557	30	9075.5	False	0.0003964454550894
6197	0.00039487649309142	30	9111.0	False	0.0004137931034482
6198	0.000509635003753847	30	9049.0	False	0.0005684128107448
6199	0.000429448127053333	30	9017.0	False	0.0004535730214766
6200	0.0003696598908528798	30	9062.0	False	0.0003869547413226
6201	0.0002835481394853494	30	9025.0	False	0.000323122414551
6202	0.0004248231852125155	30	9056.5	False	0.0003964676972333
6203	0.00018905522292616634	30	9082.5	False	0.0002829391420242
6204	0.0002761588452520722	30	9021.0	False	0.0003153745072273
6205	0.0003367580824190174	30	9006.5	False	0.0003645766776164
6206	0.00032872767077255297	30	9095.5	False	0.0003647570271557
6207	0.0002987324471957469	30	9143.0	False	0.0003601797185399
6208	0.0003885583906220586	30	9198.0	False	0.0003992045479747
6209	0.0004002773643561008	30	9407.5	False	0.0004091075301128
6210	0.00030282767121241045	30	9288.0	False	0.0003656628003919
6211	0.0003020616222740702	30	9162.5	False	0.0003518257906821
6212	0.00040609286335526894	30	8759.5	False	0.0004584699432498
6213	0.0003979854949116034	30	9075.0	False	0.0003798628024936
6214	0.00023620224410217828	30	9014.5	False	0.0002893801252226
6215	0.00036018371804816404	30	9050.0	False	0.0004557357330434
6216	0.0002579209845843405	30	9050.0	False	0.0003226157383961
6217	0.00030668536989333033	30	8987.5	False	0.0003402440684117
6218	0.0007693627101289938	30	8225.0	False	0.0008504169919066
6219	0.0003358445024445792	30	8882.5	False	0.0003689798278347
6220	0.00041934797109395816	30	8736.5	False	0.0004014963459971
6221	0.0005296003424311157	30	8582.5	False	0.0005781936099497
6222	0.0003622136610865439	30	8738.5	False	0.0004449844448915
6223	0.0006316319204654405	30	8835.0	False	0.0006559087404634
6224	0.0003987241463241306	30	8788.0	False	0.000411720568713
6225	0.0005737231821020744	30	8324.5	False	0.000623103378515
6226	0.0004901000274705748	30	8466.5	False	0.0004887294227032
6227	0.00042807468719433873	30	8277.5	False	0.0004923121991707
6228	0.00038260232285169526	30	8438.0	False	0.0005172935203017
6229	0.0006367884451996602	30	8354.5	False	0.0005953123177358
6230	0.0003298478536771241	30	8522.0	False	0.0003862586514055
6231	0.00033225057338816667	30	8459.0	False	0.0004045644387858
6232	0.0004986883510687464	30	8208.0	False	0.0004684298638294
6233	0.0012739181502774075	30	7799.5	False	0.0013618493743201
6234	0.0006577112010681414	30	8365.0	False	0.0007175240210206
6235	0.0008063063853744701	30	8153.0	False	0.00087618624511
6236	0.00033740057336193883	30	8341.5	False	0.0003656116160033
6237	0.00031038206916200793	30	8399.0	False	0.0004441367941325
6238	0.0007447752110465109	30	8217.0	False	0.00078170484942
6239	0.0006247797233103832	30	8234.5	False	0.0007188050779314
6240	0.0003705164116518163	30	8437.5	False	0.0004153868889519
6241	0.001618210490158829	30	8238.0	False	0.0016145824860503
6242	0.0005388960830574374	30	8418.5	False	0.0005229937600057
6243	0.0004795417639240809	30	8447.0	False	0.0005217606034898
6244	0.00047276039101503596	30	8464.0	False	0.0005093290783133
6245	0.0005936205442639756	30	8331.0	False	0.0006580248757624
6246	0.0009014071343153339	30	8239.5	False	0.0009728620538834
6247	0.0003695221711281313	30	8323.5	False	0.0004333703250682
6248	0.0006178624256957269	30	8336.0	False	0.0006655709096812
6249	0.0005095636992273327	30	8419.0	False	0.0006125154640006
6250	0.00030250341994698173	30	8621.0	False	0.000380067066001
6251	0.0003063358169055914	30	8599.5	False	0.0003549351944167
6252	0.0004153647667391319	30	8573.0	False	0.0004122440484766
6253	0.00027121220678489406	30	8637.0	False	0.0003469494371044
6254	0.00032271811235054526	30	8573.0	False	0.0003637337468972
6255	0.0003547777655919351	30	8742.0	False	0.000437006153519
6256	0.0010147148231050994	30	8704.5	False	0.0010751540592994
6257	0.0004414491729187968	30	8920.5	False	0.0005269112154601
6258	0.00066525337759928	30	8945.0	False	0.0006528423752646
6259	0.0007105604784982244	30	8933.0	False	0.0007922483931726
6260	0.0007209981560299503	30	9075.0	False	0.000838171870952
6261	0.0007773852159126043	30	9097.5	False	0.000786545885643
6262	0.0005771935027458412	30	9191.0	False	0.0005464377908839
6263	0.0006982026772183952	30	9328.0	False	0.0007097706808967
6264	0.00031942226092605727	30	9354.0	False	0.0004769422456215
6265	0.00038080186764933064	30	9322.5	False	0.0004579718495045
6266	0.0006667305279004498	30	8955.0	False	0.0006443445499821
6267	0.00031250109863667486	30	9333.5	False	0.0003603047148445
6268	0.0005915993245893128	30	9350.0	False	0.0005901897350703
6269	0.0009975619464623346	30	9375.5	False	0.0010243697938501
6270	0.0002929969452241598	30	9521.5	False	0.0003329443016403
6271	0.00030287459148387914	30	9643.0	False	0.0003653402097691
6272	0.00046182226650223594	30	9618.0	False	0.0004315183833847
6273	0.0005357240402354489	30	9794.0	False	0.0004990521474837
6274	0.0004991595189879684	30	9744.5	False	0.0006084575600851
6275	0.000373867268488486	30	9893.0	False	0.0003975202958099
6276	0.00024316003552851933	30	9988.5	False	0.0004665172459255
6277	0.00029796387652612175	30	10149.5	False	0.0003612173023087
6278	0.00046962979084029153	30	9547.5	False	0.000535516199365
6279	0.0002955616630987784	30	10056.0	False	0.0003814371742594
6280	0.0003181193410842374	30	10084.0	False	0.0004636239942214
6281	0.0002898258485894168	30	10034.5	False	0.0003379508687027
6282	0.00028087407248774396	30	10012.5	False	0.0003463673871334
6283	0.00043424025161993725	30	9874.5	False	0.0004839656350075
6284	0.00029029708690802485	30	9660.5	False	0.0003066511578724
6285	0.00031342997731223667	30	9767.5	False	0.0003730562722264
6286	0.00044679813561608963	30	9396.5	False	0.0005615807245464
6287	0.0003838956873679086	30	9821.0	False	0.0004154434166066
6288	0.0006998385371893097	30	9580.0	False	0.0006436058998392
6289	0.0008753853807146241	30	8779.0	False	0.0010599208592425
6290	0.00046027854500185533	30	9639.5	False	0.0004863436123348
6291	0.0004089576566988288	30	9659.0	False	0.000417458245331
6292	0.0005189518404516626	30	9685.0	False	0.0005436144714408
6293	0.001238090562619676	30	9429.0	False	0.0013028561502048
6294	0.00044174845880750094	30	9620.5	False	0.000506657407473
6295	0.0002821563048503327	30	9675.0	False	0.0003353655307777
6296	0.0003221614719159727	30	9653.5	False	0.0003821263918423
6297	0.00024504362404773733	30	9466.5	False	0.0003248781706859
6298	0.000518044343052244	30	9551.5	False	0.0006130901884182
6299	0.00040855219807484766	30	9519.0	False	0.0004214616862753
6300	0.0005350710793446473	30	9535.0	False	0.000594574772228
6301	0.0005621632272058323	30	9695.0	False	0.000647301561615
6302	0.00028795384067458764	30	9676.5	False	0.0003789034953847
6303	0.0002761035935858701	30	9829.5	False	0.0003560207252453
6304	0.000619400863988236	30	9907.0	False	0.0006941199109327
6305	0.00045977021213269116	30	9926.0	False	0.0004472210372775
6306	0.00041909529310144836	30	9843.5	False	0.0004738484100137
6307	0.0002642936278061485	30	10022.5	False	0.0003301801694471
6308	0.0003359099973337074	30	10117.5	False	0.0003977617474549
6309	0.00026468265724091325	30	9931.5	False	0.0003095623819793
6310	0.0005668660186989498	30	9635.0	False	0.0005491840693826
6311	0.0003277500088015395	30	10055.5	False	0.0003767398763885
6312	0.0005659798258028682	30	9820.5	False	0.000611574038682
6313	0.00037890277612037324	30	10064.0	False	0.0004714917115827
6314	0.0003595908970869073	30	10126.5	False	0.00049260418916
6315	0.0005288552930257523	30	9970.5	False	0.0004741339325286
6316	0.001211038530223147	30	9033.5	False	0.0013481340172891
6317	0.0005504984078637685	30	9866.0	False	0.0005798973546957
6318	0.00032758683724472666	30	9872.0	False	0.0003947546115302
6319	0.000368127131831792	30	9993.5	False	0.0004783348480603
6320	0.0010623926388215442	30	9987.0	False	0.001137893564238
6321	0.000393211241579086	30	10195.0	False	0.0003741977300898
6322	0.00042963919856907915	30	10151.5	False	0.0004646840148698
6323	0.0006463681628062339	30	10083.5	False	0.0006090319437254
6324	0.00036828121481116455	30	10121.5	False	0.0004477903398493
6325	0.00041557257216709865	30	10118.5	False	0.0004828503704103
6326	0.0003377807826756205	30	10204.0	False	0.0003641137504718
6327	0.0011463841578607738	30	10095.0	False	0.0011611461592727
6328	0.00029844268275010645	30	10229.0	False	0.0003305785123966
6329	0.0005094605910810628	30	10391.5	False	0.0005895473259115
6330	0.0003996256728034967	30	10267.5	False	0.0005080592138032
6331	0.000709493112470785	30	10036.0	False	0.0007244232672509
6332	0.0003957793314651412	30	9960.5	False	0.0004278609349274
6333	0.0002826919891355773	30	9943.0	False	0.0003427509879797
6334	0.0005238814202435387	30	9790.0	False	0.0005645169720982
6335	0.00046998830866249656	30	9960.5	False	0.000526303198488
6336	0.0005417235304858677	30	9847.0	False	0.00053610215686
6337	0.0004825026251996827	30	9722.0	False	0.0005132036475861
6338	0.0004482569468611552	30	9722.5	False	0.0004440202361348
6339	0.0003280018380455869	30	9638.0	False	0.000418190955127
6340	0.0004146102720919661	30	9823.0	False	0.0006417710119624
6341	0.00032168917680321725	30	9651.0	False	0.0003722838207558
6342	0.0004699837331797584	30	9576.5	False	0.0004959421306382
6343	0.000495681977322703	30	9509.0	False	0.0005007367984319
6344	0.00036030232002908446	30	9675.5	False	0.0004146168104469
6345	0.0003125293301451435	30	9654.5	False	0.0003763325513588
6346	0.0007885278596603752	30	9557.0	False	0.0007437958262831
6347	0.0003062615802099381	30	9519.0	False	0.0003785935426802
6348	0.0004883293068231732	30	9282.5	False	0.0005796156423771
6349	0.0003196584907025541	30	9372.0	False	0.0003663358869099
6350	0.0003766678812118336	30	9433.0	False	0.0003382576526343
6351	0.0002712770522959966	30	9250.0	False	0.0003919490756534
6352	0.0008433832423190797	30	9191.0	False	0.0008964671874714
6353	0.00045165702141364197	30	8997.5	False	0.0004391024448331
6354	0.0004226438917059194	30	9083.0	False	0.0004724485012678
6355	0.0005653463966545003	30	8691.0	False	0.0006095279244802
6356	0.00026117866512239026	30	9016.5	False	0.00035428592739
6357	0.0003235846833255997	30	9017.0	False	0.0003352804434642
6358	0.0012366054470004917	30	8948.5	False	0.0012713962105642
6359	0.0010389543436490067	30	9056.5	False	0.0010611142441601
6360	0.0011212373057610222	30	9042.0	False	0.0011176835358902
6361	0.0011874220057714918	30	9069.5	False	0.0011843722270281
6362	0.0003937535266461165	30	8922.5	False	0.0004793900045296
6363	0.00038714517945476114	30	9101.0	False	0.0003893922143808
6364	0.0004259579709131557	30	9114.5	False	0.0004146504903612
6365	0.0013823338564293778	30	8801.5	False	0.0015732614128116
6366	0.00034226065402329786	30	9081.5	False	0.0003968504170638
6367	0.0005317605859727814	30	8873.0	False	0.0005299597609124
6368	0.00038460615159059344	30	9250.5	False	0.0004321521175453
6369	0.0004627005329319115	30	9141.5	False	0.0004928499970576
6370	0.0003220904000734224	30	9470.5	False	0.0004538145435054
6371	0.0003209059238462751	30	9634.0	False	0.0003884718357919
6372	0.0007325872749220225	30	9549.5	False	0.0008166670791247
6373	0.0005701018214235629	30	9654.0	False	0.0005306577013444
6374	0.0002893373181308286	30	9704.5	False	0.0003308121961751
6375	0.000360600476234033	30	9684.5	False	0.0004497672715862
6376	0.0003987547658190213	30	9545.5	False	0.0003983698564458
6377	0.0004160851763213287	30	9727.5	False	0.0003952089580697
6378	0.0006780581219097254	30	9678.5	False	0.0006418955454542
6379	0.00043101131309701264	30	9540.5	False	0.0004644681839294
6380	0.00040782943364091784	30	9473.5	False	0.0004270021955029
6381	0.0002894560689063371	30	9548.5	False	0.000362381302532
6382	0.0003709975575559874	30	9505.5	False	0.0004243731654701
6383	0.00043026124868388797	30	9430.5	False	0.0004525402832118
6384	0.0005476878008662666	30	9281.5	False	0.0006584469335185
6385	0.0005373450737907045	30	9539.0	False	0.0005399568034557
6386	0.00044208682177708394	30	9449.0	False	0.0004556538454692
6387	0.0003812588664852671	30	9535.0	False	0.0004035341092515
6388	0.0003251990627390289	30	9373.5	False	0.0004127411395244
6389	0.00042885244336660186	30	9386.0	False	0.000553545728234
6390	0.00023790739398040205	30	9626.5	False	0.000334788734359
6391	0.000471169834692185	30	9600.5	False	0.0004592086999175
6392	0.0005716343118257389	30	9882.5	False	0.0005614253439575
6393	0.0004597560551800221	30	9908.0	False	0.0004976202243691
6394	0.00048318284929600936	30	9379.0	False	0.0005271406687256
6395	0.0005947026613924843	30	9588.0	False	0.0005865839862571
6396	0.0007163376252272763	30	9458.0	False	0.0007055486615848
6397	0.0006984339340520972	30	8925.5	False	0.0007227679390627
6398	0.0004913234917394695	30	9453.0	False	0.0005263625855783
6399	0.0005263045246745665	30	9126.0	False	0.0005283201620181
6400	0.0005729498423469254	30	9345.0	False	0.0005564630490585
6401	0.0004720046816206238	30	9664.0	False	0.0005258246044127
6402	0.000569765682105366	30	9388.0	False	0.0005848140897404
6403	0.00038985721983577525	30	9410.0	False	0.0004378595432021
6404	0.0002672374059233506	30	9676.0	False	0.0002783073347898
6405	0.00030358985217119564	30	9452.5	False	0.0003064762712528
6406	0.00031644180131860683	30	9495.5	False	0.0003612358515958
6407	0.00029516064606030664	30	9237.5	False	0.0003841219913463
6408	0.0002815371477045283	30	9300.0	False	0.0002886731858694
6409	0.0003781996006564646	30	8626.0	False	0.000459660006103
6410	0.0004451915611921383	30	9033.0	False	0.0004889450270216
6411	0.0002697241662789735	30	9648.5	False	0.0003030419138315
6412	0.00024972216687564413	30	9358.0	False	0.0003374388392103
6413	0.0004797589693699254	30	8664.5	False	0.0005435390172351
6414	0.0003031425389065554	30	9415.5	False	0.0003283263563982
6415	0.0009149783976609716	30	8351.0	False	0.0011400560891706
6416	0.00033869709122507177	30	10106.0	False	0.0003446637353517
6417	0.00040939575943007656	30	10063.0	False	0.0005162189975295
6418	0.00051714762027573	30	8936.0	False	0.0006244331782162
6419	0.015381406273470892	30	7197.5	False	0.0281865637123951
6420	0.0006339652057607656	30	10308.0	False	0.0006353781154816
6421	0.00044890320476653295	30	10147.5	False	0.0004990833502467
6422	0.0006158896831521773	30	10269.0	False	0.0006179697720743
6423	0.0006249047378668353	30	10326.0	False	0.0007554228569372
6424	0.0006838774480313075	30	10443.5	False	0.0007603475503161
6425	0.0009076529989077518	30	10299.5	False	0.0009910474277513
6426	0.0009511796217053848	30	10368.0	False	0.0010601346568554
6427	0.0006809180351755632	30	10561.0	False	0.0007710100231303
6428	0.0006943822986966366	30	10721.0	False	0.0006461284808978
6429	0.0005450009553931417	30	10791.0	False	0.0006676708098119
6430	0.0006309964996511935	30	10783.5	False	0.0005947635498525
6431	0.0005555073388968929	30	10812.5	False	0.0006204724409448
6432	0.0005715346161040296	30	10733.5	False	0.0006262696265589
6433	0.000428645959401397	30	11056.5	False	0.0004719047060928
6434	0.00038300258916922547	30	11224.5	False	0.0004449035686751
6435	0.0004853581352298307	30	11377.0	False	0.000521425148365
6436	0.0005140262971547348	30	11388.0	False	0.0005447623060601
6437	0.00043967933136658473	30	11380.0	False	0.0005042183265353
6438	0.0005141388045375323	30	11203.5	False	0.0005518410453881
6439	0.0005403160012415504	30	11070.5	False	0.0005528308646398
6440	0.0004915793347904916	30	11663.0	False	0.0005456785777151
6441	0.0005521400543141752	30	11742.0	False	0.0005627888666948
6442	0.0005586261187819034	30	11901.0	False	0.0005484234977933
6443	0.00039079309131205184	30	11902.5	False	0.0004851150067026
6444	0.0004894385366095076	30	11616.0	False	0.0005407712274629
6445	0.0007180361008460388	30	12064.5	False	0.0007018640600136
6446	0.0007403830878521763	30	11748.0	False	0.0009303302234834
6447	0.00045923020658350695	30	11886.5	False	0.0005133218556873
6448	0.00038077400660033384	30	11812.5	False	0.0004159217142906
6449	0.0003283249052019469	30	11765.5	False	0.0004324907986856
6450	0.00043914232415343847	30	11671.5	False	0.0004921116540193
6451	0.0004500362789510117	30	11518.5	False	0.0006027870034394
6452	0.0005471026534369654	30	11657.5	False	0.0005336988538598
6453	0.0003966744249556994	30	11670.5	False	0.0004630816188634
6454	0.0003551263573729288	30	11716.5	False	0.0003659620445079
6455	0.0004852158756115138	30	11728.5	False	0.0005925048141016
6456	0.0005052568017620887	30	11827.0	False	0.0005842298239252
6457	0.0003582463533174561	30	11626.0	False	0.0004752252186182
6458	0.00038989788500929225	30	11740.0	False	0.0004960173577068
6459	0.0002609604050749806	30	11671.0	False	0.0003180754393234
6460	0.00029759083542385046	30	11662.5	False	0.0003885037930238
6461	0.0003641913854799691	30	11586.0	False	0.0003858036053494
6462	0.0003305251123637003	30	11595.0	False	0.0004158985325565
6463	0.00033420129074116417	30	11680.5	False	0.0003718408169957
6464	0.00043895515180176196	30	11643.5	False	0.0005219299021602
6465	0.0006860126506380189	30	11651.5	False	0.0007489426691729
6466	0.0006550930404232711	30	11393.0	False	0.0061982415270158
6467	0.00037080746398310336	30	11543.5	False	0.0004193757547276
6468	0.0003282912863405283	30	11432.5	False	0.0003444722684846
6469	0.0004024374895541076	30	11358.0	False	0.0004487924771537
6470	0.00039974508612521944	30	11446.5	False	0.0004458394798339
6471	0.00034917997729166385	30	11490.0	False	0.0003960490386132
6472	0.0004952193145851247	30	11341.0	False	0.0004724674840053
6473	0.00046256342987331287	30	11438.0	False	0.0004339849092971
6474	0.00048656422384179686	30	11293.0	False	0.0004898951563884
6475	0.0005434108586628446	30	11580.5	False	0.0005768104452976
6476	0.000356254286998948	30	11525.5	False	0.000406152167726
6477	0.0007468585931611768	30	11583.0	False	0.0008933546794979
6478	0.00043291458459814133	30	11456.0	False	0.0004679164307215
6479	0.00027982533392350786	30	11371.0	False	0.0003327747115203
6480	0.00041326178343014275	30	11462.0	False	0.0004524132676143
6481	0.0008332646299147848	30	11373.5	False	0.0008844304268051
6482	0.00035945900265885536	30	11544.0	False	0.0003573918077527
6483	0.00035472685062330387	30	11507.5	False	0.000536353507337
6484	0.00041394260426746087	30	11352.0	False	0.0004435759414
6485	0.0006737330824933213	30	11182.0	False	0.0006771182821936
6486	0.0003904729150268056	30	11423.5	False	0.0004063983839687
6487	0.0002617774987838665	30	11387.5	False	0.0003749756265842
6488	0.00033707981574742203	30	11310.5	False	0.0003817892583895
6489	0.00032267445886246865	30	11444.0	False	0.0003803716260737
6490	0.0005965426831977959	30	11345.5	False	0.0006159290111622
6491	0.0003766638305901179	30	11495.5	False	0.0003920406764646
6492	0.0003482571590147671	30	11390.5	False	0.0003832076593253
6493	0.0003420961555395822	30	11184.5	False	0.0003887334635233
6494	0.00039631646362011817	30	11091.0	False	0.0004595701631011
6495	0.0003779395959963719	30	10986.5	False	0.0004071420801541
6496	0.00041285374233608456	30	11177.0	False	0.0004741888311704
6497	0.0004733338348478013	30	10900.5	False	0.0004790171694781
6498	0.0005352818956651852	30	11119.5	False	0.0005690609264311
6499	0.0008060274879893926	30	10958.0	False	0.0007891059710058
6500	0.0005608402185377055	30	11289.5	False	0.0006370798685795
6501	0.00040833802327628634	30	11294.0	False	0.0004104566101756
6502	0.00045571959493978406	30	11255.0	False	0.0004949708517165
6503	0.00043087706158208863	30	10999.0	False	0.0004926016224676
6504	0.0005733897767941562	30	11001.5	False	0.0005736946878379
6505	0.0005465739237808826	30	10720.0	False	0.0005781089414182
6506	0.0003679920670482122	30	11000.0	False	0.0004070705014795
6507	0.00037146899204049073	30	11112.5	False	0.0004135032116452
6508	0.000569339755453987	30	11024.0	False	0.0005846728177165
6509	0.0002849656029006353	30	10977.0	False	0.0003555124885559
6510	0.0003682473146592196	30	10862.5	False	0.0004474059971442
6511	0.00042117706108065015	30	10773.0	False	0.0004983945943355
6512	0.0006036245711121105	30	10741.5	False	0.0006155602078798
6513	0.0006455008805883191	30	10864.0	False	0.0006736285492001
6514	0.00039091378727382957	30	11070.5	False	0.0004762008509366
6515	0.0012249583980022422	30	10988.0	False	0.0012515880111043
6516	0.0004075347553228977	30	10966.5	False	0.0004339895590917
6517	0.0004429169120541182	30	10848.0	False	0.000578266091366
6518	0.0004529893676372259	30	10884.5	False	0.0005387931034482
6519	0.00031403912508604423	30	10774.0	False	0.0003810536292956
6520	0.0003022189110404085	30	10802.5	False	0.000361736591737
6521	0.0005249425431517838	30	10885.0	False	0.0004734021090222
6522	0.00030414396977728505	30	10643.0	False	0.0004702540020237
6523	0.0003875724040646144	30	10903.5	False	0.000409826951364
6524	0.00028744886830122155	30	10817.5	False	0.0003490284256804
6525	0.0003550197982145548	30	10849.0	False	0.0003297023396062
6526	0.00043804293282506	30	10798.0	False	0.0004599816007359
6527	0.00044771736755116825	30	10555.5	False	0.0004309096907549
6528	0.0003617633451968939	30	10804.0	False	0.0004188367847402
6529	0.00037218730074806415	30	10776.5	False	0.0003940263028705
6530	0.0005002258397172519	30	10634.0	False	0.0005652726542001
6531	0.0003780675323629924	30	10859.0	False	0.0003774924901388
6532	0.0003837578644380103	30	10744.0	False	0.0004397551598477
6533	0.00029599333984712715	30	10830.5	False	0.0003499680533749
6534	0.00037580218421250046	30	10644.0	False	0.0004323417645395
6535	0.0003639446152521635	30	10875.0	False	0.0003598634429696
6536	0.0003569760776538577	30	10782.5	False	0.0004023704447641
6537	0.0009092109556481812	30	10685.0	False	0.0010051717708856
6538	0.0008444288010085001	30	10343.0	False	0.0009467455621301
6539	0.0004739381775183474	30	10782.5	False	0.0004539990280584
6540	0.0006023083378782911	30	10735.5	False	0.0006055305120096
6541	0.0008154639825297638	30	10723.0	False	0.0010041637618404
6542	0.0005073823900245873	30	10733.0	False	0.0005969463163304
6543	0.0003783652408195119	30	10609.5	False	0.0004616328243535
6544	0.0005847596787885051	30	10474.5	False	0.0005843104483848
6545	0.0003533908087825108	30	10760.0	False	0.0003652590957455
6546	0.000362275242072553	30	10780.0	False	0.0004155353109853
6547	0.0006185007524281076	30	10611.5	False	0.000664004203211
6548	0.0007267619535028588	30	10522.5	False	0.0006522061752599
6549	0.0004883248206385245	30	10698.0	False	0.0005559102792575
6550	0.0005195311319247428	30	10422.0	False	0.0005982864296281
6551	0.0005375914671118523	30	10518.5	False	0.0005532959939428
6552	0.0006776635101012948	30	8951.0	False	0.0007670605491405
6553	0.0006316258569321107	30	10574.5	False	0.0006946097000958
6554	0.00042426173566135117	30	10495.0	False	0.0004436370466077
6555	0.0012389639237511394	30	9050.5	False	0.0013966066533303
6556	0.00039840386610633376	30	10756.0	False	0.0004898970584052
6557	0.00048312288015576636	30	10646.0	False	0.000498361158498
6558	0.00038358726918917877	30	10521.5	False	0.0003678938400371
6559	0.0012340518246030056	30	10376.0	False	0.0014112095010575
6560	0.00043993054946650707	30	10747.0	False	0.0004101347450381
6561	0.0003391506774828291	30	10766.5	False	0.0004101049868766
6562	0.0010960985140342247	30	10534.0	False	0.0011730111547927
6563	0.0005643872944427256	30	10785.0	False	0.0005650143136959
6564	0.0005081380071852485	30	10542.5	False	0.0005640067036225
6565	0.0009449401210825797	30	9568.0	False	0.0009268389565047
6566	0.0008055329037032004	30	10744.0	False	0.0007971442545272
6567	0.0007725242869136877	30	10721.0	False	0.0007565890285013
6568	0.0006216846710940063	30	10793.5	False	0.0006753843031809
6569	0.0007624044548458103	30	10930.5	False	0.000878431372549
6570	0.0009587429450847432	30	10930.0	False	0.0010699336140605
6571	0.0007082591722760699	30	10941.5	False	0.0008479163472639
6572	0.0006005411105972061	30	10893.5	False	0.000721865299935
6573	0.0004836631984668808	30	10980.5	False	0.0005873632981847
6574	0.00042796878313477196	30	10949.0	False	0.0005545948809023
6575	0.0005377275089731885	30	10694.0	False	0.000631832281867
6576	0.0004201241531241733	30	10879.0	False	0.0004472048135499
6577	0.0006047086190640819	30	10865.0	False	0.0006495890643093
6578	0.0007386399446462626	30	10771.5	False	0.0007754821544533
6579	0.0003771805785541063	30	11060.5	False	0.0004729366602687
6580	0.0004425814608415734	30	11081.5	False	0.0004651105484608
6581	0.0007306755269318947	30	10906.5	False	0.0007276747512476
6582	0.0003998378588397849	30	10874.5	False	0.0004788312761322
6583	0.0004382202364467307	30	10601.0	False	0.0005091486650057
6584	0.0003067297129184203	30	11144.5	False	0.0003511150191739
6585	0.00037731696532669915	30	11126.0	False	0.0003937560665905
6586	0.00039767902107302176	30	11257.5	False	0.0004884107956875
6587	0.0003817364687968552	30	11259.5	False	0.000418805891002
6588	0.0004622443622331233	30	11033.5	False	0.0005114384589471
6589	0.0002591837227158564	30	10936.5	False	0.0003018217096043
6590	0.0003518974300764968	30	10853.0	False	0.0004371821902517
6591	0.0003827542248360797	30	10875.0	False	0.0004255017374654
6592	0.0004835188762593729	30	10745.0	False	0.000484229934722
6593	0.00034286541486715195	30	10667.0	False	0.00035534719603
6594	0.00034884151146191147	30	10690.0	False	0.0003497060283699
6595	0.0003635280550988707	30	10458.5	False	0.0003906572570143
6596	0.0004199244529728101	30	10651.0	False	0.0005055832620731
6597	0.0004646014683312641	30	10598.0	False	0.0004428155531896
6598	0.00038314507370501284	30	10663.0	False	0.0004408867765235
6599	0.0004169829193495304	30	10568.0	False	0.000467221860932
6600	0.00040527927887800904	30	10650.5	False	0.0004052016584998
6601	0.0005820938973066723	30	10235.0	False	0.0005972990269276
6602	0.0003612202367337277	30	10641.5	False	0.000343414166937
6603	0.0003225511541948967	30	10679.0	False	0.0003324092773547
6604	0.0002646705182540608	30	10622.0	False	0.0003247305997112
6605	0.0003595371515607879	30	10739.0	False	0.000352807473274
6606	0.0002593667388963957	30	10723.5	False	0.0003121546788864
6607	0.0002465609277027395	30	10724.0	False	0.0002565249626943
6608	0.0003810942217310239	30	10893.0	False	0.0003879501453273
6609	0.0003002613023984122	30	11006.0	False	0.0003762549479055
6610	0.00024318038612163387	30	11044.5	False	0.0003134929814095
6611	0.000280281521516043	30	11073.5	False	0.0003497237182625
6612	0.00037480025012592453	30	11259.5	False	0.0003844894550763
6613	0.00034118957527579845	30	11355.5	False	0.0003196864085472
6614	0.0003783701138288479	30	11292.0	False	0.0004124315229183
6615	0.0002648694556953414	30	11295.0	False	0.0002988821806443
6616	0.000417738488797784	30	11366.5	False	0.0003996778715662
6617	0.000493650742326042	30	11454.5	False	0.0005605647170482
6618	0.0003785264619871171	30	11354.0	False	0.0004041541054572
6619	0.00032879663071069815	30	11341.5	False	0.0004011267470716
6620	0.0004936456714048956	30	11111.5	False	0.0006827025223255
6621	0.00042583766721822797	30	11004.5	False	0.0005050147347286
6622	0.0007048552640402256	30	10554.5	False	0.000839608954542
6623	0.00039352035436759317	30	11021.5	False	0.0003786969131583
6624	0.00027299140214180693	30	11025.5	False	0.0002938772511456
6625	0.0002816112699289923	30	11277.0	False	0.0003784147425578
6626	0.0006959020498832607	30	11150.0	False	0.0007853553960586
6627	0.00035738546030573547	30	11241.0	False	0.0003158464685356
6628	0.00038283522496387575	30	11131.5	False	0.0003544058401235
6629	0.0002579902438424466	30	11123.5	False	0.0002944488797282
6630	0.0001542313663165023	30	11252.0	False	0.0001984789296572
6631	0.0002491474281153339	30	11148.0	False	0.0003331324443744
6632	0.00025989836450866175	30	11336.5	False	0.000316113120782
6633	0.0002446028248358417	30	11468.0	False	0.0002744577246569
6634	0.0005883412682017554	30	11513.5	False	0.0006759656021677
6635	0.0002916959374529408	30	11437.0	False	0.0003391910146825
6636	0.00022880384303319411	30	11336.5	False	0.000280116218431
6637	0.00023785042089318452	30	11456.5	False	0.0002572214173787
6638	0.0001857109250010549	30	11463.0	False	0.0002712951986647
6639	0.00044410313099368275	30	11529.5	False	0.0005005092901548
6640	0.00035536993637129774	30	11611.0	False	0.0003488899484805
6641	0.0002467262437352168	30	11518.0	False	0.0002489004456782
6642	0.00038715845474531814	30	11509.0	False	0.0003829769683543
6643	0.0003740214679957319	30	11331.5	False	0.0003819652710013
6644	0.00026112741717280205	30	11372.5	False	0.0002857984941991
6645	0.0003230309726920894	30	11335.5	False	0.0003739995512005
6646	0.0010941429738666394	30	11190.5	False	0.0011020424316779
6647	0.0006111524856946822	30	10997.0	False	0.0007258694923876
6648	0.00038282683504975337	30	11223.0	False	0.0004614646645576
6649	0.0004378900233570738	30	11175.5	False	0.0004500298489185
6650	0.0005070850556975137	30	11167.5	False	0.00049466164836
6651	0.0002579440056487553	30	11088.0	False	0.0002910036530245
6652	0.0002618916315610313	30	10968.5	False	0.0003228475783297
6653	0.000403833719412312	30	11102.0	False	0.0004245613382669
6654	0.0002642841808287383	30	11012.0	False	0.0003428788733623
6655	0.0003732159647201229	30	11105.0	False	0.0004118692671204
6656	0.00039020989320923713	30	11182.0	False	0.0004488275149711
6657	0.0003031485598653701	30	11151.5	False	0.0004741685884863
6658	0.00040275452813925093	30	11227.5	False	0.0005003936022847
6659	0.0003468812636455475	30	11033.0	False	0.0003901846874187
6660	0.00031364460263873977	30	11010.5	False	0.0003575570458947
6661	0.0003963980642841369	30	10880.0	False	0.0004109546067697
6662	0.00033850807911030864	30	10859.0	False	0.0003532198194163
6663	0.00024231646198925053	30	10750.5	False	0.0002428602372153
6664	0.0003219948513617656	30	10565.5	False	0.0003698548806244
6665	0.00040914269747741424	30	10644.5	False	0.0004148843791207
6666	0.001775937452464603	30	10503.0	False	0.0017883435183134
6667	0.0005061690331710294	30	10597.0	False	0.0005837956392723
6668	0.00039577258014410405	30	10674.5	False	0.0003645177174795
6669	0.00032913163144096937	30	10621.5	False	0.0003693070515167
6670	0.00038559307100371424	30	10535.5	False	0.0004277035236938
6671	0.0003799425548651555	30	10411.0	False	0.0003982057703636
6672	0.0002673051616854048	30	10438.0	False	0.0003340210236761
6673	0.00035921037777155546	30	10520.5	False	0.0004149525560104
6674	0.000326154388894192	30	10562.5	False	0.0008006250040354
6675	0.00033829118738937713	30	10707.5	False	0.0003734714007092
6676	0.00026824915721388885	30	10629.5	False	0.0003532218650756
6677	0.00025593511479538944	30	10653.0	False	0.0002694656880357
6678	0.0003480935907937006	30	10666.5	False	0.0003820236983104
6679	0.00029823677438488815	30	10790.5	False	0.0003051717067681
6680	0.0005927067122860404	30	10749.0	False	0.00061231323649
6681	0.0003675220240333369	30	10772.0	False	0.0004130708321153
6682	0.00032500401892841574	30	10614.0	False	0.0004065198033218
6683	0.0003190146029544862	30	10740.5	False	0.000370428323716
6684	0.00021664997856734084	30	10473.0	False	0.0002578236421016
6685	0.0009225737047660694	30	10268.5	False	0.0009462382848678
6686	0.0004599535929082565	30	10459.0	False	0.0004679089704366
6687	0.003912637700708767	30	10270.0	False	0.0043501182025258
6688	0.0007883863772503957	30	10419.0	False	0.0007723069069108
6689	0.0006515203899288657	30	10525.0	False	0.0006734225808025
6690	0.0008552932592842231	30	10466.0	False	0.0010285605720631
6691	0.008280127108337691	30	10440.0	False	0.0096679815910585
6692	0.0007513008443670408	30	10332.0	False	0.0008033987403501
6693	0.00034780434386386675	30	10381.0	False	0.000414713781663
6694	0.0004148080767483404	30	10388.0	False	0.0004916826436026
6695	0.0003844175492136373	30	10540.0	False	0.0003907114856153
6696	0.000343609071893191	30	10704.5	False	0.0004403091806071
6697	0.0002858247671891647	30	10795.5	False	0.0003228776389652
6698	0.0004119985310803222	30	10841.0	False	0.0005419017563992
6699	0.0006549981985002236	30	10684.5	False	0.000902975596922
6700	0.00026416871473715326	30	10598.5	False	0.0002981348552407
6701	0.00042037725818880165	30	10510.0	False	0.0004517754445206
6702	0.0003835996195034452	30	10498.0	False	0.0004136192339509
6703	0.0002472607645621571	30	10514.0	False	0.0003111459012259
6704	0.00027395270420779895	30	10602.5	False	0.0003280669386482
6705	0.0005441957508251611	30	10612.5	False	0.0006103638482791
6706	0.00035690251889935033	30	10560.5	False	0.0003580973959808
6707	0.00031052217388200936	30	10523.5	False	0.0004199861306905
6708	0.00040935788438306093	30	10455.0	False	0.0004189084815876
6709	0.00038515402656459484	30	10390.5	False	0.0004341462612442
6710	0.00038800420348028135	30	10325.5	False	0.0004429781353926
6711	0.0003494446007435932	30	10278.0	False	0.0004006914410983
6712	0.00045126572421875757	30	10123.5	False	0.0005109054791251
6713	0.0003742632703211558	30	10158.0	False	0.0004264234821674
6714	0.0003783861541211673	30	10091.0	False	0.0003960127942595
6715	0.0004940306204894401	30	10105.0	False	0.0005453467694131
6716	0.0002947504871751212	30	10167.5	False	0.0003539441172802
6717	0.0002422811968452079	30	10134.0	False	0.00053071379315
6718	0.00035473760789634084	30	10174.0	False	0.0005004114120669
6719	0.0004809205151271543	30	9921.5	False	0.0005359445937021
6720	0.000276457742106059	30	10123.0	False	0.0002813750084751
6721	0.0002700923106581372	30	10101.5	False	0.0018485227053434
6722	0.0002651956957865333	30	10217.5	False	0.0003199536572386
6723	0.0003196177211321542	30	10307.5	False	0.0003587586949155
6724	0.0015455841854549333	30	10109.0	False	0.0015807005284831
6725	0.00032767006076153525	30	10342.0	False	0.0003944838559968
6726	0.0006546976315464207	30	10405.0	False	0.0007595697532719
6727	0.0003057596220576147	30	10517.5	False	0.0003246487071439
6728	0.000304925018559579	30	10454.5	False	0.0003168463229324
6729	0.00024252036220289339	30	10334.0	False	0.0002749309360239
6730	0.00034288066071960094	30	10250.5	False	0.0003680628517509
6731	0.00027304695199830857	30	10248.5	False	0.0002983763632279
6732	0.0003141515007368732	30	10286.5	False	0.0003241393598748
6733	0.0002849054873421779	30	10292.0	False	0.0002989616959525
6734	0.00039092667455865523	30	10254.5	False	0.0004413727392783
6735	0.0003974051986713642	30	10234.0	False	0.0003809806374176
6736	0.0003862914264253856	30	10391.5	False	0.0004500062868525
6737	0.0004886818885916851	30	10403.5	False	0.000512103821616
6738	0.0003608582861573127	30	10388.5	False	0.0003534852989758
6739	0.00030788131622311483	30	10501.0	False	0.0003332309682646
6740	0.0003085411020840378	30	10514.5	False	0.0003396794601709
6741	0.0006270865478385878	30	10441.0	False	0.0006348520696504
6742	0.0006025673580891116	30	10393.0	False	0.0005589604650551
6743	0.0004617623843699895	30	10365.5	False	0.0004640279601528
6744	0.00038219544901029194	30	10281.0	False	0.0004165895204591
6745	0.0003880834070436491	30	10300.5	False	0.0003934456582114
6746	0.00048713853984532645	30	10341.0	False	0.0005289562477617
6747	0.0004106901258181055	30	10195.5	False	0.0004220432876839
6748	0.0003123516289113058	30	10019.0	False	0.0003343645722159
6749	0.00032919008000246427	30	9976.0	False	0.0003586121034968
6750	0.00046302571806960274	30	10027.0	False	0.0005231219920485
6751	0.0007973244218007721	30	9957.0	False	0.0008783843134075
6752	0.0004960171201482983	30	9928.5	False	0.0004921226666307
6753	0.00017269669885733134	30	9880.5	False	0.0002608922515001
6754	0.0002937278161132815	30	9861.5	False	0.0003197137541537
6755	0.0007027016387244171	30	9836.0	False	0.0006881655958083
6756	0.00038698985608577726	30	9543.0	False	0.0004443526970809
6757	0.0002012261160752554	30	9789.5	False	0.00025998282745
6758	0.0004012653288829995	30	9855.5	False	0.0004396233552463
6759	0.0002786119929445202	30	9811.5	False	0.0003142903017528
6760	0.0002849815173500287	30	9767.5	False	0.0003161903190772
6761	0.0006831703474996122	30	9740.5	False	0.0007055074319185
6762	0.00040738935012382	30	9741.0	False	0.0007837933535698
6763	0.000603114787765579	30	9679.0	False	0.0006936279865019
6764	0.0005399971005804961	30	9762.0	False	0.0005335279276054
6765	0.0004172202049086327	30	9643.0	False	0.0004698822857858
6766	0.00037888047165514187	30	9729.5	False	0.0003480910137375
6767	0.0007100823436267856	30	9576.5	False	0.0007593147272065
6768	0.0007762657851236824	30	9607.5	False	0.0009667433313905
6769	0.0003613558654968652	30	9489.0	False	0.0004237722083122
6770	0.0003815600846082505	30	9289.5	False	0.0003978041212506
6771	0.00037107108431889805	30	9303.5	False	0.0004518769159581
6772	0.00043579706557664516	30	9050.5	False	0.0004676938609612
6773	0.0003309250570006592	30	9294.0	False	0.0004406601890832
6774	0.0008562955141559331	30	9303.5	False	0.0008444685490064
6775	0.0003938442841691542	30	9308.5	False	0.0003753398100707
6776	0.0007945545303936709	30	9362.0	False	0.0007697027567702
6777	0.00022943038495220914	30	9402.0	False	0.0002900116367169
6778	0.0002461538797123396	30	9352.0	False	0.0002982816069375
6779	0.00030908743466115303	30	9382.5	False	0.0003403454143886
6780	0.0003294675581395461	30	9397.5	False	0.0003066090482133
6781	0.00019563332043012359	30	9529.0	False	0.0002323038104972
6782	0.00023204274849895922	30	9435.5	False	0.0002988912216008
6783	0.0003075839934765517	30	9316.0	False	0.0003615078162371
6784	0.0003021553780714892	30	9315.0	False	0.0003348340205922
6785	0.0003304628385976909	30	9227.0	False	0.0003673796280648
6786	0.00032474057408342604	30	9293.0	False	0.0003872443182856
6787	0.00173213031210296	30	9290.0	False	0.0018141253063165
6788	0.0006248690332146059	30	9368.5	False	0.0006461026940304
6789	0.00025227170730755496	30	9432.5	False	0.0002708461232891
6790	0.00030750961747675877	30	9365.0	False	0.0003679363506542
6791	0.00034106398268252304	30	9392.0	False	0.000352768322132
6792	0.00023562936366311422	30	9315.0	False	0.0002454715985696
6793	0.0002943426284636964	30	9250.0	False	0.0002953021125174
6794	0.0002919754351911218	30	9254.0	False	0.000339406996949
6795	0.0003156146973385003	30	9258.0	False	0.0003506233714467
6796	0.00017926422836978567	30	9183.5	False	0.0003008323027041
6797	0.0004241920648104298	30	9440.0	False	0.0004343356835719
6798	0.000488368985667943	30	9270.5	False	0.0005074089053939
6799	0.0008252180701457681	30	9269.5	False	0.0008999439379186
6800	0.00046014036716083586	30	9332.0	False	0.0004841874569965
6801	0.00040743709300211954	30	9298.0	False	0.0004072886318771
6802	0.0003389265153402012	30	9170.5	False	0.0003458187537882
6803	0.00035287506129227117	30	9280.5	False	0.0003710970510644
6804	0.00036822485274543904	30	9225.5	False	0.0003527441639406
6805	0.00033149920742374286	30	9500.5	False	0.0003761162593267
6806	0.0006155993168129312	30	9426.5	False	0.0006386391180974
6807	0.0004430991455689824	30	9681.0	False	0.0005325377008478
6808	0.000575044245332526	30	9715.5	False	0.0005727457360309
6809	0.0003489282473076252	30	9595.0	False	0.000359074086583
6810	0.0003947626450978641	30	9705.5	False	0.0004520367936925
6811	0.00032445538534675377	30	9553.0	False	0.0003593525960556
6812	0.0002779727389327591	30	9540.5	False	0.0003495343702852
6813	0.0003626383253025533	30	9599.0	False	0.0004118718510444
6814	0.0005030212608140895	30	9663.5	False	0.0005193135169889
6815	0.00032517539945538585	30	9836.5	False	0.0003842838299595
6816	0.0002249811833919345	30	9908.5	False	0.0003039765661701
6817	0.0002891070820369554	30	9674.0	False	0.0003424198137518
6818	0.00039122732608833	30	9654.0	False	0.0003856032036904
6819	0.0014256587066542087	30	8180.5	False	0.0020426175765981
6820	0.0003680890324751126	30	9733.5	False	0.0003788383693112
6821	0.0003932214752447918	30	9580.0	False	0.0004555727581727
6822	0.0017215862800607222	30	9315.0	False	0.001715943640947
6823	0.00040323973108669217	30	9685.5	False	0.0004520035319345
6824	0.0007463478522901757	30	9700.5	False	0.0007613752252692
6825	0.00040328640556267734	30	9579.0	False	0.0005304927216398
6826	0.00031860319043859104	30	9500.5	False	0.0003749276925164
6827	0.0005676567501992716	30	9269.5	False	0.0005248825743471
6828	0.0005774113711052588	30	9143.5	False	0.0006436586599994
6829	0.0004788314888991861	30	9419.5	False	0.0004845256852449
6830	0.00031121297494447704	30	9383.0	False	0.0003448907666275
6831	0.00029078133547936986	30	9382.0	False	0.0003735605347662
6832	0.00044927667907984745	30	9389.5	False	0.0005054306914722
6833	0.00026734417204714235	30	9497.5	False	0.0002980128926053
6834	0.00031129757650902003	30	9542.5	False	0.0003071882039729
6835	0.0002926047554732456	30	9479.5	False	0.0003126898791524
6836	0.00042630329169745943	30	9621.0	False	0.0004495171202809
6837	0.00025226319001566306	30	9687.5	False	0.0003150058276078
6838	0.0006358290066362989	30	9532.5	False	0.0006794650181131
6839	0.0004287016008964299	30	9779.5	False	0.000453767657104
6840	0.0004295228861379691	30	9763.0	False	0.0004927612675763
6841	0.0003496544132992645	30	9669.5	False	0.0003579801496497
6842	0.0003026945934553924	30	9534.5	False	0.0003473751687634
6843	0.0002989722929806363	30	9379.0	False	0.0003080022610989
6844	0.0006832765747795786	30	9262.0	False	0.0006915097963887
6845	0.000356959319474864	30	9541.0	False	0.0004534168196048
6846	0.0004937069671217283	30	9556.0	False	0.0004840982683625
6847	0.000423919438003945	30	9589.5	False	0.0005084503007734
6848	0.000501989719521314	30	9488.5	False	0.0005326318535588
6849	0.0008687659843104063	30	8955.5	False	0.0009169827478411
6850	0.0003445576450786212	30	9634.5	False	0.0004188609131167
6851	0.0007101124446265933	30	9626.0	False	0.0006556372330683
6852	0.0005923578238890367	30	9602.0	False	0.000631660088361
6853	0.0006614640437441566	30	9562.0	False	0.0006693320638693
6854	0.00044205663817213105	30	9572.0	False	0.0005768913795945
6855	0.00038288868805086255	30	9633.0	False	0.0004812834224598
6856	0.000834934992296193	30	9376.0	False	0.0008355872199133
6857	0.00036047856111945224	30	9594.5	False	0.0003807293481267
6858	0.00031252553133732816	30	9765.5	False	0.0003853469182852
6859	0.0002764135577717706	30	9798.5	False	0.000323811400977
6860	0.00033729903436227756	30	9785.0	False	0.0003167486107053
6861	0.00030244241224848783	30	9812.0	False	0.0003200135038665
6862	0.00033899711323848083	30	9484.5	False	0.0003870944181715
6863	0.0004544868391426871	30	9830.0	False	0.0004776303913408
6864	0.0002738019498521501	30	10043.0	False	0.0018407208744628
6865	0.0002779342626816411	30	10047.5	False	0.0002605282553176
6866	0.0002725337523521989	30	9979.5	False	0.0003168709680752
6867	0.00035542469116103326	30	10075.0	False	0.0004035553913974
6868	0.00037865634721471456	30	10149.0	False	0.0003933510115224
6869	0.0005138314115597131	30	10295.0	False	0.0005424718634578
6870	0.0005597779188525602	30	10320.5	False	0.0005450119702015
6871	0.00028330248005567125	30	10336.0	False	0.0003597793353409
6872	0.0004275623961233002	30	10091.5	False	0.0004743978730593
6873	0.00032859128495622657	30	10358.0	False	0.0003959934777544
6874	0.0005356895425838173	30	10252.5	False	0.0005438011701795
6875	0.0005443049648093071	30	10389.0	False	0.0006194206595008
6876	0.0007643094208582737	30	10432.0	False	0.0008668636410258
6877	0.0005992064524824876	30	10597.5	False	0.0006368199497728
6878	0.00047301084299628454	30	10528.0	False	0.0004936695113
6879	0.0003762619897565005	30	10222.5	False	0.0004851881885515
6880	0.0004904264434639109	30	10143.0	False	0.000519978106185
6881	0.0005435392385618328	30	9825.5	False	0.0005446060860619
6882	0.0003935037172499155	30	10033.5	False	0.0004422485575095
6883	0.000857809820419728	30	9884.5	False	0.0009081085647308
6884	0.0006026079559682471	30	10002.5	False	0.0005773310611066
6885	0.00040526662186129856	30	10096.5	False	0.0004669014906516
6886	0.000783181827707665	30	9933.5	False	0.0008712045971724
6887	0.0005686777481083374	30	10197.5	False	0.0006899833452295
6888	0.0006658430317469926	30	10232.5	False	0.0006419139223997
6889	0.0006728937957798497	30	10010.0	False	0.0007369831217089
6890	0.0006104163714405171	30	9885.5	False	0.0006313087516042
6891	0.00028954852755829684	30	10026.0	False	0.0003028280005781
6892	0.00039798459715939083	30	10134.0	False	0.0003576440453969
6893	0.0004288440120896438	30	10006.5	False	0.0004361802970147
6894	0.00035143204329436326	30	10120.5	False	0.0003531732960237
6895	0.00029976454661772504	30	10247.5	False	0.0003760319895785
6896	0.00042611884264173467	30	10276.5	False	0.0004744815787539
6897	0.00034279843224996256	30	10371.5	False	0.0003449064938596
6898	0.0004112147422989815	30	10394.0	False	0.0004068684690168
6899	0.0004003402868397527	30	10464.5	False	0.0004140024840149
6900	0.00040633907299580854	30	10726.0	False	0.0005078230461669
6901	0.0004523814943518024	30	10797.5	False	0.0005873640124623
6902	0.00025450477663474557	30	10922.5	False	0.0002941241583463
6903	0.000343392363477258	30	10934.5	False	0.0003562657048543
6904	0.00043509095041556576	30	10866.0	False	0.0004636407228984
6905	0.0003824873601423154	30	11012.0	False	0.0003809297809029
6906	0.0005396335371142421	30	11091.0	False	0.000522690361963
6907	0.0005188723116808915	30	11192.0	False	0.0005179286553277
6908	0.0013788625738387801	30	11220.0	False	0.0014240983273765
6909	0.0005016907875866839	30	11305.0	False	0.000603644542226
6910	0.000513833926498736	30	11421.5	False	0.0005578411547311
6911	0.0009298928456424255	30	11285.5	False	0.0009020689486462
6912	0.00046476485803927526	30	11240.0	False	0.0005530225756104
6913	0.00048005255287947583	30	11130.0	False	0.000474509828246
6914	0.0004343099709134727	30	11117.5	False	0.0004162111122154
6915	0.0003819571703866905	30	11192.0	False	0.0004470879159844
6916	0.0004252943313185567	30	11023.0	False	0.0004613820117511
6917	0.0003422589455884886	30	11086.5	False	0.0004517823593009
6918	0.00038151728163878884	30	11215.0	False	0.0004851134643549
6919	0.0004403127509079938	30	11247.0	False	0.000496217110301
6920	0.0004984212623722374	30	11449.5	False	0.0005136878280016
6921	0.0011855806281374412	30	11432.5	False	0.0011934109251345
6922	0.0005829912048498555	30	11393.5	False	0.0005493444087605
6923	0.0004018603299178839	30	11209.5	False	0.0004307276854038
6924	0.0007529227422568328	30	11175.5	False	0.0007927228653105
6925	0.0006775867527552787	30	10979.0	False	0.0007620935888102
6926	0.000518606612175514	30	10886.5	False	0.0005278792062445
6927	0.0003828765657357358	30	11087.0	False	0.0004079204033811
6928	0.0014724028260707663	30	11097.5	False	0.0015143897683658
6929	0.0004882410835902491	30	10988.0	False	0.0004658394674004
6930	0.00024681063193613464	30	10948.5	False	0.0002994326214862
6931	0.00012861869313482216	30	10949.0	False	0.000160576593491
6932	0.0005776425062923417	30	10798.0	False	0.000611262194057
6933	0.0005182748978098271	30	10966.0	False	0.0005830009205277
6934	0.0002564269848570496	30	11054.5	False	0.0003171776072609
6935	0.00036901475623475464	30	11115.0	False	0.0004019875716323
6936	0.0005166547960578571	30	11276.0	False	0.000508878431936
6937	0.00023714948428880099	30	11256.0	False	0.0002460533935864
6938	0.00024587131581848133	30	11246.0	False	0.0003025709543866
6939	0.0006636796711058069	30	11402.0	False	0.0006883953236799
6940	0.0002174349162733539	30	11431.0	False	0.0003064245020601
6941	0.00022859462611029974	30	11408.5	False	0.000256780804739
6942	0.0004016439315502539	30	11391.0	False	0.0004603955216071
6943	0.0005675542986796193	30	11356.0	False	0.0006282237799232
6944	0.0005281938571929637	30	11266.5	False	0.0005766472941354
6945	0.00026523174879204605	30	11168.5	False	0.0003020770082781
6946	0.00031258551124567686	30	11074.0	False	0.000360676962915
6947	0.0004266599860096442	30	10989.5	False	0.000469263256687
6948	0.0004877364429294297	30	10673.0	False	0.0005838046838362
6949	0.0002669676827570537	30	10918.5	False	0.0003875230091786
6950	0.00043036979503236503	30	10798.5	False	0.0004903728732053
6951	0.0005150768428600168	30	10760.5	False	0.0005561063656701
6952	0.0005948563242448219	30	10634.0	False	0.0006657040222029
6953	0.00043040273523834945	30	10561.0	False	0.0004250140061433
6954	0.0003115733809588732	30	10576.0	False	0.0003085179888483
6955	0.0002635523165840759	30	10497.0	False	0.0003588841612456
6956	0.0007638100092928982	30	10402.5	False	0.0008295245152363
6957	0.00030574275591062914	30	10578.5	False	0.0003114904658227
6958	0.00042299461874063587	30	10575.0	False	0.000499006784573
6959	0.000500253254774303	30	10703.5	False	0.0004759053232058
6960	0.0003025367298552006	30	10714.5	False	0.000336962238185
6961	0.00037757484822606647	30	10615.5	False	0.0004629027809043
6962	0.00037771128136012625	30	10603.0	False	0.0003975751098897
6963	0.00035326051237561946	30	10451.5	False	0.0004187766567448
6964	0.00041097123060786624	30	10658.0	False	0.0003993057738986
6965	0.001027433616565451	30	10581.0	False	0.0011891997887272
6966	0.000529041134873325	30	10481.0	False	0.0006443977273814
6967	0.0004070365234891015	30	10447.5	False	0.000464634877096
6968	0.000335084819370351	30	10431.5	False	0.0004314258301727
6969	0.00033686191188183516	30	10298.5	False	0.0003430946483769
6970	0.00028838151778074134	30	10267.5	False	0.0003660716912185
6971	0.0002628591872223339	30	10262.0	False	0.0002613337166227
6972	0.0002751138563929251	30	10255.0	False	0.000392644460441
6973	0.0003015473967251692	30	10170.0	False	0.0003502661692446
6974	0.0005088653776145308	30	10158.0	False	0.0004416218728063
6975	0.000265797381548777	30	10003.5	False	0.0002633983049152
6976	0.0002828577395247542	30	9969.0	False	0.0003416787817476
6977	0.0002834935070648414	30	10036.5	False	0.0003164177513689
6978	0.00031060359937590493	30	10107.0	False	0.0004281077636845
6979	0.0003008424674973252	30	10079.0	False	0.0004012481802897
6980	0.00030359125802175704	30	10052.0	False	0.0003492665402654
6981	0.0004158150183561836	30	9882.0	False	0.0005603035089851
6982	0.00025376769937330646	30	9745.0	False	0.0003012161602469
6983	0.00039066984024626033	30	9764.5	False	0.0005877990684068
6984	0.000334941859721423	30	9495.5	False	0.0003575158954371
6985	0.00039642611741178165	30	9531.0	False	0.0003840755301988
6986	0.0002884661139874993	30	9450.0	False	0.0003133173975645
6987	0.0004361587502574228	30	9311.0	False	0.0004720911851276
6988	0.0003116717578662496	30	9273.5	False	0.0003401567585567
6989	0.0005621379966914569	30	9027.0	False	0.0005403379726867
6990	0.0003989710714974228	30	9131.0	False	0.0003849058796188
6991	0.0007343894663341523	30	9267.5	False	0.00074892342258
6992	0.0003310618944613636	30	9423.0	False	0.000417480399649
6993	0.0002808414636694997	30	9429.0	False	0.0003038160711636
6994	0.00032358864491081733	30	9277.0	False	0.0003169674856194
6995	0.00032437055402679795	30	9293.5	False	0.0003515770743047
6996	0.00028985074799827337	30	9230.5	False	0.0003760839535102
6997	0.0008705134456911385	30	9229.0	False	0.0008868521454582
6998	0.0006053664977752635	30	9349.0	False	0.0006294459087804
6999	0.0003916605226040081	30	9368.0	False	0.0004190906443341
7000	0.00025707693580571565	30	9286.0	False	0.0003156882721806
7001	0.0003422051749810947	30	9166.0	False	0.0003707432675566
7002	0.001013675520870531	30	9191.5	False	0.0011206762975161
7003	0.0004489338048868183	30	9072.0	False	0.0004537802825148
7004	0.0004661622758110954	30	9044.5	False	0.0004779675349743
7005	0.0008215708648406908	30	9192.0	False	0.0007796623628822
7006	0.0006350554642522326	30	9193.0	False	0.0005941469281879
7007	0.0005580326736731721	30	9263.5	False	0.0006892763675135
7008	0.0005283002123805459	30	9177.0	False	0.0006278306816862
7009	0.00045174238326286143	30	9051.5	False	0.0004541963309798
7010	0.0003540010574936049	30	9180.5	False	0.0004012255617157
7011	0.0002505021161851679	30	8911.5	False	0.0003307723534452
7012	0.00036379955489494026	30	9036.0	False	0.0004498743326244
7013	0.00036938671367600667	30	8907.0	False	0.0004421181204734
7014	0.0003506829491687333	30	8667.5	False	0.0003688208107142
7015	0.00028879102972779243	30	8642.0	False	0.0003247067009412
7016	0.0006218298531756592	30	8855.5	False	0.0006771863851488
7017	0.00020842943630881177	30	8757.0	False	0.0002748427288829
7018	0.0003080700692798664	30	8600.0	False	0.0003529430016444
7019	0.0008326400443704937	30	8605.5	False	0.0008836240160518
7020	0.00031967328077573846	30	8686.0	False	0.0003291135365162
7021	0.0012299893967016807	30	8700.0	False	0.0013566861698265
7022	0.0003591655574113797	30	8784.0	False	0.0003656108034102
7023	0.00036206458224401087	30	8832.5	False	0.0003789058250205
7024	0.0004880809642214877	30	8745.0	False	0.0004934372841211
7025	0.00023967095380404013	30	8781.0	False	0.0002952733549867
7026	0.0003189337570876815	30	8819.5	False	0.000336372019895
7027	0.00035681543349533736	30	8668.0	False	0.0004034334104339
7029	0.0003772684879169607	30	8737.5	False	0.0003896356906292
7030	0.00036212787089154525	30	8655.0	False	0.0004366457875273
7031	0.00036255639989585264	30	8849.0	False	0.0003734073610283
7032	0.0004642940432364033	30	8818.5	False	0.0004887955925036
7033	0.0010746550580561609	30	8779.0	False	0.001143903866471
7034	0.0003219712856313176	30	8806.5	False	0.000405593398304
7035	0.00034235047192472586	30	8653.0	False	0.0003396647354667
7036	0.00048501789221513816	30	8449.0	False	0.000520086866417
7037	0.0003897873157835207	30	8524.5	False	0.0004154956353359
7038	0.0004685526674389945	30	8298.5	False	0.0004720444770796
7039	0.0003413149645095922	30	8225.0	False	0.0003647712073926
7040	0.0003266096062398623	30	8148.5	False	0.0003232220740219
7041	0.0003838308844517739	30	8230.5	False	0.0004140433771326
7042	0.0010343128971704372	30	8097.0	False	0.0011186790505675
7043	0.0002903913936257971	30	8185.5	False	0.0003875115233689
7044	0.0003892424333252353	30	8187.0	False	0.0004718304989607
7045	0.00039422247798029435	30	8283.5	False	0.0003883620829153
7046	0.000254143851810027	30	8316.5	False	0.0002984918096267
7047	0.0003947538657880793	30	8329.5	False	0.0003754132573356
7048	0.0009036510749344462	30	8336.0	False	0.001048960961642
7049	0.0007945503520268916	30	8403.0	False	0.0009518722161754
7050	0.00029861530684511704	30	8490.5	False	0.0003519042820352
7051	0.00046078936036857376	30	8509.5	False	0.0005598348288731
7052	0.0003517889791018828	30	8646.5	False	0.0003845897251753
7053	0.0003067891237914531	30	8567.0	False	0.0003735717834078
7054	0.00037385732519331803	30	8456.0	False	0.0004151568527079
7055	0.0004432930243021727	30	8387.0	False	0.0004200033600268
7056	0.00035666422542765986	30	8622.5	False	0.0003984270101638
7057	0.00029116314555761413	30	8657.5	False	0.0004673915196165
7058	0.0002647753161957278	30	8742.0	False	0.0002987750224081
7059	0.00031125997680143134	30	8826.5	False	0.0003428393330216
7060	0.000361328299597831	30	8719.0	False	0.0003499927248703
7061	0.0003520277677971414	30	8905.0	False	0.0003785069830676
7062	0.0002574218582113484	30	8973.5	False	0.0002763130627
7063	0.00028358532002014975	30	9128.5	False	0.0003403508639239
7064	0.0005793501266088714	30	9224.5	False	0.000644262319644
7065	0.0006944005128399779	30	9218.0	False	0.0006948800486791
7066	0.00044107233205189643	30	9141.5	False	0.0004868861554487
7067	0.0003880658739287274	30	9108.0	False	0.0004432741669666
7068	0.0003503060733411193	30	9011.5	False	0.0004033388776423
7069	0.00041013181565081506	30	8938.5	False	0.0004446626943465
7070	0.000423661477834245	30	8928.5	False	0.0004684112728398
7071	0.0003113521549991049	30	8931.0	False	0.000378710298215
7072	0.000721051514069672	30	8893.5	False	0.0007770518421154
7073	0.0003232578399821624	30	8941.0	False	0.0003857131836766
7074	0.0003388262283159229	30	9016.5	False	0.0003715378987808
7075	0.0006429370773042685	30	8998.5	False	0.0006406619659059
7076	0.00038782415093275603	30	8969.0	False	0.0004357315426841
7077	0.0003115698963115771	30	8960.5	False	0.0003458217735605
7078	0.00021862706409950505	30	9035.0	False	0.0002642562352813
7079	0.0003506981999198628	30	9201.0	False	0.0003910008471685
7080	0.00039016719276283344	30	9065.5	False	0.0003875608470529
7081	0.00030401321457652615	30	8999.0	False	0.0003746443805294
7082	0.00035926188365000266	30	8950.0	False	0.0003920830588751
7083	0.0003924794254164437	30	8971.0	False	0.0004145142557709
7084	0.00023426322283013912	30	9076.5	False	0.0002799944001119
7085	0.0003358362045455711	30	8988.5	False	0.0003529467128896
7086	0.00032022260124936854	30	9082.0	False	0.0003974222104467
7087	0.00033335900181393613	30	9073.0	False	0.0003936163993842
7088	0.00038838048608587144	30	9336.5	False	0.0004478535291237
7089	0.00021567841282636138	30	9381.5	False	0.0002728037404423
7090	0.00031912797086372025	30	9498.5	False	0.0003417904561588
7091	0.00039314495322518325	30	9448.5	False	0.0004050222762251
7092	0.00030402366673337885	30	9490.0	False	0.0003659866358282
7093	0.00017009697488007874	30	9564.5	False	0.0002592016588906
7094	0.0003376493424237414	30	9511.0	False	0.0004073208082184
7095	0.000618139710873604	30	9466.0	False	0.00057143289637
7096	0.00035119123009206876	30	9489.5	False	0.0003774183078072
7097	0.00037293673196310117	30	9444.0	False	0.0004576693660333
7098	0.00045690852928373046	30	9417.0	False	0.0004627645249266
7099	0.0003356578755199717	30	9337.0	False	0.0003899977058958
7100	0.00029685246511785277	30	9431.5	False	0.0003561442459971
7101	0.0003085245289268715	30	9460.0	False	0.0003135826630346
7102	0.0003121444327398623	30	9482.0	False	0.0003354844546304
7103	0.0004200057393300575	30	9585.0	False	0.0004670295797854
7104	0.0007041387626020015	30	9674.0	False	0.0007354798448806
7105	0.0005185268427170131	30	9872.5	False	0.0005721449239448
7106	0.00040204061016264273	30	9949.5	False	0.0004994390358655
7107	0.0002822692392228816	30	9903.5	False	0.0003177710733357
7108	0.00042859071763996814	30	9881.5	False	0.0005212692539242
7109	0.0003637775710851408	30	9862.0	False	0.0004066187271734
7110	0.0004836399410543744	30	9927.5	False	0.0005147281614713
7111	0.0004210885217014002	30	9957.0	False	0.0004744941162729
7112	0.0005078097805113467	30	10018.5	False	0.0005289912571513
7113	0.0005323711099497184	30	9857.0	False	0.0004955639628844
7114	0.0005856981992906995	30	10064.5	False	0.0007006038193742
7115	0.000407839568148135	30	10179.5	False	0.0004290771266135
7116	0.00043500180037701127	30	10254.5	False	0.0004544324919231
7117	0.0009445653539403858	30	10140.5	False	0.0011255025206941
7118	0.0005144396061928591	30	10149.5	False	0.0005568888952761
7119	0.0004428940219050007	30	10225.0	False	0.0004797090242575
7120	0.00035268680222106036	30	10197.0	False	0.0003416147951569
7121	0.00037624990907565107	30	10309.5	False	0.0004051115122741
7122	0.0004236007681848805	30	10476.5	False	0.0004906719752701
7123	0.00035880111509495804	30	10592.0	False	0.0003787181260054
7124	0.0004000722664937569	30	10572.0	False	0.0004068970793831
7125	0.0005385094971734261	30	10411.5	False	0.0005759412045297
7126	0.00035042273546302184	30	10567.0	False	0.0003478805378233
7127	0.00039197695198568493	30	10415.5	False	0.0003678928582798
7128	0.003001315305583647	30	10286.5	False	0.0032063135293505
7129	0.0007289294596462645	30	10229.0	False	0.0007582322357019
7130	0.000524930860081225	30	10435.5	False	0.0006046825770086
7131	0.0009824704798593084	30	10220.0	False	0.0009837873289633
7132	0.0004122039435106893	30	10357.0	False	0.0004777030327012
7133	0.0005483151539279793	30	10434.5	False	0.0005220207529883
7134	0.00048243791078756446	30	10401.0	False	0.000565385600091
7135	0.00026470835015994564	30	10449.5	False	0.0002981377041267
7136	0.0002512174145773239	30	10367.0	False	0.000260766439002
7137	0.00025563434022174485	30	10380.5	False	0.0003013517779754
7138	0.000514109101446552	30	10260.0	False	0.0005346990590024
7139	0.00043010332247286816	30	10242.0	False	0.0004695792715333
7140	0.0004085374695717859	30	10343.0	False	0.0004271616915602
7141	0.00029070435572636603	30	10461.5	False	0.0003309019235472
7142	0.00038740098113916935	30	10676.0	False	0.0004549736079762
7143	0.0002842020893097663	30	10717.5	False	0.0003014024076733
7144	0.00030917982821712566	30	10759.0	False	0.0003079929480235
7145	0.0003804022032795286	30	10799.0	False	0.0003883508856165
7146	0.0002704582288112335	30	10619.0	False	0.0092754231256227
7147	0.0002260966995444131	30	10761.5	False	0.0003050067207876
7148	0.0002972497354972452	30	10611.0	False	0.000344681492758
7149	0.00038183676487407725	30	10650.0	False	0.0003647064292022
7150	0.000497042791775309	30	10561.0	False	0.0005372040870775
7151	0.0004366129497446978	30	10633.5	False	0.0004936558074313
7152	0.0003402025378386193	30	10626.0	False	0.0003644236746768
7153	0.0006705742729602024	30	10521.0	False	0.0006869935221186
7154	0.0003224859064614665	30	10452.5	False	0.0003253325621746
7155	0.00035109505107288155	30	10511.0	False	0.0003488844688863
7156	0.0006412224511150619	30	10499.0	False	0.0005669241296631
7157	0.0003675234882024387	30	10502.5	False	0.0004037825775028
7158	0.0007122580839709046	30	10443.5	False	0.0007276437096326
7159	0.0008918815873866242	30	10367.0	False	0.0009362718236615
7160	0.0006447378221361537	30	10573.5	False	0.0007107850976796
7161	0.0008030038211758255	30	10531.0	False	0.0012264806386206
7162	0.0008175781388713077	30	10545.5	False	0.0007961558059219
7163	0.000463125166694496	30	10626.0	False	0.0005643734061676
7164	0.0003629032184467476	30	10739.5	False	0.0005403675187493
7165	0.0002338026918387629	30	10534.5	False	0.000314596215757
7166	0.00026672822115703234	30	10605.0	False	0.0002938482014761
7167	0.0003598282576401304	30	10637.0	False	0.00040645225736
7168	0.00023917849346643286	30	10692.5	False	0.0003113804418864
7169	0.0002943248302712654	30	10836.5	False	0.0003283394149465
7170	0.0003118264366056745	30	11034.5	False	0.0003406131035864
7171	0.00022596562872213713	30	11149.0	False	0.0003124968833422
7172	0.00025545856899219724	30	11225.5	False	0.000320157372201
7173	0.0002775211818808438	30	11156.5	False	0.0003530254279172
7174	0.00044845891852635035	30	11436.5	False	0.0004458285740319
7175	0.0007165361402983831	30	11305.5	False	0.0006610502435744
7176	0.0002542983073677067	30	11438.0	False	0.0003130063938076
7177	0.00038001675694003604	30	11322.0	False	0.0004206969765691
7178	0.0004615261576551145	30	11373.0	False	0.0004842835366349
7179	0.00028754989303880524	30	11195.0	False	0.0003568171906593
7180	0.0004908081309065184	30	10997.0	False	0.000539603526309
7181	0.0005474498585430153	30	10951.0	False	0.000609506299897
7182	0.00036731700466464707	30	10891.0	False	0.000377488332938
7183	0.00046470325221270353	30	10770.0	False	0.0004706625920733
7184	0.00045201857427345506	30	10498.0	False	0.0005484725556751
7185	0.0004435221866167751	30	10626.0	False	0.0004833040421792
7186	0.0003586621104182154	30	10602.5	False	0.0003582097622298
7187	0.00039692731859261143	30	10521.0	False	0.0004834644859332
7188	0.00039900420875031814	30	10702.5	False	0.0004750593824228
7189	0.0006396985668393879	30	10131.0	False	0.0008019073167749
7190	0.00045557330456610587	30	10864.0	False	0.0004591610895661
7191	0.0005906262002513303	30	10801.0	False	0.0006676188261866
7192	0.00027698419141878325	30	10832.0	False	0.0003319369850827
7193	0.0003899194880029153	30	10739.0	False	0.0004397153598281
7194	0.00032768805726987767	30	10948.0	False	0.0003491096073658
7195	0.001237836446781694	30	10649.0	False	0.0013582468841209
7196	0.0005431228503464728	30	10753.5	False	0.000573194273328
7197	0.0004450529270194994	30	10604.0	False	0.0004710581226011
7198	0.0006819925978039374	30	10421.5	False	0.0007289859670201
7199	0.00045124378567907154	30	10400.5	False	0.0004893589734936
7200	0.0003753572045589043	30	10336.0	False	0.000365678994789
7201	0.0002744374276355797	30	10143.5	False	0.0003031148495275
7202	0.0004121192657403108	30	10100.0	False	0.000407741560959
7203	0.0005416772483167434	30	10150.0	False	0.0005890478437748
7204	0.00045770454070823835	30	10455.0	False	0.0004666091182087
7205	0.0005105796988340063	30	10524.5	False	0.0005778037514321
7206	0.00031467678039152794	30	10571.0	False	0.0004206790022019
7207	0.00031641878911139234	30	10360.0	False	0.0004199748015119
7208	0.00028587584295465724	30	10226.5	False	0.0003533449993269
7209	0.0001942019745751408	30	10201.0	False	0.000252535455978
7210	0.000314237541133207	30	10172.0	False	0.0003145164563126
7211	0.0006437289060443408	30	10190.5	False	0.0007339908809243
7212	0.00040728810413849785	30	10330.0	False	0.0004516921850609
7213	0.0004324297708835926	30	10493.5	False	0.0004635720511757
7214	0.000508530226025849	30	10602.5	False	0.000510537097952
7215	0.0006336588127873826	30	10581.5	False	0.0007337492323108
7216	0.000564456980675682	30	10413.0	False	0.0006324799769292
7217	0.0003225378240424698	30	10067.5	False	0.0003970390309555
7218	0.0005315734775117455	30	10187.5	False	0.0006006843155019
7219	0.00037037082761830567	30	10137.5	False	0.0003767244310794
7220	0.00020005181162054207	30	9994.5	False	0.0002458044877838
7221	0.0002569464839642288	30	10099.0	False	0.0003099783015188
7222	0.00037051983344418447	30	10073.0	False	0.0003592122843887
7223	0.0003995636154830167	30	10428.5	False	0.0004847357051765
7224	0.0011025085723501602	30	10370.5	False	0.0010976010515938
7225	0.0006109333350649425	30	10534.0	False	0.0007326981121676
7226	0.0003836838040918019	30	10544.5	False	0.0004959802904564
7227	0.00037783107555009165	30	10481.5	False	0.0004904749759667
7228	0.00032389306141242767	30	10281.0	False	0.0003602413617123
7229	0.0004509107894791295	30	10324.5	False	0.0004519248342665
7230	0.00025984799322543057	30	10131.0	False	0.0002849360420348
7231	0.0005117860126360531	30	9758.0	False	0.0005790001894909
7232	0.00024925760138089426	30	10281.0	False	0.0002908842882362
7233	0.00047184125438689704	30	10266.0	False	0.0005328739669282
7234	0.0003843262434076382	30	10304.5	False	0.0004428623670993
7235	0.0004454315505527353	30	10150.5	False	0.0005815040892319
7236	0.0003825983717046555	30	9992.5	False	0.000390446837035
7237	0.0002071789885673511	30	9742.0	False	0.0003327904836082
7238	0.0003760878433193514	30	9502.5	False	0.000389680678333
7239	0.00029170808690379406	30	9385.5	False	0.0004141985807284
7240	0.000505807364330667	30	9294.5	False	0.0004552453143043
7241	0.00037144747464274704	30	9177.5	False	0.0004030948728571
7242	0.0003441641307606966	30	9093.5	False	0.0003865147626123
7243	0.00041200115355230797	30	8916.0	False	0.0004353820477468
7244	0.0004487726457179116	30	8786.0	False	0.0006127191241584
7245	0.00059471328147606	30	8473.0	False	0.0006337361518748
7246	0.0004870896303968287	30	8634.5	False	0.0005913154434476
7247	0.00037267502959157186	30	8594.5	False	0.0004388680339495
7248	0.00034515803645493123	30	8349.5	False	0.0004736140767736
7249	0.0004983531006775069	30	8521.0	False	0.000578403135181
7250	0.00022950129355810435	30	8466.0	False	0.0003085565093555
7251	0.0002892660097755597	30	8393.5	False	0.0003870324189526
7252	0.0003250893467675435	30	8519.5	False	0.0003542693391695
7253	0.0003283620647897482	30	8563.0	False	0.0004195568381882
7254	0.00023324971236328152	30	8575.0	False	0.0002812445069432
7255	0.0006035371150880128	30	8452.0	False	0.0006839972323811
7256	0.0008057565195048539	30	8471.0	False	0.0006472395234325
7257	0.0003014841120870512	30	8310.5	False	0.0002891810152663
7258	0.0011632555309074005	30	8272.5	False	0.0011081069101546
7259	0.0002631413732793791	30	8341.5	False	0.0003406636127175
7260	0.00029388074690293354	30	8251.5	False	0.0003465561985202
7261	0.00034819586819996107	30	8025.0	False	0.0003526956319683
7262	0.00034978809619356165	30	8040.0	False	0.0003401191246495
7263	0.0004738866249657616	30	7939.5	False	0.0004533966969211
7264	0.0003811762982877796	30	7916.0	False	0.0004177779278214
7265	0.0002674866902029246	30	7837.0	False	0.0003152383670652
7266	0.0005314476397671436	30	7729.5	False	0.0006142399861579
7267	0.00033065960793451986	30	7768.0	False	0.0004253728457443
7268	0.0004160070471200528	30	7732.5	False	0.0004828522773813
7269	0.0004045111927341153	30	7655.0	False	0.0004182651441215
7270	0.000337548019036421	30	7539.0	False	0.0004424348072311
7271	0.0004039990686483506	30	7551.5	False	0.0003969689217441
7272	0.00028746276860856454	30	7570.0	False	0.0003244745923239
7273	0.00035447719960458954	30	7546.5	False	0.000378621114731
7274	0.000560708377232993	30	7557.0	False	0.0005342295438651
7275	0.0003763663843794967	30	7497.0	False	0.0004664630658064
7276	0.0005553604274388014	30	7527.5	False	0.0005795030216943
7277	0.00044377618361933035	30	7549.0	False	0.0004884881076921
7278	0.0003774677707993754	30	7503.0	False	0.0003980357799554
7279	0.00026002760454247415	30	7436.0	False	0.0003527198620473
7280	0.0004124948607846815	30	7372.0	False	0.0004522145340873
7281	0.00034984088029492563	30	7270.5	False	0.0003951042586911
7282	0.00023794401881732598	30	7254.5	False	0.0003046626633698
7283	0.00019180094575030327	30	7239.5	False	0.0002560842075518
7284	0.00026462501361113706	30	7163.0	False	0.000342517548464
7285	0.0004842026461691014	30	7141.5	False	0.0004892759605376
7286	0.00031023487752250686	30	7073.5	False	0.0003392660247396
7287	0.00027886881382560883	30	7145.5	False	0.0003431437244291
7288	0.0006010806475334679	30	7009.0	False	0.0005888151878632
7289	0.0002969125328120085	30	6896.0	False	0.0003168438729184
7290	0.0003609144780384158	30	6824.0	False	0.000406181257245
7291	0.0004085612879697949	30	6940.5	False	0.0004191568187349
7292	0.00048187078700434767	30	6961.5	False	0.0005232933194389
7293	0.0006316703354181035	30	6924.0	False	0.000666690854997
7294	0.000355221616108836	30	6924.0	False	0.000455448069811
7295	0.0002882788174128927	30	6868.0	False	0.0003076018988678
7296	0.00030771200126038836	30	6898.5	False	0.0003067386357913
7297	0.00032508061113816313	30	6659.0	False	0.0003610262646607
7298	0.000306610874259012	30	6640.0	False	0.0003466467859194
7299	0.0005241141975613857	30	6592.0	False	0.000756911609012
7300	0.0003994950812018506	30	6556.5	False	0.0004387466310526
7301	0.0002348850070742709	30	6523.0	False	0.0002514798622664
7302	0.00030932406263002035	30	6523.0	False	0.0003431576301824
7303	0.0003185125717022648	30	6568.5	False	0.0003649740196125
7304	0.0004133078861907615	30	6586.5	False	0.0004500881023519
7305	0.0004101997970346348	30	6646.0	False	0.0004930872954161
7306	0.0005291967547807629	30	6726.0	False	0.0005873259753135
7307	0.00021764120588900693	30	6737.5	False	0.0002520902483088
7308	0.00045345666946768477	30	6774.0	False	0.0005817362733508
7309	0.0005125038795942716	30	6764.0	False	0.0005338978723009
7310	0.00027386575782370297	30	6822.5	False	0.0002764403695086
7311	0.0002693958533812573	30	6838.5	False	0.000339575713912
7312	0.00024248410168014928	30	6904.0	False	0.0003056862199389
7313	0.00037353880207095065	30	7002.5	False	0.0004169272461955
7314	0.0003169506701831133	30	7014.5	False	0.0003462525000797
7315	0.00028014770785966976	30	7045.0	False	0.0003096567364001
7316	0.00032691618792373724	30	7068.0	False	0.0003372942618953
7317	0.00041968038830905935	30	7121.5	False	0.0004486601376797
7318	0.0005001563164380039	30	7211.5	False	0.0004755175739631
7319	0.00026682255096291277	30	7220.0	False	0.0003088685562856
7320	0.0004994752033341506	30	7228.5	False	0.0005277682113577
7321	0.0003277702410606505	30	7168.5	False	0.0004323350596712
7322	0.00033432712123679625	30	7137.5	False	0.0003673552688269
7323	0.0005200629883567538	30	7161.5	False	0.0005206211236361
7324	0.0004746370597928613	30	6990.5	False	0.0005431931399813
7325	0.0004932475651407813	30	6930.5	False	0.0005378204708501
7326	0.00031536709444558524	30	6996.5	False	0.0003914222607431
7327	0.0003331377236850641	30	6908.0	False	0.0003840677458033
7328	0.0005675632497561743	30	6898.0	False	0.0006256468153165
7329	0.00045223336816561363	30	6854.5	False	0.0004684882499361
7330	0.00043783518949099714	30	6946.0	False	0.0004319411057692
7331	0.0005503821308026247	30	6988.5	False	0.0005645737001973
7332	0.00044598903482045906	30	6991.0	False	0.0004808186053459
7333	0.0004302342997120768	30	7005.0	False	0.0005859920007441
7334	0.00033940382300231593	30	7026.0	False	0.0004406001437747
7335	0.0002618004111236086	30	7011.0	False	0.0003062872417441
7336	0.00046860891822553524	30	7053.5	False	0.0005262550490478
7337	0.0004728841408143722	30	7003.0	False	0.0005893435548089
7338	0.0004167922410463682	30	6999.5	False	0.0004373394871031
7339	0.00025757030004344846	30	6948.0	False	0.0003312586897085
7340	0.00031314667066616083	30	6939.0	False	0.0003930707246539
7341	0.0005117194348712393	30	6935.5	False	0.0005279954396146
7342	0.0005278121298585351	30	6934.5	False	0.0005741090807253
7343	0.0002768526873329214	30	6865.5	False	0.0003763926528154
7344	0.00040905807758646195	30	6839.5	False	0.0004337719773872
7345	0.0002661012175538919	30	6783.5	False	0.0003179861509912
7346	0.0002881203687011098	30	6722.5	False	0.0002866109686017
7347	0.00039652473271921786	30	6719.0	False	0.0004670024636762
7348	0.0009271608927973239	30	6605.5	False	0.0010877799576542
7349	0.00035036946825587565	30	6625.0	False	0.0003904461208454
7350	0.00037867772341264674	30	6628.5	False	0.000442048413911
7351	0.0004097463070577014	30	6512.5	False	0.0005250580262725
7352	0.000460883874896442	30	6588.0	False	0.0004327429015411
7353	0.000293831950556397	30	6564.5	False	0.0003337318190874
7354	0.00030474384429507266	30	6563.0	False	0.0004089877553056
7355	0.00026343734896137395	30	6611.0	False	0.0003530195602669
7356	0.0003813775854037965	30	6609.0	False	0.0003986366626138
7357	0.0005905942653148601	30	6500.0	False	0.0006660260614472
7358	0.0003149738478936952	30	6515.0	False	0.0003494874184529
7359	0.0003270101733424408	30	6447.5	False	0.0004035306376805
7360	0.00034730059644040557	30	6278.0	False	0.0003723476783335
7361	0.0003807332344190862	30	6205.5	False	0.0003973278378478
7362	0.0005883851717944047	30	5984.0	False	0.0006289273780291
7363	0.0005507172276665247	30	5806.5	False	0.0005544416940153
7364	0.0005401756847295875	30	5409.5	False	0.000996500243122
7365	0.00037346835437388696	30	5834.0	False	0.0004400746455727
7366	0.0003611591156795549	30	5785.5	False	0.0003579458383203
7367	0.0006513319002632045	30	5651.5	False	0.0008583445394981
7368	0.0008854546120963978	30	5463.0	False	0.0010786723488532
7369	0.00033053446773505436	30	5613.0	False	0.0003955673525078
7370	0.000247821248424714	30	5705.0	False	0.0003053400583538
7371	0.0003152876620965114	30	5639.0	False	0.0003763063818141
7372	0.0002798498792459096	30	5561.5	False	0.0003353337727362
7373	0.00025600531964548837	30	5600.5	False	0.0003153922906655
7374	0.0001879290707239383	30	5555.0	False	0.0002543352601156
7375	0.0008317676386027262	30	5350.5	False	0.0009003959356962
7376	0.000235561017182046	30	5621.0	False	0.0003129160360934
7377	0.00045404078890227213	30	5654.5	False	0.0004699354546483
7378	0.0007836303031422433	30	5567.5	False	0.0009007416866673
7379	0.0002585865046886875	30	5706.5	False	0.0002954835616361
7380	0.00027979628359192296	30	5681.0	False	0.0004041674151248
7381	0.0002909446454158914	30	5561.0	False	0.0003830212948406
7382	0.00031223268229735985	30	5534.0	False	0.0003090040342193
7383	0.0005007024715528031	30	5406.0	False	0.0004948366155531
7384	0.0005164723930880363	30	5436.0	False	0.0004191651627175
7385	0.0003418249479337172	30	5396.0	False	0.0003736554529194
7386	0.0002994249565504099	30	5463.0	False	0.0003816087700633
7387	0.0002291351695137487	30	5429.5	False	0.0002905152578613
7388	0.00032158357587182653	30	5349.5	False	0.0004313477549235
7389	0.00026040116457950237	30	5379.0	False	0.0002193132753066
7390	0.00028942977729214526	30	5419.0	False	0.0003722791628372
7391	0.00039572640538075164	30	5470.5	False	0.0005005120180414
7392	0.0006156794463589165	30	5616.5	False	0.0005041607423058
7393	0.0006760739851566059	30	5568.5	False	0.0007213850593138
7394	0.00027937006435743743	30	5556.5	False	0.0003342188211295
7395	0.0004168502220499002	30	5386.5	False	0.0004618171914409
7396	0.0007006789903335174	30	5353.0	False	0.0008048966548735
7397	0.0006768769951589486	30	5444.5	False	0.0008514563451236
7398	0.0005382938011909925	30	5581.5	False	0.000546572005047
7399	0.0006101950212900327	30	5504.5	False	0.0006795826425219
7400	0.0006076403944843634	30	5459.0	False	0.0006750886420738
7401	0.0005409257775552162	30	5173.5	False	0.0006145197011365
7402	0.00048335698058125795	30	5111.5	False	0.000597018599899
7403	0.0013991975780521253	30	4494.0	False	0.0014990586480053
7404	0.0003265880942655514	30	5028.5	False	0.0003810927992203
7405	0.00023193270303232465	30	4960.0	False	0.0002790921892245
7406	0.0003205951561360064	30	4938.0	False	0.0003696009584135
7407	0.0006829055056516533	30	4777.0	False	0.000738240877452
7408	0.00045636404026246763	30	4648.0	False	0.0005104506258124
7409	0.00027580392665773354	30	4812.0	False	0.0004168023445131
7410	0.00026932954510985516	30	4762.5	False	0.0003611080106887
7411	0.0004862205440192217	30	4590.5	False	0.0005387967321978
7412	0.0002591552171365532	30	4763.5	False	0.0003555107396562
7413	0.0003938866439448986	30	4625.5	False	0.0004751847940865
7414	0.00034069101241741904	30	4754.0	False	0.0003859190984929
7415	0.000240117871329563	30	4728.5	False	0.0003103000213331
7416	0.0002701238560525417	30	4704.0	False	0.0004422735461883
7417	0.0006740498818104317	30	4757.0	False	0.0008242271260874
7418	0.0005115681720194451	30	4874.5	False	0.0005300018928639
7419	0.0003580765463699455	30	4890.0	False	0.0004595703961119
7420	0.00027577080134725044	30	4792.5	False	0.0002948188786628
7421	0.00019639418518892574	30	4755.5	False	0.0002310921672593
7422	0.0003203702730349208	30	4599.0	False	0.0003364204860286
7423	0.0003989991153388303	30	4419.5	False	0.0003419224246402
7424	0.0004712594213713816	30	4246.5	False	0.0005402130191337
7425	0.0002423326102975834	30	4439.5	False	0.0003061370269332
7426	0.00025658253524479585	30	4348.5	False	0.0002706585330307
7427	0.00029823522297162694	30	4293.5	False	0.0003465763210569
7428	0.00027862933928901926	30	4261.5	False	0.0003996203606573
7429	0.000307349632686964	30	4063.5	False	0.0003372630726914
7430	0.00031304080260741575	30	4014.5	False	0.000351193293735
7431	0.00027684078066612125	30	3934.0	False	0.0002565318449303
7432	0.0002616944336625988	30	3902.0	False	0.0002918487434728
7433	0.0003497530144490797	30	3902.0	False	0.0003443741781979
7434	0.0002724486396644246	30	3881.5	False	0.0002906999583591
7435	0.0005426434309767616	30	3844.0	False	0.0006035434352739
7436	0.00021559920323463178	30	3828.5	False	0.0002627074792023
7437	0.0005842742521119106	30	3778.5	False	0.0005804485577465
7438	0.0	30	3754.5	False	0.0001620640477116
7439	0.0003608230771715605	30	3617.5	False	0.000562613887326
7440	0.0002726855398785407	30	3565.5	False	0.0003933708460893
7441	0.00020143545819832	30	3497.5	False	0.0002701101352293
7442	0.0012503042306481397	30	3444.5	False	0.0013852752346531
7443	0.00022687149549115783	30	3427.5	False	0.0002776359744574
7444	0.00022061148518231848	30	3359.0	False	0.0003677247947635
7445	0.00020589772592186632	30	3230.0	False	0.0003189638507635
7446	0.0004229515444818573	30	3218.5	False	0.0004957328097358
7447	0.00019515376772978263	30	3260.5	False	0.0002488776574869
7448	0.0	30	3288.0	False	0.0002655992107909
7449	9.208103130755064e-05	30	3286.5	False	0.000218141811146
7450	9.323140033563304e-05	30	3246.0	False	0.0003162040186656
7451	0.0002661826223257498	30	3226.0	False	0.0003285151116951
7452	0.0003000384690090459	30	3132.0	False	0.000348532677428
7453	0.0003501306231829148	30	3053.0	False	0.0004199098730028
7454	0.00011444266422522316	30	2939.5	False	0.0003083105644209
7455	0.000297070907068444	30	2926.5	False	0.0003622802344166
7456	0.00044438494538835075	30	2913.0	False	0.0004821910762504
7457	0.0003395019501784343	30	2889.5	False	0.0003261436771612
7458	0.00010893246187363834	30	2798.5	False	0.000571614306049
7459	0.0002561905967180346	30	2774.0	False	0.0002831257078142
7460	0.0	30	2673.5	False	0.0001289097748766
7461	0.0008094884550111749	30	2334.5	False	0.0010599596953597
7462	0.00047951760058646614	30	2627.5	False	0.0004763322417386
7463	0.0002810134773923075	30	2587.5	False	0.0003732915888975
7464	0.00034615446250445774	30	2395.5	False	0.0003904216553878
7465	0.0019984423661794934	30	1926.0	False	0.0025258505012234
7466	0.00039046720806578674	30	2313.0	False	0.0005131945007157
7467	0.00013896609227348526	30	2190.5	False	0.0003299193849155
7468	0.0	30	2160.0	False	0.0002617991418805
7469	0.0008342602892102335	30	2077.0	False	0.0008794674672853
7470	0.00015436863229391788	30	2063.0	False	0.0005376013762595
7471	0.00034299483490130977	30	1941.0	False	0.0004084833828959
7472	0.0006440151562723761	30	1888.5	False	0.000711273687954
7473	0.0	30	1838.0	False	0.000332720427283
7474	0.0	30	1785.5	False	0.0002147996992804
7475	0.0	30	1760.5	False	0.0003454922355166
7476	0.0	30	1690.0	False	0.0004500956453246
7477	0.0008031892348542033	30	1638.0	False	0.001007498110941
7478	0.0	30	1677.5	False	0.0003034728676289
7479	0.0003846433716840191	30	1618.0	False	0.0005676813154546
7480	0.0005157666405858896	30	1543.0	False	0.0006172712495627
7481	0.0	30	1522.5	False	0.0003328894806924
7482	0.0	30	1494.5	False	0.0001474770883809
7483	0.0004705536357620763	30	1488.0	False	0.0007227891156462
7484	0.00039777404756928254	30	1495.0	False	0.000572421981004
7485	0.00020669698222405952	30	1476.5	False	0.0006411215352723
7486	0.00016561775422325274	30	1411.5	False	0.0005523031039434
7487	0.0	30	1260.0	False	0.0002948185637422
7488	0.0002310536044362292	30	1209.0	False	0.0005896679912831
7489	0.0	30	1171.5	False	0.0005554233119098
7490	0.0	30	1126.0	False	0.0005518611517342
7491	0.0	30	1113.0	False	0.0003607303401964
7492	0.0	30	959.5	False	0.0003620326487625
7493	0.0	30	941.5	False	0.0004288730535761
7494	0.0	30	894.0	False	0.0003453873519151
7495	0.0	30	813.0	False	0.0006853487663722
7496	0.00034578146611341634	30	751.0	False	0.0008146307686041
7497	0.0	30	682.5	False	0.0004858442648292
7498	0.003038450826219895	30	613.0	False	0.0036168132942326
7499	0.0	30	561.5	False	0.0004268487888165
7500	0.0	30	527.5	False	0.0003435639028859
7501	0.011972550214115498	30	465.5	False	0.0124650216229966
7502	0.0	30	469.5	False	0.0007194715154686
7503	0.0	30	411.0	False	0.0002841716396703
7504	0.0	30	355.0	False	0.0008855256802447
7505	0.0	29	339.0	False	0.0003561887800534
7506	0.0	28	333.0	False	0.0001908761213972
7507	0.0	27	313.0	False	0.0008347245409015
7508	0.0	27	320.0	False	0.0005066369439659
7509	0.0	27	330.0	False	0.000604047115675
7510	0.0	27	345.0	False	0.0003002401921537
7511	0.0	27	348.0	False	0.0002992518703241
7512	0.0	27	352.0	False	0.0006959634122091
7513	0.003246753246753247	27	341.0	False	0.0028331478296063
7514	0.021739130434782608	27	335.0	False	0.0233104999488804
7515	0.0	27	336.0	False	0.0014769490452579
7516	0.0035587188612099642	27	320.0	False	0.0040811824398852
7517	0.0	27	300.0	False	0.0022323920080366
7518	0.0	27	298.0	False	0.00022519986488
7519	0.0	27	270.0	False	0.0002455795677799
7520	0.0034129692832764505	17	196.0	False	0.0031545741324921
7521	0.0	17	192.0	False	0.0014632718759145
7522	0.0	16	169.5	False	0.0036863270777479
7523	0.0	17	182.0	False	0.0011979634621144
7524	0.0	17	189.0	False	0.0023412350014632
7525	0.0	17	187.0	False	0.0023108030040439
7526	0.006666666666666667	17	194.0	False	0.0093036368762334
7527	0.0	17	201.0	False	0.0031804929764113
7528	0.0	18	204.0	False	0.0005008765339343
7529	0.0	18	207.5	False	0.0004957858205255
7530	0.0	19	205.0	False	0.0002412545235223
7531	0.0	18	208.0	False	0.0007438631291842
7532	0.0	18	206.0	False	0.0002525890376357
7533	0.0	18	211.0	False	0.0004927322000492
7534	0.0	18	213.0	False	0.0002474022761009
7535	0.0	18	208.0	False	0.0
7536	0.0	18	208.5	False	0.0010090817356205
7537	0.0	18	207.0	False	0.0
7538	0.0	18	208.5	False	0.0002537427048972
7539	0.0	19	211.0	False	0.0004891171435558
7540	0.0	19	213.0	False	0.0002416042522348
7541	0.0	19	214.0	False	0.0002392344497607
7542	0.0	19	217.0	False	0.0009478672985781
7543	0.0	19	212.0	False	0.0002386634844868
7544	0.0	19	215.0	False	0.0013630168105406
7545	0.0	19	217.0	False	0.0006822833750284
7546	0.0	19	217.0	False	0.0006821282401091
7547	0.0	19	220.0	False	0.0004515692029803
7548	0.0	19	225.0	False	0.000435824798431
7549	0.0	19	223.0	False	0.0015327348368732
7550	0.0	19	227.0	False	0.0008663634394628
7551	0.0	19	221.0	False	0.0002193944712593
7552	0.0	19	224.0	False	0.0002209456473707
7553	0.0	19	225.0	False	0.0
7554	0.0	19	228.0	False	0.0002146844139115
7555	0.0	19	228.0	False	0.0
7556	0.0	19	231.0	False	0.0002157497303128
7557	0.0	19	231.0	False	0.00085306035402
7558	0.0	19	231.0	False	0.0006374840628984
7559	0.0	19	231.0	False	0.0004262574595055
7560	0.0	19	232.0	False	0.0
7561	0.0	19	229.0	False	0.0006503360069369
7562	0.0	19	224.0	False	0.0002183406113537
7563	0.0	19	228.0	False	0.000437445319335
7564	0.0	19	229.0	False	0.0004375410194705
7565	0.0	19	226.0	False	0.000438596491228
7566	0.0	19	237.0	False	0.0002118195297606
7567	0.0	19	241.0	False	0.0008281573498964
7568	0.0	19	242.0	False	0.0002055498458376
7569	0.0	19	245.0	False	0.000408580183861
7570	0.0	19	245.0	False	0.0004090816117815
7571	0.0	19	244.0	False	0.0004109307581672
7572	0.0	20	241.0	False	0.0006060606060606
7573	0.0	20	242.0	False	0.0008049909438518
7574	0.0	19	238.0	False	0.0006229235880398
7575	0.0	19	232.0	False	0.0010403662089055
7576	0.0	20	231.0	False	0.0016339869281045
7577	0.0	19	234.0	False	0.0006301197227473
7578	0.0	19	232.0	False	0.0002126302360195
7579	0.0	20	227.5	False	0.0004159733777038
7580	0.0	20	227.0	False	0.0012358393408856
7581	0.0	20	233.0	False	0.0014002800560112
7582	0.0	20	243.5	False	0.0005656108597285
7583	0.0	20	240.0	False	0.0018946570670708
7584	0.0	20	238.0	False	0.0013348588863463
7585	0.003940769047050394	20	237.5	False	0.0047892720306513
7586	0.0	25	307.0	False	0.0003621876131836
7587	0.0	25	308.0	False	0.0005980861244019
7588	0.0	25	334.0	False	0.0
7589	0.0	25	336.0	False	0.0004242681374628
7590	0.0	25	348.0	False	0.0012229922543823
7591	0.0035778175313059034	25	346.0	False	0.0045463730046474
7592	0.0	25	356.0	False	0.0010932220234545
7593	0.0	26	343.0	False	0.0020435967302452
7594	0.0	30	399.0	False	0.0008508663366336
7595	0.0	30	439.5	False	0.0007133685261806
7596	0.002481848144493963	30	489.0	False	0.0024145131819368
7597	0.0011003645786254483	30	566.0	False	0.001340782122905
7598	0.0	30	743.5	False	0.0006648936170212
7599	0.015507192834308462	30	909.5	False	0.0177700094676279
7600	0.0011912059346035745	30	964.0	False	0.0012937491488492
7601	0.0152103227133108	30	1043.5	False	0.0152888776573901
7602	0.0	30	1117.0	False	0.0003539196602371
7603	0.0006786607821829719	30	1211.0	False	0.0007313307511037
7604	0.0006519029448425109	30	1270.0	False	0.0008043799787228
7605	0.0007631036757419628	30	1347.5	False	0.0008650519031141
7606	0.000248015873015873	30	1381.0	False	0.0006003842459173
7607	0.0	30	1483.5	False	0.0005144608226899
7608	0.0	30	1612.0	False	0.0003114617940199
7609	0.0	30	1608.0	False	0.0057105802618918
7610	0.0004871115919746408	30	1811.5	False	0.0005348086675887
7611	0.0	30	1888.0	False	0.0003738717085937
7612	0.0009493884417973828	30	1991.0	False	0.0010315031198741
7613	0.0007633454367498176	30	2242.5	False	0.0009290059636189
7614	0.0003715913769826946	30	2321.0	False	0.0006802130369341
7615	0.00045819017295970486	30	2412.5	False	0.0005985606703879
7616	0.0001232134056185313	30	2558.5	False	0.0002247280130077
7617	0.0003804842410924138	30	2629.0	False	0.000398319349326
7618	0.0005501964749949982	30	2804.0	False	0.0005910236771322
7619	0.0005995238314317262	30	2918.0	False	0.0006592872757555
7620	0.00037400392546918526	30	2954.5	False	0.0004437667834873
7621	0.00036143981133650554	30	2961.5	False	0.0004749573103846
7622	0.0005406507559002922	30	2964.5	False	0.0006742179072276
7623	0.00038919062207240995	30	3087.0	False	0.000498801791349
7624	0.0003135989898832161	30	3147.0	False	0.0004045651988757
7625	0.00031743081166336657	30	3156.5	False	0.0004465472330019
7626	0.0007073500977965098	30	3244.0	False	0.0007678499164703
7627	0.00028307661737463866	30	3340.5	False	0.0003224636220726
7628	0.00047626342729435516	30	3374.5	False	0.0006479912271956
7629	0.00037837462696925533	30	3480.5	False	0.0005336282842395
7630	0.000291864509564738	30	3496.0	False	0.0003482702577199
7631	0.0004685633145218352	30	3567.0	False	0.0005607458870714
7632	0.00043231041006451456	30	3576.0	False	0.0005117464770045
7633	0.00042216609553391864	30	3626.5	False	0.000502316235977
7634	0.0002874662407736338	30	3687.5	False	0.0004938723248582
7635	0.0002638899315199893	30	3727.5	False	0.0003537029983131
7636	0.00029719406086544916	30	3835.0	False	0.0003794162284262
7637	0.0002425517467255073	30	3929.0	False	0.0003363286707256
7638	0.00043573117114476163	30	4039.0	False	0.0005560563807469
7639	0.00025022134605231524	30	4142.5	False	0.0003287716270085
7640	0.0003348306899243325	30	4280.5	False	0.0003583658517161
7641	0.0004407240172857786	30	4340.5	False	0.0004448849933267
7642	0.0002959096953132703	30	4485.5	False	0.000384760467748
7643	0.0004166903521019033	30	4590.0	False	0.0005066562887793
7644	0.000236776029329618	30	4670.5	False	0.0003530386541301
7645	0.0003472415761905264	30	4749.5	False	0.0003317615834203
7646	0.00031608302760495065	30	4840.5	False	0.0003171910662446
7647	0.00021888216797794828	30	4876.0	False	0.0002861054911818
7648	0.0005633483679452398	30	4968.5	False	0.000568900549491
7649	0.00037316481919039016	30	4982.5	False	0.0004139293916573
7650	0.0003673560115208998	30	5038.5	False	0.0003966103039356
7651	0.0004031262639259831	30	5114.0	False	0.0004874244492103
7652	0.0006588752041959639	30	5218.0	False	0.0006551496030938
7653	0.0003150939060213448	30	5308.0	False	0.0004067024564828
7654	0.0004725443393136743	30	5342.5	False	0.0005456755214921
7655	0.000479313682917693	30	5384.5	False	0.0006024281542953
7656	0.0003463290796726	30	5407.5	False	0.0004333390298088
7657	0.00032337283375716774	30	5472.5	False	0.0003678643364571
7658	0.00034186787437600144	30	5524.5	False	0.0004137707709928
7659	0.0003771855852657071	30	5567.5	False	0.0004457281414919
7660	0.0005160895913810823	30	5644.5	False	0.0005390140729543
7661	0.0005042061457479133	30	5732.0	False	0.0005228082270481
7662	0.0005463879310773763	30	5796.0	False	0.0006326985447933
7663	0.0006669981167635081	30	5923.0	False	0.0006464268200258
7664	0.0005730334920468927	30	5946.5	False	0.00066547620368
7665	0.0007090998278611522	30	6011.5	False	0.0007414364094706
7666	0.000470497939659183	30	6065.0	False	0.0006619965163789
7667	0.0005000847548466063	30	6208.5	False	0.0004722788249278
7668	0.00023710382567416214	30	6264.0	False	0.0003795466526093
7669	0.0006912443864266361	30	6331.5	False	0.0006550264106648
7670	0.0005711222685598359	30	6250.5	False	0.0006318516412346
7671	0.0003469291016902444	30	6259.5	False	0.0003149556699894
7672	0.00041191467510007316	30	6281.5	False	0.0004805507529499
7673	0.0003797081487464805	30	6288.0	False	0.0003778595307194
7674	0.00022386474111334698	30	6161.5	False	0.0005768491219074
7675	0.00043671185786695195	30	6101.5	False	0.0004891263450974
7676	0.000436199004500096	30	6230.0	False	0.0004183125589079
7677	0.0003630870199729495	30	6300.5	False	0.0003719984700907
7678	0.00022689685513494224	30	6369.0	False	0.0003117352744049
7679	0.00034886586752804003	30	6390.5	False	0.000429324408903
7680	0.0002512521765030045	30	6435.0	False	0.0003068598519912
7681	0.00036040573268528425	30	6412.0	False	0.0004274134869308
7682	0.0003589257085291384	30	6486.0	False	0.0004485615789367
7683	0.0002548418532544747	30	6436.5	False	0.0003144239449048
7684	0.0003971440946157321	30	6350.0	False	0.0003763604923202
7685	0.0004150029869440971	30	6358.0	False	0.0004581040668317
7686	0.00031080764520980986	30	6283.0	False	0.0003198877297258
7687	0.0003565947802756209	30	6342.5	False	0.0003842095017571
7688	0.00034761008678988554	30	6248.5	False	0.0003292723081988
7689	0.0005517279622476733	30	6169.5	False	0.0005797957010784
7690	0.00046663615879528506	30	6191.5	False	0.0005507763323541
7691	0.00025428466672996705	30	6146.0	False	0.0003642525695643
7692	0.00019883889294270904	30	6116.5	False	0.0002486193690357
7693	0.0004301947995296135	30	6077.5	False	0.0004749224915821
7694	0.000561294302813006	30	5999.5	False	0.0005721256085581
7695	0.00038686665447228825	30	6010.0	False	0.0003723409996006
7696	0.0003923694852890242	30	5984.0	False	0.0004439030992015
7697	0.0003806942301430798	30	6107.5	False	0.0004048022328038
7698	0.0004179349271806807	30	6021.5	False	0.0005039557819442
7699	0.00044432814100797517	30	6179.5	False	0.000420800151488
7700	0.000381470561194148	30	6205.0	False	0.000375257989868
7701	0.000392411748384972	30	6197.0	False	0.0004027955054298
7702	0.0004467127748037642	30	6177.0	False	0.0005400558931633
7703	0.00041689193804892236	30	6125.5	False	0.0004922327784687
7704	0.0003989791163135714	30	6148.5	False	0.0004996055745464
7705	0.0003637080761553329	30	6221.5	False	0.0004066693777958
7706	0.0004956011915550544	30	6244.0	False	0.0005723741037141
7707	0.0005021272493486915	30	6300.5	False	0.0005408607412367
7708	0.0004797146837162712	30	6384.5	False	0.0004420484627383
7709	0.0006334443791312516	30	6515.0	False	0.0006790154276299
7710	0.0006078038222767849	30	6664.5	False	0.0006419743406286
7711	0.00038869398218248824	30	6681.0	False	0.000444129920203
7712	0.0003542235625912732	30	6654.5	False	0.0003767418193204
7713	0.0004464131061480722	30	6623.0	False	0.0005438803659187
7714	0.0004366646166179365	30	6674.0	False	0.0005068991904235
7715	0.0004715755642025077	30	6737.5	False	0.0005030181086519
7716	0.00043753729563951737	30	6670.5	False	0.0005260568628501
7717	0.0005552202952526209	30	6657.5	False	0.0005903331723333
7718	0.00046879348478856325	30	6612.5	False	0.0004822810911363
7719	0.0004774658440543944	30	6601.5	False	0.000526370161207
7720	0.0005941822562065596	30	6524.5	False	0.0005601316309332
7721	0.0003810524194454533	30	6637.5	False	0.0004453950556254
7722	0.0005424013000006462	30	6669.5	False	0.0006241710228602
7723	0.0005489709690171203	30	6723.0	False	0.0005411386136221
7724	0.0004554815238379369	30	6654.5	False	0.0004969621967677
7725	0.00039441910828778306	30	6718.5	False	0.0005061143432804
7726	0.0003173582326542853	30	6797.5	False	0.0003441830671491
7727	0.00040914232868455167	30	6837.5	False	0.0004286632849896
7728	0.00043071071767063185	30	6933.5	False	0.0004883156397169
7729	0.0004248529979749997	30	6942.5	False	0.0004402480376177
7730	0.0005190014737549958	30	7012.0	False	0.0006266914867443
7731	0.00040254809796392286	30	7030.5	False	0.0004990481119346
7732	0.0002818004972647896	30	6941.5	False	0.0003441844456537
7733	0.0003862281892329675	30	7107.5	False	0.000397883443018
7734	0.0003459014447696734	30	7024.0	False	0.0003370330015328
7735	0.00034967104024444696	30	7023.0	False	0.0004277120623999
7736	0.0003321707724090383	30	6946.0	False	0.0003649618176022
7737	0.00021507348276713197	30	7101.0	False	0.0002618746613689
7738	0.00033671615138045313	30	7018.5	False	0.0004046631747417
7739	0.0003360415705514429	30	7074.0	False	0.0003571525448249
7740	0.00030225835505574914	30	7083.0	False	0.0003335091016436
7741	0.0002704206690354411	30	7078.5	False	0.0003195707849288
7742	0.00046932018983794046	30	6985.5	False	0.0004777483039935
7743	0.00030385197577685943	30	7236.5	False	0.0003209228510258
7744	0.0004182949568567656	30	7267.5	False	0.0004210784872755
7745	0.00026291975444517817	30	7389.0	False	0.0003235212920146
7746	0.00030985053671533664	30	7389.5	False	0.0003449985984431
7747	0.0002898420463747274	30	7460.0	False	0.000392912205476
7748	0.00027273300337108926	30	7450.0	False	0.0003338769535012
7749	0.00034361029720881805	30	7435.5	False	0.000388970524678
7750	0.0004007417634671679	30	7687.0	False	0.000454115578664
7751	0.0009041263689947183	30	7553.5	False	0.0009100875800559
7752	0.0003918894716643214	30	7741.0	False	0.0004373352257021
7753	0.000423839300143927	30	7768.0	False	0.0004567732059306
7754	0.0003667840943329964	30	7781.5	False	0.0003922102907723
7755	0.0003200365990222052	30	7594.0	False	0.0003889405597361
7756	0.0011506019222186463	30	7754.0	False	0.0012710121992249
7757	0.0003982932858242903	30	7709.5	False	0.0005653124293359
7758	0.00036310957539252873	30	7779.5	False	0.0004442912723754
7759	0.0018898037303790114	30	7705.0	False	0.0019914055130489
7760	0.0006833433827291425	30	7821.0	False	0.0006792247781199
7761	0.00029087103779635654	30	7996.0	False	0.0003896024837158
7762	0.000262671400486558	30	8123.5	False	0.000277389164938
7763	0.00031277564316432665	30	8052.0	False	0.0003335892190395
7764	0.000558433653002875	30	8242.0	False	0.0005973453970554
7765	0.00019339829113150379	30	8289.5	False	0.0002578659017967
7766	0.00034711842907283715	30	8317.5	False	0.0003739362497736
7767	0.0003595849644828916	30	8326.0	False	0.0003926866046745
7768	0.00029945352888195026	30	8474.0	False	0.0003730679634393
7769	0.0003668545922695033	30	8498.0	False	0.0004049566696363
7770	0.00035289484294078	30	8696.5	False	0.0003961044649352
7771	0.0003161824806340084	30	8670.0	False	0.0003409347578723
7772	0.0003474380434626046	30	8251.0	False	0.0004591980909918
7773	0.00030273342325203635	30	8782.5	False	0.0003682397015003
7774	0.00042625571885716374	30	8700.5	False	0.0004932182490752
7775	0.0003720289453570182	30	8799.5	False	0.0004384617114247
7776	0.00026466197631103995	30	8633.0	False	0.0002980524723263
7777	0.000287076910313864	30	8931.5	False	0.0003493096538157
7778	0.00022721628607100456	30	8815.0	False	0.0003273635464138
7779	0.00030414746543778803	30	8873.0	False	0.000318138269474
7780	0.00031963589345506544	30	8939.5	False	0.0003544868163794
7781	0.00035440074113519883	30	8706.5	False	0.000367738556459
7782	0.0003472825434115575	30	8896.5	False	0.0003939434837005
7783	0.000282357543081085	30	8886.5	False	0.0003205069166866
7784	0.00033333442565642554	30	8813.5	False	0.000347351811957
7785	0.000283511266522644	30	8729.5	False	0.000330889460613
7786	0.0003809693779670746	30	8976.0	False	0.0003866805135117
7787	0.00043850144573801713	30	9007.0	False	0.0004867604809047
7788	0.0008159728024013356	30	8768.0	False	0.000829583541655
7789	0.0007985072946509097	30	9029.0	False	0.0008695588632892
7790	0.0007497935176591793	30	9249.5	False	0.0008405012443784
7791	0.0005026773771412416	30	9361.0	False	0.0005687934019965
7792	0.0006843273448572845	30	9411.0	False	0.0007465645528292
7793	0.0007663766682956305	30	9292.0	False	0.0009629047265278
7794	0.0006410950196116576	30	9359.0	False	0.0007228536257192
7795	0.0004751188364937493	30	9427.5	False	0.0004685170724781
7796	0.0003707989258447974	30	9373.5	False	0.0004614806732609
7797	0.00033715267395498856	30	9257.0	False	0.0004008855598132
7798	0.0003664397532224838	30	9314.5	False	0.0003884333189469
7799	0.0008186437052065531	30	9342.0	False	0.0008370445887213
7800	0.0002814538391579731	30	9411.0	False	0.000372779300453
7801	0.0004145322034984595	30	9517.5	False	0.0004190996752857
7802	0.0011445555964235733	30	9618.0	False	0.0012984210086607
7803	0.00036242241631952437	30	9544.0	False	0.0003829990583142
7804	0.0014102715078287461	30	9576.0	False	0.0015060082356534
7805	0.0005978046871813598	30	9693.0	False	0.0005484892246167
7806	0.001268927466062508	30	9547.5	False	0.0012521307266567
7807	0.00036790861538280213	30	9749.0	False	0.000442734520594
7808	0.0005283913944701424	30	9813.5	False	0.0005678708264915
7809	0.000438537013503553	30	9694.5	False	0.0004623846626317
7810	0.0010382434957745324	30	9884.5	False	0.0013390148240805
7811	0.0014855957426038987	30	9869.0	False	0.00174770106183
7812	0.0013392471459952554	30	9864.0	False	0.0015090801455013
7813	0.0012797455186275243	30	9949.0	False	0.0015796021165312
7814	0.0006382278442453652	30	9955.5	False	0.0007551662556339
7815	0.0006504371203241318	30	10068.5	False	0.0007153912755693
7816	0.0003827267369671012	30	10029.5	False	0.0003961353305715
7817	0.0010633036951691085	30	10078.5	False	0.0012179941911046
7818	0.0007044414931543416	30	9789.0	False	0.0007598049373506
7819	0.000513818178620732	30	10017.0	False	0.0006108839150871
7820	0.0013265258546109292	30	9956.5	False	0.0016081004653951
7821	0.00048401098883465077	30	9921.5	False	0.0005865962751136
7822	0.0006010248923047153	30	9720.5	False	0.0006631576023554
7823	0.000652011914617944	30	9560.5	False	0.0006479512064569
7824	0.00044506322081004916	30	9727.0	False	0.0004814886659646
7825	0.00033766404099074205	30	9748.0	False	0.0003639918465826
7826	0.0003299568181640991	30	9642.0	False	0.0003792940259451
7827	0.0008795008443974067	30	9467.5	False	0.0009808399814454
7828	0.0011876912173985526	30	9406.5	False	0.0014352375818031
7829	0.0004885425601216218	30	9584.5	False	0.0006413446509052
7830	0.0004908725464324178	30	9609.0	False	0.0005756931869328
7831	0.001008777050223454	30	9648.0	False	0.001115636990491
7832	0.0008493816264426672	30	9564.0	False	0.0010487493663805
7833	0.0005355115336716959	30	9461.5	False	0.0005572170183952
7834	0.0003462954151290076	30	9676.0	False	0.0003460147748308
7835	0.0003106854428915598	30	9762.5	False	0.0003491775499375
7836	0.0005501849977925383	30	9788.0	False	0.000607392443765
7837	0.00031021037866006283	30	9772.5	False	0.0003392351104912
7838	0.00026517593020281016	30	9725.5	False	0.0003089375637183
7839	0.0005016985356979386	30	9586.0	False	0.0005514610248851
7840	0.00037603631813148443	30	9626.0	False	0.0004504972796895
7841	0.0004791793956015974	30	9530.5	False	0.0005522448052288
7842	0.0003516177489738269	30	9529.0	False	0.0004025849454234
7843	0.0002916698898507926	30	9566.5	False	0.0003381699774785
7844	0.00045381989048562366	30	9474.5	False	0.0005353300203918
7845	0.00045163339214345476	30	9502.0	False	0.0004724045742759
7846	0.00031643882887937664	30	9492.5	False	0.0003788330538854
7847	0.00037958927053270415	30	9585.5	False	0.0004304853027457
7848	0.00044002125055051064	30	9491.0	False	0.0004780114722753
7849	0.0006607656460586646	30	9660.0	False	0.0006934170010744
7850	0.00038729745029178556	30	9569.0	False	0.0004404293318999
7851	0.0004160529939611904	30	9502.0	False	0.0004505920570051
7852	0.00031768886863572216	30	9549.0	False	0.0003058975660286
7853	0.0003363954678577085	30	9589.5	False	0.0004112836889727
7854	0.0009269411602789146	30	9230.0	False	0.0010119942701169
7855	0.0004127598518241706	30	9712.0	False	0.0004802370531836
7856	0.0004784294741395737	30	9908.5	False	0.0005048293108578
7857	0.0005064542980968987	30	9949.5	False	0.0007092600053943
7858	0.0007112995580953701	30	10005.5	False	0.0008126965668525
7859	0.0003980518071010174	30	9917.0	False	0.0006653115262714
7860	0.00033117642478608513	30	9723.5	False	0.0003947484839616
7861	0.0006592893323601869	30	9740.5	False	0.0007797337328475
7862	0.0004093764891252892	30	9880.0	False	0.0004352557127312
7863	0.000350910767232184	30	9853.0	False	0.0003720175753168
7864	0.000512211144415727	30	9808.5	False	0.0006597660523436
7865	0.0015455972876621186	30	9685.5	False	0.0016806722689075
7866	0.001409936897640355	30	9739.0	False	0.0014730682487758
7867	0.0005458946016153458	30	9380.0	False	0.0004802423376719
7868	0.00036810387525589754	30	9792.5	False	0.0003835220104627
7869	0.0037643260509654186	30	9753.5	False	0.0050817596398977
7870	0.0005442310718570151	30	9712.0	False	0.0007855352227163
7871	0.003324889181894671	30	9594.0	False	0.0045044107134181
7872	0.0006615339993028785	30	9753.5	False	0.0007743539408841
7873	0.0003266209525932129	30	9770.5	False	0.000365688900326
7874	0.00040510501657267846	30	9814.5	False	0.0004157371729872
7875	0.0005303452703438846	30	9656.0	False	0.0004835507025202
7876	0.00036443766926355425	30	9743.0	False	0.0004008792164509
7877	0.00026024294440090215	30	9694.0	False	0.0003760735189541
7878	0.00026141839866959985	30	9697.5	False	0.0003230765045162
7879	0.00025297064568038225	30	9651.5	False	0.0003272876039819
7880	0.00042913213513198577	30	9438.5	False	0.0004497704078964
7881	0.00038244214235201677	30	9555.5	False	0.0004168633273961
7882	0.0011230220168368162	30	9630.0	False	0.0014489576411106
7883	0.00038548386678631595	30	9624.0	False	0.0004106635638752
7884	0.000742392134060477	30	9623.5	False	0.0006370902351442
7885	0.0006463894990338628	30	9584.5	False	0.0007160182533265
7886	0.0003264759412454144	30	9582.5	False	0.0003872581778303
7887	0.000624843748659011	30	9484.0	False	0.0006626722257503
7888	0.0005793466945100657	30	9465.5	False	0.0005818826675164
7889	0.0004922558445471802	30	9398.5	False	0.0005153472500304
7890	0.0006370671926243874	30	9019.0	False	0.0006578043790977
7891	0.00042439905003559123	30	9202.0	False	0.0004444444444444
7892	0.0005275426328057906	30	9199.5	False	0.0005770361003757
7893	0.0003461342504902587	30	9271.5	False	0.0004339986803617
7894	0.0003446651961268411	30	9262.5	False	0.0003859144756873
7895	0.0005419839626819625	30	9297.5	False	0.0005762506937987
7896	0.0002698754184835641	30	9354.0	False	0.000376730053552
7897	0.00027992534453731045	30	9409.5	False	0.0003506544966179
7898	0.0005109803442035235	30	9218.0	False	0.0005251050210042
7899	0.00027446596501563185	30	9486.0	False	0.0002962425982915
7900	0.0002906274303453538	30	9664.5	False	0.0003810936357362
7901	0.0004020316523834907	30	9671.0	False	0.0004120681011215
7902	0.00038936557252445945	30	9832.0	False	0.0003859761981344
7903	0.00025645065069916325	30	9824.5	False	0.0003424439080235
7904	0.00030003349023380847	30	9799.0	False	0.0003677512517038
7905	0.00036079682912405504	30	9873.0	False	0.0003607045762723
7906	0.0002474380203002666	30	9845.0	False	0.0002579028811436
7907	0.0005162197869196074	30	9841.5	False	0.0005966925233426
7908	0.00045490831082530724	30	9792.5	False	0.0004805911270863
7909	0.0005079288233215153	30	10045.5	False	0.0005125374546601
7910	0.00030408142516506157	30	9934.5	False	0.000383239230482
7911	0.00030121694608363264	30	9810.0	False	0.0003275028907142
7912	0.00020987037055191914	30	9847.0	False	0.000238964487222
7913	0.0005011799434727537	30	9561.5	False	0.0005844095925195
7914	0.0003875893215843884	30	9689.5	False	0.0004313249764119
7915	0.00044900944237850763	30	9897.5	False	0.0004726913325598
7916	0.00038551329350249865	30	9710.0	False	0.0004303533604545
7917	0.0005581920135672672	30	9958.5	False	0.0005925009134389
7918	0.0006328899223570755	30	9984.0	False	0.0005690901794114
7919	0.0003279840035881359	30	10027.0	False	0.002428401482603
7920	0.0002703722917724003	30	9895.0	False	0.0003082460798059
7921	0.0003483287012785441	30	10004.0	False	0.0003675710445909
7922	0.0011051068125260822	30	9817.0	False	0.0011359649855498
7923	0.0005744106074574654	30	9640.0	False	0.000572984298874
7924	0.000727434488565971	30	9842.0	False	0.000816712947067
7925	0.0009414483038581205	30	9851.5	False	0.0010387846219922
7926	0.0012937895798571396	30	9854.5	False	0.0014196876687128
7927	0.0010520759109920322	30	9748.0	False	0.0010710821297693
7928	0.0005489444137990935	30	9614.0	False	0.0006255333181482
7929	0.0006537016943449281	30	9503.5	False	0.0007095154285163
7930	0.0003335814020810017	30	9112.0	False	0.0003295632743378
7931	0.0003711840488723904	30	9147.0	False	0.0003917298286092
7932	0.00026534987110907215	30	9078.5	False	0.0003137781047802
7933	0.0002565260105236683	30	9094.5	False	0.0002654042034287
7934	0.00024848884575588215	30	9130.5	False	0.000270743011446
7935	0.0003187291843015023	30	9111.0	False	0.0003045317913276
7936	0.0003442958718495521	30	9122.5	False	0.0003962714780926
7937	0.0007295083884163104	30	9140.5	False	0.000806140813
7938	0.00040903673994425294	30	9193.0	False	0.0005176676080939
7939	0.00041520558734916765	30	9104.0	False	0.0005015580313313
7940	0.0004259303629367521	30	9027.5	False	0.0004987620653773
7941	0.0004447231183072651	30	8898.5	False	0.0025368367569136
7942	0.00039093901779246306	30	8933.0	False	0.0004223796218077
7943	0.000663936553212723	30	8611.0	False	0.0007533366065371
7944	0.00035091096248832766	30	8764.0	False	0.0003265947179726
7945	0.00025064608701374255	30	8869.5	False	0.0003003176854552
7946	0.00039291740614460916	30	8819.0	False	0.0004464792185881
7947	0.00036793348590349125	30	8714.0	False	0.0004812925295994
7948	0.00032118789020828	30	8770.5	False	0.0003897187774595
7949	0.00018645247639332532	30	8594.0	False	0.0002812886771931
7950	0.0003619707165002505	30	8507.5	False	0.0004150167529698
7951	0.00039546320043431317	30	8347.5	False	0.0003616130274009
7952	0.00035446606511194535	30	8666.0	False	0.0003977961350573
7953	0.0005259503591600173	30	8653.5	False	0.0005868853692487
7954	0.0009318324304082256	30	8568.5	False	0.00088998216216
7955	0.0003790273777683392	30	8848.5	False	0.0004565117349286
7956	0.00039763914362368405	30	8801.0	False	0.0004548856182775
7957	0.0003764557889004964	30	8835.0	False	0.0004419768418745
7958	0.0005497424410993406	30	8848.5	False	0.0005335633259267
7959	0.00036106313878835007	30	8762.5	False	0.000397740246157
7960	0.0003597008980781473	30	8580.0	False	0.0003877486923175
7961	0.0003636535252563481	30	8492.0	False	0.0003605203637081
7962	0.00036515601492269584	30	8540.0	False	0.0004176637919357
7963	0.00029345992141543905	30	8627.0	False	0.0003104010531197
7964	0.0001839035091582291	30	8532.0	False	0.0002780292982765
7965	0.00036949007230073613	30	8520.0	False	0.0003818352286474
7966	0.0002856558011472541	30	8713.5	False	0.0003507631868497
7967	0.0003468760104371104	30	8775.5	False	0.0003617508742312
7968	0.0006079661367358902	30	8649.0	False	0.0006318099692962
7969	0.00036982888222557644	30	8711.0	False	0.0003816275681884
7970	0.000238563731959578	30	8619.5	False	0.0003283732977165
7971	0.00029774692198552015	30	8605.0	False	0.0003440036101884
7972	0.0004949315864420605	30	8398.0	False	0.0005426569842591
7973	0.0004521210601492034	30	8572.5	False	0.0004621755527619
7974	0.0006809965417173733	30	8520.0	False	0.0007220483957565
7975	0.0008787605246173501	30	8467.0	False	0.0009691649585598
7976	0.0006190184134633395	30	8530.5	False	0.0006499813499669
7977	0.001049505314820278	30	8470.0	False	0.001099657385658
7978	0.0006527490147268996	30	8331.5	False	0.0007992296948084
7979	0.0006708853240864749	30	8257.5	False	0.000754234874897
7980	0.0006582286315528873	30	8035.0	False	0.0007690051293434
7981	0.00036366366036865675	30	8200.0	False	0.0004612957370846
7982	0.00037080840597582916	30	8141.5	False	0.0004396271339423
7983	0.0014027267491154701	30	8145.0	False	0.0014823772650139
7984	0.0021175547106923763	30	8228.0	False	0.0024411946765707
7985	0.0006343106479063581	30	8187.5	False	0.0008209350099601
7986	0.002361338938984378	30	8122.0	False	0.0028443466645713
7987	0.0005416939274163147	30	7833.5	False	0.0005706122381957
7988	0.00040859985732552085	30	8022.5	False	0.0004288488188788
7989	0.0005475587926375094	30	7835.0	False	0.0005168757910845
7990	0.0004588349299650299	30	7965.0	False	0.000463784803851
7991	0.00032420029659581634	30	8079.0	False	0.000339293323023
7992	0.0005444442534720267	30	7988.5	False	0.0005816084261516
7993	0.0005003843332256699	30	7958.5	False	0.0005901552469619
7994	0.0003191476627719792	30	7914.0	False	0.0004076377593645
7995	0.00036560739731492846	30	7767.0	False	0.0003746042984814
7996	0.0004338183206091616	30	7816.5	False	0.0005203958286381
7997	0.00037810516319198943	30	7781.5	False	0.0004486261339128
7998	0.0007928294465231785	30	7770.0	False	0.0008529610522325
7999	0.000771770321403752	30	7892.5	False	0.0008447798292569
8000	0.00039733849908904614	30	7840.0	False	0.0004252796008914
8001	0.0004114959132875607	30	7715.0	False	0.0004301769102543
8002	0.00036198662958358233	30	7730.5	False	0.0004697369884914
8003	0.00020048788868333857	30	7746.0	False	0.0002468922438801
8004	0.00019759231083415297	30	7808.0	False	0.0003050082352223
8005	0.00040491675034410603	30	7823.0	False	0.0004841235939057
8006	0.0004782026440905455	30	7927.5	False	0.0004990180612343
8007	0.00043909122380391015	30	7979.0	False	0.0004914299412681
8008	0.0005049359051986533	30	7935.0	False	0.0004406503999903
8009	0.00030786525968333966	30	8026.5	False	0.0003562903053407
8010	0.00039714265474033927	30	7820.0	False	0.0004729269694758
8011	0.0005052411252726881	30	7925.0	False	0.0005538787567428
8012	0.00035294596427726634	30	7891.5	False	0.0004675232552515
8013	0.00035931883213948125	30	7679.0	False	0.0003599041910222
8014	0.0006077908160093959	30	7444.5	False	0.0005801280547367
8015	0.0002995002600321603	30	7745.5	False	0.0003520795208443
8016	0.0006486495960180171	30	7715.0	False	0.0006407544472876
8017	0.00043591827497837084	30	7915.0	False	0.0005030241813784
8018	0.0004272385680998427	30	7960.0	False	0.0004832133287008
8019	0.0004677652551593481	30	7946.0	False	0.0005159484051594
8020	0.0003832785307282953	30	7856.5	False	0.0004247658730961
8021	0.00023744028106379976	30	7734.5	False	0.0003083336416669
8022	0.0002893887040435289	30	7736.0	False	0.0003201326498364
8023	0.00025909951106042786	30	7720.0	False	0.0003343349623563
8024	0.0005061272228437145	30	7704.5	False	0.0005580287942857
8025	0.00036807517881652484	30	7758.0	False	0.0003918139749733
8026	0.0003239136679234054	30	7801.0	False	0.0003525558247551
8027	0.0010094483825666	30	7737.0	False	0.0011840416117922
8028	0.0004870571036206852	30	7543.0	False	0.0005123297879547
8029	0.0005004714273061457	30	7628.0	False	0.0005183426412065
8030	0.0004575487608188864	30	7694.0	False	0.0004867070730601
8031	0.0003673440857298579	30	7578.5	False	0.0004060844994162
8032	0.0003654570585590488	30	7455.0	False	0.000435528800959
8033	0.0003242151265874608	30	7296.5	False	0.0003879557377771
8034	0.0002250506550640776	30	7276.0	False	0.000292389888626
8035	0.0004475000020006706	30	7268.5	False	0.0005410127581451
8036	0.00043430094804979827	30	7308.5	False	0.0004320263800597
8037	0.0004512116921560965	30	7317.5	False	0.0005498807858456
8038	0.00034356575642585673	30	7163.0	False	0.0004185531562508
8039	0.00028871583519766227	30	7316.0	False	0.0003435260749503
8040	0.00019764298666773633	30	7425.0	False	0.0002212082306811
8041	0.0003228123930225515	30	7463.0	False	0.0003191278322595
8042	0.00029862132269547743	30	7412.0	False	0.0003512575888985
8043	0.00042511011005989585	30	7378.5	False	0.0004490874368879
8044	0.00022054061891083054	30	7387.5	False	0.000287323796505
8045	0.0001988130001885755	30	7399.0	False	0.000265062963317
8046	0.00023592922570488052	30	7381.0	False	0.000248855048483
8047	0.0003167585196980709	30	7373.5	False	0.0003407869557239
8048	0.00044360831548906793	30	7281.0	False	0.000465530771584
8049	0.00043250240496628606	30	7326.0	False	0.0004065274162973
8050	0.00028019360365264434	30	7327.0	False	0.0003233937740053
8051	0.0006643246590312412	30	7217.5	False	0.000825966604161
8052	0.0003301015586501313	30	7260.5	False	0.0004034904137772
8053	0.0010322632201535998	30	7189.0	False	0.0011609976511089
8054	0.00046873144684727816	30	7348.5	False	0.0004747190146943
8055	0.0003567770066065479	30	7468.5	False	0.00040685419471
8056	0.0006166974157023582	30	7499.0	False	0.0006744326015597
8057	0.00028477119070597636	30	7396.0	False	0.0003204892224671
8058	0.00029783309737419536	30	7213.0	False	0.0003367227132761
8059	0.00034202520849792805	30	7313.0	False	0.0004159861279573
8060	0.00035850486778707977	30	7272.0	False	0.0003675264159611
8061	0.00041788130390001826	30	7151.5	False	0.0004299492925782
8062	0.00031837549572797785	30	7372.0	False	0.0003616761104317
8063	0.0004000104697818588	30	7382.5	False	0.0005141960972516
8064	0.0004303388968582992	30	7486.5	False	0.0004191789174175
8065	0.0003429181966815872	30	7479.0	False	0.0004044966544755
8066	0.0004298086438252226	30	7497.5	False	0.0005658138641286
8067	0.0006084717376459571	30	7232.0	False	0.0007437660659994
8068	0.0004011737915911335	30	7487.0	False	0.00049438639043
8069	0.0004365104891743303	30	7410.0	False	0.0004978659846895
8070	0.000429678262547086	30	7505.0	False	0.0004538883098544
8071	0.0003722402999697886	30	7541.0	False	0.00042209963223
8072	0.0004117315887555398	30	7472.0	False	0.0004254888909484
8073	0.0003130356153213238	30	7517.5	False	0.0003400746484845
8074	0.00041669237436695646	30	7361.5	False	0.0004498309920701
8075	0.00043484821097360495	30	7459.0	False	0.0004281293713704
8076	0.0003704191745497542	30	7372.0	False	0.0004646800528626
8077	0.00021228062293029203	30	7393.5	False	0.0002945256642834
8078	0.0003854915710861512	30	7451.0	False	0.0004235547253882
8079	0.0010463802698069443	30	7274.5	False	0.0010249951139004
8080	0.00040631735734932093	30	7496.5	False	0.0004565997691634
8081	0.000543398087859985	30	7575.0	False	0.0005384984659055
8082	0.00039307644557911886	30	7552.0	False	0.0003978041212506
8083	0.0004061796687578833	30	7433.5	False	0.000500927565025
8084	0.0006874057223358744	30	7203.0	False	0.0006842479156588
8085	0.00044017326979042126	30	7305.5	False	0.0004155142638255
8086	0.00029924483158694085	30	7281.0	False	0.0003433692784464
8087	0.0003255176678056263	30	7284.5	False	0.0003869010098551
8088	0.00027182331425306674	30	7343.5	False	0.0003019284602079
8089	0.00043421409134281237	30	7386.0	False	0.0004686922197091
8090	0.00028746188940749885	30	7432.5	False	0.0003205169297042
8091	0.0002985399624598074	30	7402.5	False	0.0003601317053093
8092	0.00041029229009071873	30	7483.0	False	0.0005053593572168
8093	0.000195833492917694	30	7429.0	False	0.000290575938603
8094	0.0003140211434877161	30	7500.0	False	0.0003305238803503
8095	0.0004667040053098686	30	7557.5	False	0.00048011320564
8096	0.0002617323645349313	30	7597.5	False	0.0002640391280841
8097	0.00029521487713623704	30	7607.5	False	0.0003431436139718
8098	0.00031885894544955533	30	7588.5	False	0.0003184313068253
8099	0.0002828850241531984	30	7430.5	False	0.0004100846653965
8100	0.0002745805104261348	30	7528.5	False	0.0003047438458673
8101	0.0004230608429615937	30	7403.5	False	0.0005067944819529
8102	0.00045709761445544915	30	7391.0	False	0.0004567607047903
8103	0.0002748343230984185	30	7353.0	False	0.0003031313468125
8104	0.00031614362296947186	30	7335.5	False	0.0003519872067859
8105	0.00032561505822350953	30	7316.5	False	0.00039191266444
8106	0.00046805571644325736	30	7337.0	False	0.0004992402865205
8107	0.00034998240096654196	30	7345.0	False	0.0003855801681822
8108	0.00028485534691316235	30	7279.5	False	0.000296750149466
8109	0.00031586848040340506	30	7200.5	False	0.0003881987577639
8110	0.0009963071067213267	30	7082.5	False	0.0011320822258615
8111	0.00046892879559167356	30	7273.0	False	0.0005039549508096
8112	0.000363693152456532	30	7326.5	False	0.0004224076364333
8113	0.0005609185270558869	30	7377.0	False	0.0006889499363046
8114	0.0006200125870743079	30	7252.0	False	0.0008136553355998
8115	0.00031388012484163713	30	7040.5	False	0.0003712776024522
8116	0.0004769502773663268	30	6722.0	False	0.0005275078400247
8117	0.0003986484393593986	30	6784.0	False	0.0004660775571886
8118	0.00038301496724925377	30	6825.5	False	0.0004023429458989
8119	0.0004211218288293824	30	6741.5	False	0.0004299266762415
8120	0.00036425489293531526	30	6926.0	False	0.000383626985154
8121	0.00029625025014193057	30	6887.5	False	0.0002969493098248
8122	0.00025218679737828466	30	6931.5	False	0.0003051783212417
8123	0.00029468152599093666	30	6960.0	False	0.0003819780017488
8124	0.0002786283231612703	30	6904.5	False	0.0003380099087836
8125	0.0003162389379913527	30	6908.5	False	0.0003564781807575
8126	0.0003755581988597106	30	6790.0	False	0.0004328210049915
8127	0.0004015716101409549	30	6815.0	False	0.0004435343078505
8128	0.0002382396722459412	30	6809.0	False	0.0003065444890374
8129	0.0003414012946611198	30	6696.0	False	0.0003396625380924
8130	0.00038083089909221927	30	6815.0	False	0.0003838789785975
8131	0.0003345196828638564	30	6651.0	False	0.0003347109843413
8132	0.0006673076643268275	30	6316.0	False	0.0006310625260822
8133	0.0002662537145295766	30	6688.5	False	0.0003479403862138
8134	0.00045565212095543	30	6588.5	False	0.0005052784427612
8135	0.00046694327473774627	30	6607.5	False	0.0005008371837237
8136	0.0003446994574722583	30	6568.0	False	0.0004556350165415
8137	0.0004285717784009537	30	6578.0	False	0.000422530310336
8138	0.0004671595170092487	30	6231.0	False	0.0005613762637524
8139	0.00034997556073983774	30	6508.5	False	0.0004300944689851
8140	0.00042737388710498576	30	6350.5	False	0.0004372517685272
8141	0.0006198668000842503	30	6318.0	False	0.0006562230948531
8142	0.0003860345132660949	30	6337.5	False	0.0005100994430976
8143	0.0004961287282168577	30	6189.0	False	0.0006190084023662
8144	0.00038152408612732825	30	6151.0	False	0.0005244518937038
8145	0.0008561943750519363	30	6271.0	False	0.000964258506518
8146	0.0005134477184166625	30	6128.0	False	0.0005405641524063
8147	0.000541594614174044	30	6262.0	False	0.0006726996075918
8148	0.001046780541400712	30	6249.5	False	0.001158903977294
8149	0.0010170997355644028	30	6102.5	False	0.0010428046479292
8150	0.000638064988786789	30	6245.5	False	0.0007033066148403
8151	0.0012584944996831904	30	6190.5	False	0.0012356585030105
8152	0.002496425733491644	30	6213.0	False	0.0047156036729793
8153	0.002197461024197019	30	6106.5	False	0.0021444676593328
8154	0.0005651838814956416	30	5959.5	False	0.000748886523984
8155	0.0005894825493342761	30	5809.5	False	0.0007138827159783
8156	0.0002640509253320453	30	5727.0	False	0.0004642634665789
8157	0.00039739772018995397	30	5287.5	False	0.0004477965212607
8158	0.0003633277056200207	30	5630.0	False	0.0004827261512422
8159	0.00024203351377052992	30	5709.0	False	0.0002588753044726
8160	0.0003177642241454164	30	5640.0	False	0.0003399798397919
8161	0.0003136293262354841	30	5588.0	False	0.0004021343128604
8162	0.0004628984567101075	30	5591.0	False	0.0005242669302062
8163	0.0004508973738543643	30	5505.0	False	0.0004404909026392
8164	0.0004361584529817076	30	5573.0	False	0.0004832289357486
8165	0.00029732232556061393	30	5560.5	False	0.0003565945821799
8166	0.0003902878708326721	30	5509.0	False	0.0005149860953754
8167	0.0011732901579065904	30	5261.5	False	0.0012739415878862
8168	0.0004371153644109694	30	5313.0	False	0.0005793706664008
8169	0.00020452912914388803	30	5296.5	False	0.0003056806697525
8170	0.0002631421487185319	30	5254.5	False	0.0003008593294597
8171	0.00019914392107182616	30	5268.5	False	0.0003437414064648
8172	0.00026592689237851233	30	5243.5	False	0.0003449075961194
8173	0.0003782883115744811	30	5281.0	False	0.0003924206749635
8174	0.0011162797362707626	30	5257.5	False	0.0011200019911146
8175	0.00035587427183962525	30	5372.0	False	0.000389088499395
8176	0.0005536598223860789	30	5420.5	False	0.0005636809565785
8177	0.0005352488452680681	30	5389.0	False	0.0006310020312255
8178	0.0003753783506243043	30	5341.0	False	0.0003739084286196
8179	0.00031158662872849037	30	5315.0	False	0.0003452745841561
8180	0.0002443401682596278	30	5267.5	False	0.0002987968851949
8181	0.00041390279538091213	30	5224.5	False	0.0004554098380833
8182	0.00025933625656049777	30	5278.5	False	0.0003160076084908
8183	0.00044741893856856856	30	5278.5	False	0.0004739653276133
8184	0.0006170952748361625	30	5254.5	False	0.0006946010004691
8185	0.0004342804342804343	30	5166.5	False	0.0004203810630695
8186	0.00027322865447935367	30	5194.5	False	0.000326545700995
8187	0.00034653794077006445	30	5140.5	False	0.0003978763350616
8188	0.0002541958954806934	30	5131.0	False	0.0003230335333656
8189	0.0003911887582159298	30	5140.5	False	0.0005121907571166
8190	0.0002712896182094885	30	5153.5	False	0.0004485792940713
8191	0.00018667850879076095	30	5176.5	False	0.0002261447815563
8192	0.00016800738088092074	30	5182.5	False	0.0002386941593375
8193	0.00023462854159742486	30	5096.0	False	0.0003228249667862
8194	0.0003106408225065551	30	5194.0	False	0.0003545080589461
8195	0.0003177305597854354	30	5134.5	False	0.0003885435168738
8196	0.00039556549410925813	30	4979.0	False	0.0004540667351971
8197	0.00043689197794955046	30	5118.0	False	0.0004313904329927
8198	0.00020362465147781285	30	5042.0	False	0.000293339324945
8199	0.0002862662975537199	30	5071.5	False	0.00033633124891
8200	0.00041734729773502233	30	4991.5	False	0.0004642612912737
8201	0.0001955667190125565	30	5037.0	False	0.0001932571941549
8202	0.00026123603269272047	30	5042.0	False	0.0003049311726781
8203	0.00040073846647803663	30	4992.5	False	0.0004062830104946
8204	0.000257347184555129	30	4894.0	False	0.0002933411557641
8205	0.00030845374394558773	30	4820.0	False	0.000394960050762
8206	0.0005350015932873304	30	4729.5	False	0.0005321429099348
8207	0.0003258436157126032	30	4734.5	False	0.0004864612573051
8208	0.0004417558024661243	30	4723.5	False	0.0004879721460223
8209	0.00033664631899911045	30	4795.0	False	0.0003780669048053
8210	0.00033494058332694224	30	4746.5	False	0.0003988596537113
8211	0.00044288510585957806	30	4633.5	False	0.0005332266879957
8212	0.0003286718158854534	30	4694.5	False	0.0004434677857057
8213	0.0005723555659971743	30	4714.0	False	0.0005667029092945
8214	0.0011296073794006974	30	4618.0	False	0.0012747058113167
8215	0.00030041808934996243	30	4675.0	False	0.0003874234337739
8216	0.00022374392562771935	30	4713.0	False	0.0003452580139696
8217	0.00033141658043911546	30	4622.0	False	0.0004480165087295
8218	0.00031508507247500684	30	4655.5	False	0.0003450655624568
8219	0.0002649797140941841	30	4646.0	False	0.0003686107470511
8220	0.00030485300332945385	30	4609.5	False	0.0002707656419228
8221	0.0002773520416264433	30	4597.5	False	0.000382140822367
8222	0.00032702654058856004	30	4588.0	False	0.0003691244785246
8223	0.0002563778874383422	30	4593.5	False	0.0003559463986599
8224	0.00039098952958872	30	4546.5	False	0.0004238994510502
8225	0.00021651561346739637	30	4490.0	False	0.0002858143207265
8226	0.00024123714926448266	30	4448.0	False	0.0003097759527411
8227	0.000700445196142613	30	4345.0	False	0.0008448700085969
8228	0.0003892217428499015	30	4356.5	False	0.0004462061323596
8229	0.00035461795502912446	30	4341.5	False	0.0004015019145693
8230	0.0002666215165767361	30	4292.0	False	0.0002857035449795
8231	0.00032727875666848543	30	4231.5	False	0.0003192896565355
8232	0.00054979408206815	30	4009.0	False	0.0005847765833026
8233	0.00020140649919770003	30	4026.0	False	0.0002719891204351
8234	0.00021000948503892958	30	4014.5	False	0.0002809462268921
8235	0.00024119035787600803	30	3993.5	False	0.0003062096085351
8236	0.00022239019437836718	30	3968.5	False	0.000299316426
8237	0.00018269489922491334	30	3934.0	False	0.0002126893753476
8238	0.0002667683494788862	30	3859.0	False	0.0003655274394802
8239	0.0002847382487705867	30	3939.5	False	0.0004339922372709
8240	0.0006145187270570235	30	3902.5	False	0.0007195315601429
8241	0.00030016486116227615	30	3892.5	False	0.0003822280572012
8242	0.0003945609790268628	30	3830.5	False	0.0004396682195973
8243	0.0004740339123737393	30	3764.0	False	0.0005187439479872
8244	0.0005758989413045831	30	3684.0	False	0.0006583805617587
8245	0.000516584145028231	30	3666.0	False	0.0006434948922592
8246	0.00042653425006366184	30	3552.0	False	0.0004416473445953
8247	0.0016153560806664775	30	3406.0	False	0.0016530504992594
8248	0.0007981611594825767	30	3309.5	False	0.0006535261235397
8249	0.0005986685183574714	30	3304.0	False	0.0008839301498752
8250	0.0010489047725717085	30	3166.0	False	0.0011155574205037
8251	0.0023516952667466695	30	2982.5	False	0.0023827807390008
8252	0.0006355332315582992	30	2941.5	False	0.000807067291962
8253	0.00047274726788410046	30	2899.5	False	0.0005752339653532
8254	0.0005095782535630231	30	2838.5	False	0.0005627905406165
8255	0.0008623340889022494	30	2763.0	False	0.0012122191692257
8256	0.0	30	2670.0	False	0.0002036440302351
8257	0.00040298409397121845	30	2611.5	False	0.0005365461063824
8258	0.00030421252310695304	30	2627.5	False	0.0003753753753753
8259	0.00014338973329509606	30	2625.5	False	0.0002553936711015
8260	0.00028457653457653455	30	2588.0	False	0.0003711676935639
8261	0.00080104381060149	30	2388.5	False	0.0007437314067148
8262	0.0003753089296637456	30	2533.5	False	0.0004301565010564
8263	0.0	30	2436.0	False	0.0002500032895169
8264	0.00036616136264765924	30	2324.5	False	0.0004273916699984
8265	0.00037563395714067965	30	2263.0	False	0.000396977301405
8266	0.0005547531694252148	30	2231.5	False	0.0005767178984399
8267	0.00016556291390728477	30	2210.5	False	0.0004061679504475
8268	0.0001481042654028436	30	2210.0	False	0.0003223301539859
8269	0.00039042004899908766	30	2137.0	False	0.0004533502584096
8270	0.0003969907768355842	30	1993.0	False	0.0004664254121431
8271	0.001739244996267765	30	1694.0	False	0.0018276713206338
8272	0.0005359452276324343	30	2032.0	False	0.0007766313220167
8273	0.00032302786664158226	30	1953.0	False	0.0004273925765197
8274	0.0005406101998825853	30	1922.0	False	0.0006208053691275
8275	0.000560266091886776	30	1786.0	False	0.0004881841358236
8276	0.0004273909892873897	30	1731.5	False	0.0005054097562801
8277	0.0008187457425053854	30	1557.5	False	0.0010697387368854
8278	0.0	30	1548.0	False	0.0004156189605369
8279	0.003219604447010407	30	1456.0	False	0.0037136099383275
8280	0.0009706071473429454	30	1230.5	False	0.001242301694288
8281	0.0005725460721178902	30	1382.0	False	0.0005847406090658
8282	0.0005836151784224168	30	1296.0	False	0.0007480923644706
8283	0.0	30	1227.5	False	0.0005283736658564
8284	0.0	30	1154.5	False	0.0005098716822932
8285	0.0	30	1054.0	False	0.0004009128477147
8286	0.0009910768821161768	30	925.0	False	0.0012094909466045
8287	0.0	30	908.0	False	0.0007122760782079
8288	0.0018148880105401844	30	814.0	False	0.0019488525633377
8289	0.0007419379539686707	30	791.0	False	0.0009858692080184
8290	0.0010834236186348862	29	725.0	False	0.0014544430890494
8291	0.001075268817204301	29	653.0	False	0.0010766470135862
8292	0.0010460251046025104	29	590.0	False	0.0020142113802942
8293	0.0	29	506.0	False	0.0001861966236345
8294	0.0	29	482.0	False	0.0012738853503184
8295	0.013194444444444444	24	129.5	False	0.0145589494718812
8296	0.0	24	123.5	False	0.002119285498032
8297	0.0	24	124.0	False	0.0045703839122486
8298	0.0	21	126.0	False	0.0026936026936026
8299	0.0	22	126.0	False	0.0041827541827541
8300	0.0	22	125.5	False	0.00130081300813
8301	0.0	23	125.0	False	0.0003154574132492
8302	0.0	23	126.0	False	0.0009377930603313
8303	0.008432295692502284	20	130.0	False	0.0103950103950103
8304	0.0	18	129.0	False	0.0
8305	0.0	20	127.5	False	0.0003487966515521
8306	0.0	18	129.0	False	0.0007541478129713
8307	0.0	18	128.0	False	0.0003779289493575
8308	0.0	17	129.0	False	0.0
8309	0.0	19	128.0	False	0.0003657644476956
8310	0.0	17	127.0	False	0.0004
8311	0.0	18	125.5	False	0.0003853564547206
8312	0.0	18	125.5	False	0.0
8313	0.0	18	126.0	False	0.0011525163273146
8314	0.0	17	127.0	False	0.0008183306055646
8315	0.0	16	122.0	False	0.0
8316	0.0	16	122.5	False	0.0004488330341113
8317	0.0	17	122.0	False	0.0
8318	0.0	17	120.0	False	0.0004228329809725
8319	0.0	17	119.0	False	0.0
8320	0.0	17	124.0	False	0.0012711864406779
8321	0.0	18	123.5	False	0.0004076640847941
8322	0.0	19	128.0	False	0.0014765596160944
8323	0.0	20	133.5	False	0.001727115716753
8324	0.0	20	134.5	False	0.0010266940451745
8325	0.0	20	133.5	False	0.0006842285323297
8326	0.0	20	134.5	False	0.0013736263736263
8327	0.0	19	134.0	False	0.0
8328	0.0	20	131.5	False	0.0007142857142857
8329	0.0	19	134.0	False	0.0007448789571694
8330	0.0	20	132.5	False	0.0021111893033075
8331	0.0	21	132.0	False	0.0006754474839581
8332	0.0	21	134.0	False	0.0016739203213927
8333	0.0	21	131.0	False	0.0023450586264656
8334	0.0	19	138.0	False	0.0
8335	0.0	19	133.0	False	0.0003756574004507
8336	0.0	19	134.0	False	0.0003718854592785
8337	0.0	19	137.0	False	0.0011169024571854
8338	0.0	19	138.0	False	0.001087744742567
8339	0.0	21	134.0	False	0.0003350083752093
8340	0.0	20	137.5	False	0.0014054813773717
8341	0.0	20	134.5	False	0.0003593244699964
8342	0.0	20	133.5	False	0.0010924981791697
8343	0.0	20	134.0	False	0.0003632401017072
8344	0.0	20	135.0	False	0.0
8345	0.0	20	141.5	False	0.0006811989100817
8346	0.0	21	134.0	False	0.0
8347	0.0	21	138.0	False	0.0016441959881617
8348	0.0	21	134.0	False	0.0010060362173038
8349	0.0	23	141.0	False	0.0002985965959988
8350	0.0	19	136.0	False	0.0010976948408342
8351	0.0	24	143.0	False	0.0002785515320334
8352	0.0	24	146.5	False	0.0005421523448088
8353	0.0	24	145.5	False	0.0
8354	0.0	24	154.0	False	0.0010274852298998
8355	0.0	25	154.0	False	0.0026234199856904
8356	0.0	25	153.0	False	0.0002375296912114
8357	0.0	25	156.0	False	0.0002394636015325
8358	0.0	25	156.0	False	0.000720288115246
8359	0.0	25	158.0	False	0.0009447331128956
8360	0.0	25	155.0	False	0.0014299332697807
8361	0.0	25	160.0	False	0.0018462958689129
8362	0.0	25	152.0	False	0.0011862396204033
8363	0.0	25	154.0	False	0.0027958993476234
8364	0.005050505050505051	25	159.0	False	0.0056676490591702
8365	0.0	25	175.0	False	0.0016488046166529
8366	0.0	25	174.0	False	0.0016273393002441
8367	0.0	25	174.0	False	0.0022389578668837
8368	0.0	25	194.0	False	0.0028625954198473
8369	0.0	27	219.0	False	0.0030192277133322
8370	0.0	28	255.5	False	0.0017894012388162
8371	0.004328094797882175	30	256.5	False	0.0053143227478937
8372	0.0027293714626154307	30	285.0	False	0.0036634365398251
8373	0.013215714924380378	30	288.5	False	0.0158227848101265
8374	0.004183006535947713	30	304.0	False	0.0042391304347826
8375	0.0	30	457.0	False	0.0006931928462498
8376	0.0	30	558.5	False	0.0002900568511428
8377	0.0	30	686.5	False	0.0006605019815059
8378	0.0	30	719.5	False	0.0008972633467922
8379	0.0004633920296570899	30	777.5	False	0.0012158054711246
8380	0.0003869969040247678	30	857.0	False	0.0009385793662712
8381	0.0009266086551414363	30	889.5	False	0.0009369707016469
8382	0.0006739915098408662	30	1029.0	False	0.0007721053769418
8383	0.0006385625758713433	30	1102.5	False	0.0005848295221942
8384	0.0006279509752660265	30	1202.0	False	0.0006255269384535
8385	0.0005753757074257566	30	1276.5	False	0.0005949609395209
8386	0.0013333368877135737	30	1346.0	False	0.0012570865171308
8387	0.0006999070707505922	30	1516.5	False	0.0009088289406601
8388	0.00024073182474723158	30	1564.5	False	0.0005030181086519
8389	0.00023126734505087883	30	1672.0	False	0.000494030465212
8390	0.0006589470845005745	30	1758.0	False	0.0007479431563201
8391	0.0008300537683304258	30	1884.5	False	0.0008267195767195
8392	0.000574008015868481	30	2038.5	False	0.000823958701172
8393	0.0007536129844578855	30	2095.5	False	0.0009489218284741
8394	0.000816159899410207	30	2198.5	False	0.0009508222274179
8395	0.0009050397663098947	30	2266.0	False	0.0009458181326847
8396	0.001362965932657233	30	2295.0	False	0.0014131570812418
8397	0.001118387888332021	30	2442.0	False	0.0009685632056674
8398	0.0007809260749737811	30	2551.0	False	0.0007424495532044
8399	0.0007092869183149425	30	2635.0	False	0.0008223050237697
8400	0.0007461325947627365	30	2722.0	False	0.0007219857096621
8401	0.0009432414373880623	30	2848.0	False	0.0009165248235392
8402	0.000612647370806087	30	2993.5	False	0.0005903388772208
8403	0.0004929692073385492	30	3037.0	False	0.0005150368363302
8404	0.0009374917648298943	30	3063.0	False	0.0007868605372816
8405	0.0009999125185897997	30	3067.0	False	0.000919769503546
8406	0.0007520025511115423	30	3201.0	False	0.0007744372069338
8407	0.00046006873252254707	30	3329.0	False	0.000652967943355
8408	0.0008873703955496509	30	3492.5	False	0.0010548214128746
8409	0.0007858555466032193	30	3582.0	False	0.0010501494076202
8410	0.0007295480394677107	30	3671.5	False	0.0006900024243328
8411	0.0007732937954896273	30	3747.5	False	0.0009155999926752
8412	0.0009601150702398201	30	3765.0	False	0.0010201757981509
8413	0.0008281725122779862	30	3793.0	False	0.0010115150146759
8414	0.000638510868298921	30	3889.5	False	0.0007389877627145
8415	0.00036620125581083684	30	3909.5	False	0.0004724326783433
8416	0.0007087204256139899	30	4008.0	False	0.0007589517937697
8417	0.00040926238257029486	30	4124.0	False	0.0004320623499206
8418	0.0003891088287430604	30	4229.0	False	0.0005255838023158
8419	0.0004875451776620804	30	4264.0	False	0.0006024096385542
8420	0.0006742355204152667	30	4278.0	False	0.0007207957585174
8421	0.00104681279309772	30	4380.0	False	0.0009845749917952
8422	0.00047711902964551545	30	4386.5	False	0.0004914733278205
8423	0.0006504351366653959	30	4476.0	False	0.0006323183227566
8424	0.0004619631005440318	30	4502.5	False	0.0005450251317144
8425	0.0009480579650266794	30	4548.0	False	0.0010955861385841
8426	0.0004784325175952455	30	4622.5	False	0.0005590002721448
8427	0.0006106349920324127	30	4664.5	False	0.0005317173012069
8428	0.0007819812276383445	30	4741.0	False	0.0009122711241047
8429	0.0009296144616446147	30	4799.5	False	0.0011119925206108
8430	0.0006541305471430381	30	4861.5	False	0.0007850944216237
8431	0.000573339221645141	30	4955.5	False	0.0006805901197563
8432	0.0009785428719164746	30	4943.0	False	0.0011618394186678
8433	0.0010085891984301842	30	4953.0	False	0.0011735558742991
8434	0.0008460600608696193	30	5046.5	False	0.0008378774671775
8435	0.001149686193980097	30	5014.5	False	0.0010950459310932
8436	0.0009169580400471714	30	5217.0	False	0.0012238945888234
8437	0.0006834586282730907	30	5259.5	False	0.0007426973476017
8438	0.0006761360677478309	30	5287.0	False	0.0006878595994985
8439	0.0008865626657200785	30	5270.5	False	0.0009398435739804
8440	0.0006477085841345275	30	5285.0	False	0.0006422401335859
8441	0.0008707446718466982	30	5306.0	False	0.0008822570436717
8442	0.00038130541440603913	30	5366.0	False	0.0004437063424652
8443	0.00048033200794220623	30	5462.0	False	0.0004662497357918
8444	0.00042965627406997293	30	5617.0	False	0.0004725182192121
8445	0.0005039316349166555	30	5663.0	False	0.0004693225509485
8446	0.0002881861469775475	30	5654.0	False	0.0003970569656425
8447	0.000412060586719191	30	5636.5	False	0.0003675761666023
8448	0.0006673185921614045	30	5623.5	False	0.0006824289639762
8449	0.000502301259232737	30	5626.5	False	0.0004687480725819
8450	0.000358611716080283	30	5658.0	False	0.0004680074881198
8451	0.0003668380551285198	30	5642.5	False	0.0005076264835988
8452	0.0005438169763716993	30	5591.5	False	0.0006471464504627
8453	0.000423810913075335	30	5560.5	False	0.0004845763637144
8454	0.00047508162468664467	30	5573.5	False	0.0005278405185112
8455	0.0007406895822196034	30	5608.0	False	0.0007173862821151
8456	0.0003953894549003163	30	5594.5	False	0.00042543363843
8457	0.0006501036817927824	30	5664.5	False	0.00069227898241
8458	0.000492160333579254	30	5694.5	False	0.0005400151204233
8459	0.0005637182566145195	30	5608.0	False	0.0006615723572005
8460	0.00039308091394564114	30	5562.0	False	0.0004834258369692
8461	0.0005150009326684129	30	5596.5	False	0.0005625453665618
8462	0.0006097792338196575	30	5513.5	False	0.0006958856530548
8463	0.0007728359197763295	30	5459.5	False	0.0008437928488556
8464	0.0006116439096960684	30	5476.0	False	0.0006484403465759
8465	0.0006045089751881925	30	5446.0	False	0.000730921704658
8466	0.0009537232842190439	30	5374.5	False	0.0010072761625906
8467	0.0007947139013117673	30	5391.5	False	0.0007872161063175
8468	0.0007237222537948282	30	5366.5	False	0.000704214571118
8469	0.0009696825709974087	30	5335.5	False	0.0010718981945993
8470	0.001497780585772676	30	5234.5	False	0.0014600122411506
8471	0.000809155710542414	30	5420.5	False	0.0008410842005095
8472	0.0009195168639592147	30	5386.0	False	0.0009827068319756
8473	0.000830765770789609	30	5303.5	False	0.0010957291607966
8474	0.0012368474297881904	30	5372.0	False	0.0013045548129416
8475	0.0009174257879038828	30	5454.0	False	0.0010302428081127
8476	0.0009388494695205484	30	5464.5	False	0.0012452316738343
8477	0.0018041010951027506	30	5343.0	False	0.0019523720698874
8478	0.0007971745784056229	30	5427.5	False	0.0009030815353614
8479	0.0013525305410122166	30	5410.0	False	0.0015013530712864
8480	0.0011742404714931455	30	5580.0	False	0.0013124775260697
8481	0.0008361606043372724	30	5601.5	False	0.0008986276586881
8482	0.0009845523542006962	30	5641.5	False	0.0011407158730909
8483	0.0010013552432324995	30	5575.0	False	0.0012730021933887
8484	0.0012286489785933333	30	5577.0	False	0.0012580048043802
8485	0.0006873517593331644	30	5554.0	False	0.000943033564787
8486	0.0008084131780310254	30	5545.5	False	0.0008874078635202
8487	0.0005441723578999125	30	5574.0	False	0.0005414348022258
8488	0.0005088242810670765	30	5596.5	False	0.000647909292699
8489	0.0003513283251238515	30	5614.5	False	0.0004067934506254
8490	0.00069565236327777	30	5669.0	False	0.0008559913449764
8491	0.000460989316969709	30	5750.0	False	0.0004807269529532
8492	0.00048391808285030145	30	5747.0	False	0.000541236961778
8493	0.00036708160593505057	30	5683.0	False	0.0003980939026274
8494	0.00017972681524083394	30	5649.5	False	0.000262459363536
8495	0.0016820613166073127	30	5688.5	False	0.0018615349956722
8496	0.0030561163498282425	30	5656.0	False	0.0028936738919018
8497	0.0005104657198426547	30	5781.0	False	0.0005326496687036
8498	0.000694129110664391	30	5919.0	False	0.0006690569727745
8499	0.0004340098466395991	30	5926.0	False	0.000472964117409
8500	0.00034297493927435053	30	5930.5	False	0.0004163980993993
8501	0.0003492326760196217	30	5849.0	False	0.0003396993372984
8502	0.0006687013451347418	30	5839.0	False	0.0008720107644242
8503	0.0011373198794813538	30	5864.5	False	0.001481942786629
8504	0.000537694295203306	30	5829.5	False	0.0005966621675635
8505	0.0009467757366179214	30	5839.5	False	0.0010587030598254
8506	0.0009214356178376273	30	5825.5	False	0.0010516835652653
8507	0.00041911055442989196	30	5865.0	False	0.0004661280298321
8508	0.0003422020728151235	30	5891.5	False	0.0004016455993986
8509	0.0004614092650895332	30	6023.0	False	0.0005351358963526
8510	0.0006773035644215696	30	6055.0	False	0.0006960231259296
8511	0.0005216814429797299	30	6000.5	False	0.0005458111834437
8512	0.0005323042330671541	30	5776.5	False	0.0005486801194903
8513	0.0003846559537387632	30	6009.0	False	0.0004662084179046
8514	0.00034649458924990417	30	5911.5	False	0.0004269288240418
8515	0.0005273223314403671	30	6021.5	False	0.0005443071706799
8516	0.0009753569016844048	30	6019.5	False	0.000960576798115
8517	0.0003964917365935156	30	6077.5	False	0.0004095141927521
8518	0.00048291167115176913	30	6017.0	False	0.000499909107435
8519	0.00034658024107437187	30	5868.0	False	0.0004063483217814
8520	0.0003216358593485225	30	5808.0	False	0.0003330236797363
8521	0.0003192274146349416	30	5729.0	False	0.0003309614429918
8522	0.0003241497466325274	30	6021.0	False	0.0004000788887949
8523	0.00047266674961417125	30	6070.0	False	0.0005358039850421
8524	0.00047168700644224223	30	6209.5	False	0.0005229261848406
8525	0.0004256162263255565	30	6290.0	False	0.0004871869823638
8526	0.00019729996035707052	30	6324.5	False	0.0003118749058998
8527	0.0002698900008816443	30	6280.0	False	0.0003193781328829
8528	0.00044986062480297667	30	6112.0	False	0.0004745586880107
8529	0.00032766948933095157	30	6247.5	False	0.0003690357313419
8530	0.00020356897617917748	30	6323.0	False	0.0002752100500234
8531	0.0004286947260173351	30	6174.0	False	0.0004716722426369
8532	0.00041736166679462135	30	6385.5	False	0.000499187492698
8533	0.0004054151332631222	30	6326.5	False	0.0004483491145104
8534	0.0004703307769725482	30	6549.5	False	0.0005380961743431
8535	0.00027506740920113157	30	6585.5	False	0.0003388890600449
8536	0.0002177466915191759	30	6550.0	False	0.0002748663268005
8537	0.0004073410068770136	30	6318.5	False	0.0003998230116801
8538	0.00046663583987773547	30	6210.0	False	0.0004142368358761
8539	0.0003455358188884531	30	6424.0	False	0.0003886023967315
8540	0.0003055498887440441	30	6333.0	False	0.0003563564415415
8541	0.00034549448181576687	30	6382.5	False	0.0004892445117813
8542	0.00017392293101383815	30	6402.0	False	0.0002851063605117
8543	0.00029695730534371476	30	6154.5	False	0.000338944134353
8544	0.0005350035940410857	30	6266.5	False	0.000560795034807
8545	0.00045193368800456734	30	5942.0	False	0.0005367929165936
8546	0.00046884799534976213	30	6195.0	False	0.000558577417203
8547	0.00020778149436605553	30	6420.0	False	0.0003254285684292
8548	0.00024328626557765714	30	6284.0	False	0.0003144553526696
8549	0.0003330927458208944	30	6196.5	False	0.0003794469831254
8550	0.0004928773514067513	30	6137.0	False	0.0004653327128897
8551	0.00036692141984365125	30	6250.5	False	0.0003925976519433
8552	0.00021227108987054738	30	6011.5	False	0.0002672724842977
8553	0.0004836591776916761	30	6077.5	False	0.0005746300818847
8554	0.00029441924082174343	30	6061.0	False	0.000345554056916
8555	0.00032660102782595236	30	6088.0	False	0.0004261418665013
8556	0.0003738604007984433	30	5580.5	False	0.0003473261871968
8557	0.001200894260343813	30	5637.0	False	0.0013162797966077
8558	0.00046618255832860014	30	6116.0	False	0.0005435498748188
8559	0.0003147739334670532	30	6159.0	False	0.0003883601356525
8560	0.0007012305250030429	30	6130.0	False	0.00078633644202
8561	0.0007069203309169512	30	6178.5	False	0.0007670255185582
8562	0.000594809220679217	30	6169.0	False	0.0006611096725854
8563	0.001099465234953391	30	5750.5	False	0.0010707588189707
8564	0.0006663575736477806	30	6121.5	False	0.0007613843759447
8565	0.0004580892647229302	30	6319.5	False	0.0004592732675942
8566	0.0004741241248341783	30	5889.0	False	0.0005350579258363
8567	0.0009309127932560809	30	5576.5	False	0.0010642576493518
8568	0.00041987678051729426	30	6455.5	False	0.0004453303927389
8569	0.00046022226989724543	30	6459.5	False	0.0004466564573762
8570	0.0012099098827063602	30	6254.0	False	0.0010509458512661
8571	0.0007399537816291464	30	6294.0	False	0.0007112610824401
8572	0.00026620400784491236	30	6533.5	False	0.0003226881509968
8573	0.00043911039951092916	30	6113.0	False	0.0005438671819092
8574	0.00044460967835914023	30	6428.5	False	0.0005366447894474
8575	0.0003718134541031484	30	6196.5	False	0.0004260065806806
8576	0.0006529841467868007	30	5692.5	False	0.00059765937075
8577	0.0018481104483398375	30	4895.5	False	0.0037274098979612
8578	0.0005921603378331414	30	6624.0	False	0.0006205664813375
8579	0.0005872532660908557	30	6719.5	False	0.0005832575428051
8580	0.0008993848898254954	30	6877.5	False	0.0012120683218671
8581	0.001620238733292952	30	6899.0	False	0.0017103928105522
8582	0.0004895573536139158	30	6993.0	False	0.0006220363556325
8583	0.0005217845385154039	30	7058.5	False	0.0005537386826698
8584	0.0006281074999723866	30	7003.5	False	0.0008252202574878
8585	0.0004418028850530616	30	6977.5	False	0.0004631442240663
8586	0.00037187213901142095	30	6922.0	False	0.0004521730764605
8587	0.0002770625348210387	30	6986.5	False	0.0004247155837214
8588	0.0003187293286850809	30	6878.0	False	0.0003775374875364
8589	0.00034130596531831245	30	6924.0	False	0.0003744077876819
8590	0.0002869813586498081	30	6988.0	False	0.0004106227141206
8591	0.000434621830226831	30	6964.5	False	0.0004826785313191
8592	0.00040987693839239064	30	6969.5	False	0.0004754523929518
8593	0.0004611261078736632	30	6895.0	False	0.0005378306217706
8594	0.00027573608887633474	30	6899.5	False	0.0003309971649373
8595	0.00036735522543046714	30	6874.0	False	0.0003124834744316
8596	0.0003233407426481604	30	6931.0	False	0.0004165369975821
8597	0.000349707150246544	30	6950.5	False	0.0004036240692903
8598	0.00043166168257873075	30	6950.0	False	0.0004384042086804
8599	0.0004883275984812529	30	6990.0	False	0.0005599608976457
8600	0.0004812292237256833	30	6873.5	False	0.0004864445718083
8601	0.0007223895140123631	30	6859.0	False	0.0007908705398297
8602	0.0004788589531304712	30	6906.0	False	0.0004948806280659
8603	0.0004987417977462417	30	6930.0	False	0.0005292914711897
8604	0.0006917630419715735	30	6870.0	False	0.0007436425849599
8605	0.0004676061400709237	30	6949.0	False	0.0005741187277528
8606	0.0004822373114395153	30	7054.0	False	0.0005068255667446
8607	0.0005696033684448857	30	6925.0	False	0.0006026187399965
8608	0.00040687541338459344	30	6820.0	False	0.000499708503373
8609	0.00044304480181920876	30	6809.0	False	0.0004531059923267
8610	0.0004235125463815543	30	6670.0	False	0.0005523141964832
8611	0.00039531556521847785	30	6795.0	False	0.0004355788744245
8612	0.000424638575998427	30	6826.0	False	0.000463517704897
8613	0.0005787736928981591	30	6889.0	False	0.0006063777244208
8614	0.00030134310498486903	30	6957.0	False	0.0003596772625644
8615	0.00041872291483395946	30	7026.5	False	0.0003573895111008
8616	0.00041549344820036404	30	6954.5	False	0.0004093642062172
8617	0.0005082585649877451	30	6934.5	False	0.0004604074115797
8618	0.0007117868937314286	30	7003.5	False	0.0011216539849031
8619	0.0005411792576038156	30	7137.5	False	0.0015385423983104
8620	0.0008023217794974077	30	7276.0	False	0.0009268538252715
8621	0.0005408256720628503	30	7425.5	False	0.0006403582320584
8622	0.0007451590688343467	30	7441.0	False	0.0007331747842862
8623	0.0016316097486319412	30	7139.5	False	0.0017850559770271
8624	0.0005801778340827682	30	7412.0	False	0.0006566504353777
8625	0.00035919257442801946	30	7447.0	False	0.0004016527780983
8626	0.0007175837418557647	30	7379.5	False	0.0007870825318908
8627	0.00039659516367794334	30	7613.0	False	0.0005062970698057
8628	0.0003998825302606732	30	7805.5	False	0.000488029956166
8629	0.0005544213312518642	30	7865.0	False	0.0005775784911533
8630	0.0003878282518860218	30	7864.5	False	0.0004662394271412
8631	0.00029259398603408913	30	7860.0	False	0.000317576538151
8632	0.000492481706566847	30	7786.0	False	0.0004945884890098
8633	0.0004661281855489753	30	7795.0	False	0.0004743026408813
8634	0.0003626367720678574	30	7702.5	False	0.0004246572248198
8635	0.0003579088821564857	30	7912.5	False	0.0003803357568681
8636	0.00035918977236511446	30	7707.5	False	0.0005074440225812
8637	0.0004594603601689596	30	7824.5	False	0.0004766058469645
8638	0.0003768880745175738	30	7750.5	False	0.0005157390903086
8639	0.0006486527415253435	30	7673.0	False	0.0022693862550532
8640	0.0004710442668600111	30	7820.5	False	0.000516939895623
8641	0.0003675419164496209	30	7822.5	False	0.0004268550220616
8642	0.0004516359069255835	30	7724.0	False	0.0006012736068217
8643	0.0004275165765704067	30	7851.0	False	0.0005168849069607
8644	0.00042621563565482324	30	7840.5	False	0.0004502455885028
8645	0.00046560163987155575	30	7734.5	False	0.000548483671184
8646	0.0005335191096844742	30	7836.5	False	0.0005779850897908
8647	0.0005049527274059945	30	7922.5	False	0.0005503552498026
8648	0.0006691104290390928	30	7975.0	False	0.0007001449659128
8649	0.0005243322306397389	30	7844.5	False	0.0005513683961103
8650	0.0005719019038454032	30	8035.5	False	0.000742397097983
8651	0.0005312454180179677	30	7896.0	False	0.0005732935488676
8652	0.00043980272700899336	30	8001.0	False	0.000524679967452
8653	0.0004778697468216197	30	7968.0	False	0.0004822526557385
8654	0.0006243889897532474	30	7836.5	False	0.0008528049571556
8655	0.0007553337947240421	30	8015.0	False	0.0006893126134071
8656	0.0007852437172824062	30	7571.5	False	0.0007426852509248
8657	0.0007534750057072593	30	8040.5	False	0.0006738036660238
8658	0.0005767897952694783	30	7926.0	False	0.0006455141251042
8659	0.0011452619428215538	30	7474.5	False	0.0012767420933859
8660	0.0007099967513180035	30	7929.5	False	0.0007530761817244
8661	0.0005663897673780873	30	8042.0	False	0.0007130456349206
8662	0.0005876706695823991	30	8171.0	False	0.0006532503560214
8663	0.0005306064329267343	30	8193.0	False	0.0005559102378687
8664	0.0005073244709658427	30	8138.0	False	0.0005315996792972
8665	0.000710058535754864	30	8179.0	False	0.000786533849046
8666	0.00032683551614384705	30	8152.5	False	0.0003596514414223
8667	0.00035306138949745577	30	8069.5	False	0.0003888568482497
8668	0.0009974807464945914	30	8029.5	False	0.0076138027491859
8669	0.00034969384295217853	30	8172.5	False	0.0004073669089427
8670	0.000594041415128624	30	8096.5	False	0.000609026550966
8671	0.00048954330009393	30	8198.5	False	0.0005445829009545
8672	0.00026011628998872174	30	8000.5	False	0.0002674722990778
8673	0.00035427479876526245	30	8069.5	False	0.0004038456527969
8674	0.0003680235834994498	30	8131.0	False	0.0004166183475284
8675	0.0005219297672127861	30	8045.5	False	0.0005419584209499
8676	0.0004688953912039373	30	8128.5	False	0.0004879113542108
8677	0.0002661950176213014	30	8194.0	False	0.0002511675031821
8678	0.0003275649193793671	30	8079.0	False	0.0003648475795582
8679	0.00038092623219933107	30	7998.5	False	0.0004970093005566
8680	0.0003486808813264258	30	8023.0	False	0.0003390572491727
8681	0.00038868113794919773	30	7790.0	False	0.0004014328063241
8682	0.000353949630981986	30	7843.5	False	0.0003339118209178
8683	0.00032084216205254467	30	7704.0	False	0.000311776233743
8684	0.00044008336364176706	30	7868.0	False	0.0004982299724662
8685	0.0003563917334815168	30	7915.5	False	0.0003823925607265
8686	0.0010611378509816478	30	7804.5	False	0.0011839892956804
8687	0.0005322257580210026	30	7961.5	False	0.0005651252982006
8688	0.0008651435681195098	30	7976.0	False	0.0010110744925266
8689	0.00037431106215982763	30	7919.0	False	0.0004277344762628
8690	0.0011187161514579185	30	7899.5	False	0.0012858367463567
8691	0.0003700049559124583	30	7806.5	False	0.0004915514592933
8692	0.0012539681882568535	30	7811.0	False	0.0015219635078634
8693	0.0002791943550749404	30	7864.5	False	0.0003476447071093
8694	0.0003392601837581399	30	7905.5	False	0.0003850580182924
8695	0.00021921235609105924	30	7820.0	False	0.0002612853497304
8696	0.0005063341600366649	30	7602.5	False	0.0004936653756569
8697	0.0006042477241336002	30	7518.5	False	0.0007916749651463
8698	0.0003319619793354147	30	7513.0	False	0.0004015148058584
8699	0.00040691747286492497	30	7509.5	False	0.0004557532005268
8700	0.0003612446005241505	30	7462.5	False	0.0003570055473169
8702	0.00034936648940431524	30	7398.0	False	0.0004646711876259
8703	0.00040987354766459797	30	7389.0	False	0.0004695981252906
8704	0.0003931935153355261	30	7366.0	False	0.0003467390349559
8705	0.0005676174258549738	30	7301.5	False	0.000565587065351
8706	0.0004079527298503998	30	7285.0	False	0.0005090009105979
8707	0.0008761636698532974	30	7429.0	False	0.0009537064500673
8708	0.0005106049113277847	30	7483.5	False	0.0005129112935804
8709	0.0005076111111338711	30	7683.0	False	0.0006011820299618
8710	0.0002478814080105881	30	7660.0	False	0.0003013356258475
8711	0.0005086130189368781	30	7668.0	False	0.0004696770305777
8712	0.0002956961154977486	30	7703.0	False	0.0004099426521085
8713	0.00039522476969187795	30	7519.5	False	0.0004861142368456
8714	0.0003528392187244217	30	7676.0	False	0.0004066873546755
8715	0.0005864262945480809	30	7570.0	False	0.000609479406714
8716	0.0003891758796434548	30	7785.0	False	0.0004129231919397
8717	0.0003010885672322309	30	7822.5	False	0.0003197386784422
8718	0.0002664734095932556	30	7803.0	False	0.000277104260478
8719	0.00032179415837355865	30	7758.0	False	0.0003257258257149
8720	0.0004366170982661702	30	7559.5	False	0.0005545647332321
8721	0.00046278460071660986	30	7484.0	False	0.0004792833146696
8722	0.0004240634768278749	30	7616.0	False	0.0005206701642758
8723	0.000508016608421185	30	7427.5	False	0.0005327121368076
8724	0.000375126657999261	30	7317.5	False	0.0003442182802854
8725	0.00027723904346611675	30	7166.5	False	0.0003512238982106
8726	0.0003232907630158293	30	7175.5	False	0.0003514279689806
8727	0.00029497586460614314	30	7155.5	False	0.0003834893792148
8728	0.0006950753677623495	30	7204.5	False	0.0006812402305018
8729	0.000627666833085893	30	7209.0	False	0.0006937072834609
8730	0.0003592476331825766	30	7049.5	False	0.0004095782806488
8731	0.0005174173248434727	30	7022.0	False	0.0005845879613213
8732	0.00023115446080831408	30	7045.5	False	0.0002851561943054
8733	0.0002829139634027379	30	6973.0	False	0.0003354723690579
8734	0.0002485231883959692	30	7016.0	False	0.0003188396141564
8735	0.0002937592282950887	30	7022.0	False	0.0003857675583771
8736	0.00045359833759771556	30	7014.0	False	0.0005440514653596
8737	0.00017268696505423994	30	6864.0	False	0.0002290481829656
8738	0.0002799926975115725	30	6754.5	False	0.0003246785190724
8739	0.00036055336174611353	30	6618.5	False	0.0003555243984877
8740	0.00022724693016534775	30	6772.5	False	0.000300452649155
8741	0.00044227395833693257	30	6724.0	False	0.0004906382261693
8742	0.00024764735017335313	30	6754.5	False	0.0002662209930043
8743	0.00022684153026159148	30	6760.0	False	0.0003848412036648
8744	0.0003003707979045635	30	6543.5	False	0.0003421893992788
8745	0.0003891679586781514	30	6560.5	False	0.0015581098339719
8746	0.000623161170056041	30	6535.0	False	0.0006302004344796
8747	0.00016926663879350328	30	6646.0	False	0.0002217306073906
8748	0.000358726411559321	30	6669.5	False	0.0003727415138342
8749	0.00040046213643123434	30	6555.0	False	0.0004519100904333
8750	0.00030703777533140793	30	6537.5	False	0.000396911308364
8751	0.0003094494270061949	30	6508.0	False	0.0003727923701828
8752	0.0002898468267284932	30	6442.0	False	0.0002616896779123
8753	0.0003095018208496941	30	6439.0	False	0.0003154955646581
8754	0.0004473818474619647	30	6463.0	False	0.0004769017110814
8755	0.00028530379469894905	30	6541.5	False	0.0003570652342658
8756	0.00022161009467737086	30	6615.0	False	0.0002558081234427
8757	0.00035424970520457155	30	6683.5	False	0.0004159079727529
8758	0.00039144349931875583	30	6717.5	False	0.000453953938807
8759	0.0008635189300799397	30	6669.0	False	0.0008746459463719
8760	0.0003000122596297142	30	6624.5	False	0.0003431972667154
8761	0.0009394495704037394	30	6536.0	False	0.0010570386337257
8762	0.0003911775338076961	30	6517.5	False	0.0003892443987731
8763	0.000691893316827801	30	6458.0	False	0.0008114248620577
8764	0.0008077782657387731	30	6464.0	False	0.0008674930496038
8765	0.00039792222268549867	30	6577.0	False	0.0004924162764096
8766	0.0002734871250561679	30	6643.0	False	0.0003652801241952
8767	0.0005313974160143238	30	6524.5	False	0.0005688929343497
8768	0.0003854558833638042	30	6465.0	False	0.0004789571229253
8769	0.0004545368471971892	30	6368.0	False	0.0004589963280293
8770	0.00032510925471693577	30	6242.5	False	0.000398593074176
8771	0.00039283269223257256	30	6342.5	False	0.0003917022639332
8772	0.00031055097437749117	30	6231.5	False	0.0003941791085072
8773	0.0002984009623816645	30	6308.5	False	0.0003521784370747
8774	0.0006858060133207039	30	5910.0	False	0.0007416112359806
8775	0.00030989286903675833	30	6412.5	False	0.000346218610824
8776	0.00016345102145202842	30	6323.5	False	0.0002665884673829
8777	0.0010431683970952921	30	5785.0	False	0.0009672412195347
8778	0.0003420394408334017	30	6339.0	False	0.0003782893860523
8779	0.0003502273247636804	30	6364.0	False	0.0003933701187552
8780	0.0023373619769693514	30	6060.0	False	0.0022716065799023
8781	0.0006083138357793901	30	6473.5	False	0.0006069548655804
8782	0.0005511443002544239	30	6443.5	False	0.0007004313182328
8783	0.00043706327102125336	30	6286.5	False	0.0005456922727813
8784	0.0006165384445236966	30	5873.0	False	0.0006440446000885
8785	0.00028541678736239743	30	6241.5	False	0.0002883365159156
8786	0.0007224836545421283	30	6049.5	False	0.0006941023689042
8787	0.00042362655152515115	30	6240.5	False	0.0004062750536283
8788	0.0004367952214488379	30	6294.5	False	0.0004452503057743
8789	0.0010330054114156097	30	6208.0	False	0.0009805833658388
8790	0.0006376007959517913	30	6160.5	False	0.0007757612840488
8791	0.00033635581148535676	30	6040.0	False	0.0004238327868121
8792	0.0003052492341365032	30	5980.0	False	0.0003821018975854
8793	0.0005899258614867568	30	5820.5	False	0.0007044978143244
8794	0.0004308964630334777	30	5846.0	False	0.000431401421899
8795	0.0007082875775139019	30	5623.0	False	0.0006915464409204
8796	0.0002806676023161783	30	5870.0	False	0.0003895508707607
8797	0.00033944762503758077	30	5702.0	False	0.0004290332059947
8798	0.0004808950978813575	30	5727.5	False	0.00048590295991
8799	0.0002707334134060737	30	5733.0	False	0.0003283802643461
8800	0.0004350622593691267	30	5734.0	False	0.0004685898374579
8801	0.00040816531775668603	30	5727.0	False	0.0004749451760815
8802	0.0005105743836904689	30	5628.5	False	0.0005260137719969
8803	0.00040556410516804546	30	5366.0	False	0.0004368992635126
8804	0.0005665349418438224	30	5421.0	False	0.0005747126436781
8805	0.0003446324014945239	30	5140.5	False	0.0005053351732716
8806	0.0005304627533638495	30	5253.5	False	0.0006852096233884
8807	0.00047068616892171873	30	5127.5	False	0.0005197066256098
8808	0.0006838493263734548	30	5092.0	False	0.0006996893902239
8809	0.0004927787201667028	30	4918.5	False	0.0006140019432149
8810	0.0004255538387253118	30	5036.0	False	0.0004641879032632
8811	0.0004411121376810801	30	4916.5	False	0.0004269362916178
8812	0.0012991944070554675	30	4284.0	False	0.0014547438287039
8813	0.0003555928198425521	30	4862.5	False	0.000430574920036
8814	0.00038995760953743997	30	4865.0	False	0.0004586119800401
8815	0.000508336617494404	30	4846.0	False	0.0005279939657832
8816	0.00044657876887651616	30	4776.0	False	0.0005361594273538
8817	0.00041835892897142135	30	4650.0	False	0.0005574813279491
8818	0.0003196441143532519	30	4693.5	False	0.0003620919864517
8819	0.0006026561520827056	30	4664.0	False	0.000730729665496
8820	0.0005154769507310216	30	4682.0	False	0.0004964081325835
8821	0.0007512230261550938	30	4603.5	False	0.0008952423241923
8822	0.0003521808036722537	30	4698.5	False	0.0003599889885721
8823	0.0006147339678612283	30	4647.5	False	0.0006359050572314
8824	0.0004610460953099613	30	4676.5	False	0.0005462620071226
8825	0.00041848594968202986	30	4637.0	False	0.0004511795121532
8826	0.0002498927648882033	30	4647.5	False	0.0002861189396432
8827	0.00030553294539949216	30	4571.5	False	0.0003679706777875
8828	0.0005158318028486378	30	4465.0	False	0.0005218362757059
8829	0.0003729148598867673	30	4524.5	False	0.0004131931859369
8830	0.00020537900448945666	30	4402.0	False	0.0002818552005993
8831	0.0014119593998234777	30	4251.5	False	0.0013729520770693
8832	0.0007194287939316884	30	4247.5	False	0.0007290643418467
8833	0.0004934224489325655	30	4208.5	False	0.0005094715390672
8834	0.0004864444258488811	30	4103.0	False	0.0005456874871486
8835	0.0006246603333333659	30	4011.5	False	0.0006262344043547
8836	0.0010187653648316437	30	3934.5	False	0.0009636901164595
8837	0.0024638345157751897	30	3945.5	False	0.0023950627375648
8838	0.0005301826779727332	30	3987.0	False	0.0005524861878453
8839	0.0004735432979580176	30	3879.5	False	0.0006888652811898
8840	0.00040618195070614123	30	3821.0	False	0.0005395107312056
8841	0.000498469310999258	30	3646.5	False	0.0006319337171745
8842	0.0003078579790196279	30	3571.0	False	0.0004304855518286
8843	0.0013737435631547318	30	3495.5	False	0.0013440491537976
8844	0.0006667201364723069	30	3547.5	False	0.0006079027355623
8845	0.00035211424768311306	30	3580.0	False	0.0004397774187758
8846	0.00041885198135198137	30	3540.5	False	0.0004621155832623
8847	0.00047544323004435095	30	3499.5	False	0.0005032021957913
8848	0.0003204234820110596	30	3446.0	False	0.0006110036197335
8849	0.0003442039355023658	30	3417.0	False	0.0004832983251854
8850	0.0003513976076270866	30	3378.5	False	0.0003930265854411
8851	0.0006234401856725288	30	3348.0	False	0.0007346708109635
8852	0.0004913502795765587	30	3352.5	False	0.0006028465661294
8853	0.0009318219137191856	30	3248.5	False	0.0010080064512412
8854	0.003276569380954773	30	3204.5	False	0.0031510658016682
8855	0.0016483150858685584	30	3097.5	False	0.0019098356536161
8856	0.0037981451010769534	30	3048.5	False	0.0039633897197025
8857	0.0015206859770161719	30	3010.5	False	0.0017056096769805
8858	0.00049789795006301	30	2932.0	False	0.0006252829944586
8859	0.0007745147936669223	30	2801.5	False	0.0008658884915547
8861	0.0003890495234843339	30	2705.5	False	0.0004709990924651
8862	0.0005219833733584154	30	2809.5	False	0.0004798036152644
8863	0.0002630559684269343	30	2961.5	False	0.0003101305756665
8864	0.00037207329951226124	30	2975.0	False	0.000486754859436
8865	0.00065359728411105	30	3038.5	False	0.0006991599487282
8866	0.000320660707045036	30	3058.0	False	0.0004009623095429
8867	0.00023353790669184034	30	3126.0	False	0.0003013300083125
8868	0.0005205591766798154	30	3219.0	False	0.0004556131540579
8869	0.00028829711287832254	30	3291.5	False	0.0003951710102546
8870	0.0002594401073209281	30	3456.5	False	0.0003033146605245
8871	0.0002692599297887794	30	3487.5	False	0.0003579536355843
8872	0.0004291679582927525	30	3599.0	False	0.0004986057505863
8873	0.0005500570442134067	30	3631.0	False	0.0006243572792713
8874	0.0005088993934967325	30	3655.0	False	0.000724972586974
8875	0.00041550326612495954	30	3789.0	False	0.0005169724690254
8876	0.0003321086625354132	30	3839.0	False	0.0003537562878023
8877	0.00024595491094708875	30	3842.0	False	0.0002664328932893
8878	0.0008026087557056819	30	3848.0	False	0.000719184239591
8879	0.00040042010556326697	30	3848.5	False	0.0004957773446849
8880	0.00019830945314460086	30	3872.5	False	0.000220583868532
8881	0.00027349687047475437	30	3901.5	False	0.0013665466017697
8882	0.00042251444687955075	30	3988.5	False	0.0004590916543695
8883	8.294625082946251e-05	30	4062.0	False	0.0002348957953652
8884	0.0003492487045118624	30	4090.5	False	0.0003848065545383
8885	0.00022352686578616714	30	4148.5	False	0.0002845872299385
8886	0.00015740489712051596	30	4173.0	False	0.0002273564714275
8887	0.00021706100436628552	30	4331.0	False	0.0002735874149789
8888	0.00023439126667974182	30	4476.0	False	0.0003263634947596
8889	0.00027456812893963327	30	4681.5	False	0.0003369079022823
8890	0.00040665340861367814	30	4755.5	False	0.0004474114054399
8891	0.00031122200262713635	30	4860.0	False	0.0003767608336182
8892	0.00022431069223687852	30	4976.0	False	0.0002930572688425
8893	0.00034974438638162714	30	5049.5	False	0.0003569840906335
8894	0.00040594954317921034	30	5076.0	False	0.0004092860976918
8895	0.00037324237783655856	30	5131.0	False	0.0004275788348476
8896	0.0006576264347525345	30	5116.0	False	0.0007789147121677
8897	0.0004576021957813619	30	5320.0	False	0.0005200575273511
8898	0.00039939156281834805	30	5463.5	False	0.0004473878222295
8899	0.0004054418827120147	30	5436.0	False	0.0005426757701578
8900	0.0005932257145430454	30	5420.0	False	0.0006970098278385
8901	0.0006284320895801379	30	5452.5	False	0.0007558912272523
8902	0.0005827648323222718	30	5471.5	False	0.0007762128325508
8903	0.00031806963076018435	30	5615.0	False	0.0003732507694472
8904	0.00032383608986768673	30	5709.5	False	0.0003660849317041
8905	0.00043568987944372196	30	5657.5	False	0.0005165010059757
8906	0.0006795597736401575	30	5602.5	False	0.0007250054375407
8907	0.0004493411555174507	30	5872.5	False	0.000456562947894
8908	0.00029954395027992126	30	5836.0	False	0.0004232031259058
8909	0.000352004006058259	30	5939.5	False	0.000438741438844
8910	0.00035402610933164044	30	6108.0	False	0.0004493658947929
8911	0.00025008457456727963	30	6120.0	False	0.0004326291092832
8912	0.0004208451359497443	30	6097.0	False	0.0004947275385359
8913	0.0005059313106122944	30	5996.5	False	0.0005694022404004
8914	0.0004529622920090298	30	6209.0	False	0.000502227268757
8915	0.000605391046992723	30	6201.0	False	0.00064302023334
8916	0.00044510601219866397	30	6201.0	False	0.0005937692362166
8917	0.00045281279789641585	30	6352.5	False	0.0005584839023663
8918	0.0005391724796899175	30	6458.5	False	0.0005510249063257
8919	0.0005720833157917353	30	6481.0	False	0.0006617409518648
8920	0.00043006794223940056	30	6581.5	False	0.0004467678655793
8921	0.0006120599838451003	30	6530.0	False	0.0006776224246468
8922	0.0005164307763896646	30	6660.5	False	0.000578636144456
8923	0.0005434722416042565	30	6589.0	False	0.0005843247205236
8924	0.0005354399346305283	30	6767.0	False	0.0005886813537675
8925	0.0006935391834327178	30	6590.5	False	0.0007691288978535
8926	0.0007311709034066374	30	6971.0	False	0.0006896484735456
8927	0.0005206744275597047	30	7074.5	False	0.0005707160328041
8928	0.0008494631438930404	30	7055.5	False	0.0008478635753975
8929	0.0008774907459364096	30	6973.5	False	0.0009316770186335
8930	0.0006131920212830801	30	7209.0	False	0.0006381771768932
8931	0.0012399254853273456	30	6692.0	False	0.0012607542336127
8932	0.0007160637957254187	30	7324.0	False	0.0007822212289254
8933	0.0007130440426570644	30	7405.5	False	0.0007456400767733
8934	0.0005117549366225162	30	7495.5	False	0.0005829124674957
8935	0.0005012128703893529	30	7610.0	False	0.0005928907014974
8936	0.0007410139595890083	30	7449.0	False	0.0007617014677576
8937	0.0007245962027023095	30	7489.0	False	0.0007577854514268
8938	0.0006368356005821967	30	7378.5	False	0.0007248504422505
8939	0.001012819916035621	30	7290.0	False	0.0010011734684374
8940	0.00045553158839989664	30	7550.0	False	0.000503810063606
8941	0.0005684781013534287	30	7676.0	False	0.0005624546050417
8942	0.0006385953338815292	30	7678.0	False	0.0006602356465213
8943	0.00012064228867728476	30	7628.5	False	0.0001732709557892
8944	0.0006001322559236132	30	7505.5	False	0.000686347996496
8945	0.00040609374476581505	30	7313.0	False	0.0003983141123616
8946	0.00037434603886397607	30	7219.5	False	0.0004027065627121
8947	0.00028462734953206244	30	7360.0	False	0.0003917429797353
8948	0.00033877053150824156	30	7310.5	False	0.0003604519512927
8949	0.00028129843277603807	30	7343.0	False	0.0003272537876169
8950	0.0002209381048614289	30	7339.0	False	0.0002859673074794
8951	0.0002827734554700599	30	7316.5	False	0.0003146851528768
8952	0.00027148124860369293	30	7367.0	False	0.0002992371753852
8953	0.000415908077982116	30	7414.0	False	0.0004713031302764
8954	0.00028948177127902596	30	7429.5	False	0.0003194917342924
8955	0.00024483984186633923	30	7440.5	False	0.0003238312428734
8956	0.0002518688554959382	30	7496.0	False	0.0003215710785312
8957	0.00041427215740135576	30	7450.5	False	0.0004465119669763
8958	0.0003701619686882602	30	7495.5	False	0.0004216176517256
8959	0.0004393971926064682	30	7510.5	False	0.0005297329602564
8960	0.00044959225413741604	30	7496.0	False	0.0004766833732839
8961	0.0002408689270428839	30	7456.5	False	0.0002598942184935
8962	0.0002859897022444017	30	7230.0	False	0.0003575679732012
8963	0.00028277972610404585	30	7252.5	False	0.0003015013826664
8964	0.00040660375323010173	30	7183.5	False	0.0004252045998538
8965	0.0004033916747389233	30	7091.5	False	0.0005074179674285
8966	0.0007260878124370543	30	7006.5	False	0.0007363447068519
8967	0.0003709994205499683	30	7055.0	False	0.0004277846104486
8968	0.0005433431253359961	30	6979.0	False	0.0005979512816742
8969	0.0004481195759312352	30	6902.5	False	0.0005188413531382
8970	0.0003349504799413285	30	6895.0	False	0.0003665634674922
8971	0.00029586337813034685	30	6887.0	False	0.0003276539973787
8972	0.0005835711055454352	30	6693.0	False	0.0006166107810063
8973	0.0003937242344788114	30	6619.0	False	0.0004498472070693
8974	0.00029033195706863345	30	6784.0	False	0.0003665799596259
8975	0.000398449619456906	30	6693.0	False	0.0004633896699748
8976	0.0004114331703493001	30	6770.0	False	0.0004023193711748
8977	0.00039264776359433136	30	6779.5	False	0.000380207212931
8978	0.00044718749627537956	30	6780.5	False	0.0004855243663156
8979	0.00045563331543769364	30	6727.0	False	0.0005107639714174
8980	0.0004789702140398144	30	6765.5	False	0.0006295484878245
8981	0.00032697945777213175	30	6739.0	False	0.0004753500649813
8982	0.00040185395369981484	30	6616.5	False	0.0004062929114744
8983	0.00043314323817534895	30	6740.0	False	0.0004106755359062
8984	0.0004852045845645358	30	6681.0	False	0.0005002782159466
8985	0.0003096576269967764	30	6566.5	False	0.0003729449181075
8986	0.00031537047676835465	30	6567.5	False	0.0003829831280405
8987	0.00041701860157984845	30	6570.5	False	0.0004203752238108
8988	0.00027796601108943985	30	6570.0	False	0.000353314663078
8989	0.0005913462630796146	30	6426.0	False	0.000690018435607
8990	0.0005677293575817725	30	6488.0	False	0.0005547298570262
8991	0.00022430160118668804	30	6616.5	False	0.0003027706076452
8992	0.0004329702187637029	30	6646.5	False	0.0004653850677876
8993	0.0007355927817101336	30	6511.0	False	0.0008877145527746
8994	0.0008695633002997229	30	6572.0	False	0.0011949400469735
8995	0.0005304189626383092	30	6505.5	False	0.0005736905513166
8996	0.00046520419568370035	30	6493.0	False	0.0005211237512572
8997	0.0005013639710804659	30	6432.5	False	0.0005894829918367
8998	0.0005169159649569108	30	6481.0	False	0.0006950904662854
8999	0.0006758212354113294	30	6398.5	False	0.0007549560488873
9000	0.00029920589403707265	30	6469.5	False	0.0003919724051426
9001	0.0004037112617665849	30	6639.0	False	0.0005125758713789
9002	0.0011570968707222368	30	6588.5	False	0.0012474652840165
9003	0.00039171556174492147	30	6563.5	False	0.0004576988547243
9004	0.0002837262676245052	30	6696.5	False	0.0003718835903853
9005	0.0002263136095856011	30	6683.0	False	0.0003126260588947
9006	0.0004001607454228422	30	6689.5	False	0.000407857038555
9007	0.0004497232594716707	30	6718.0	False	0.0004691018263697
9008	0.0007305688331910548	30	6835.5	False	0.0013200308501591
9009	0.000752658919557046	30	6856.0	False	0.0014860528264626
9010	0.0005427418104196707	30	6814.5	False	0.000593222433695
9011	0.0007827622919086333	30	6926.0	False	0.0010706846541688
9012	0.00025810482521045704	30	6908.5	False	0.0003749220941103
9013	0.0005984062744898291	30	7001.5	False	0.0008717933897831
9014	0.0002610201002317185	30	6972.5	False	0.000352576951127
9015	0.0004605983302598426	30	6977.5	False	0.0005039862915728
9016	0.00032719350838376286	30	6924.0	False	0.0003970079159505
9017	0.0003385011887771194	30	6956.0	False	0.0003277945692152
9018	0.00029565269067544797	30	6977.5	False	0.0003462520618829
9019	0.0002687877937700016	30	6954.0	False	0.0003143239858215
9020	0.0004576165517641345	30	7150.0	False	0.0005595102639571
9021	0.0005122513278585612	30	7077.0	False	0.0005131738376374
9022	0.0006166851045980233	30	7113.5	False	0.0006585711375276
9023	0.0004923870590446751	30	7071.5	False	0.0005713904787299
9024	0.00044809575367865196	30	7094.5	False	0.0004889534497327
9025	0.0005031154529884037	30	7122.5	False	0.0005441314242994
9026	0.0004354490981630805	30	7050.5	False	0.0005065977183985
9027	0.000549095607235142	30	7042.5	False	0.0006788574160392
9028	0.00036989455448475396	30	7049.0	False	0.000430449006141
9029	0.0006343103717319204	30	6985.5	False	0.0008096851924578
9030	0.00042625867279091906	30	7240.0	False	0.0004393940102182
9031	0.0003921482234982306	30	7196.0	False	0.0004085542813671
9032	0.0003502053330396075	30	7200.0	False	0.0004229859991634
9033	0.00047166289336351974	30	7108.0	False	0.0005347670182441
9034	0.00034396193387474755	30	7323.0	False	0.0003476245654692
9035	0.0005894834792173195	30	7227.0	False	0.0006636137297444
9036	0.00027741520621305703	30	7372.5	False	0.0003231017770597
9037	0.00043346444984135774	30	7336.0	False	0.0005091626126522
9038	0.0005340245959302414	30	7350.0	False	0.0005693231996889
9039	0.0008758190928434397	30	7365.5	False	0.0011128195893187
9040	0.0005099149896767931	30	7360.5	False	0.0005224636240481
9041	0.0005199533447269056	30	7219.0	False	0.0006388808700137
9042	0.000673188467092424	30	7415.0	False	0.0006994381637233
9043	0.0003921476375507232	30	7474.0	False	0.0004174815877006
9044	0.0005840923548806979	30	7451.5	False	0.0007118509493627
9045	0.0002507681925844429	30	7450.0	False	0.0002912228173077
9046	0.00024320453067104615	30	7564.5	False	0.0003009247822786
9047	0.0002608505077068347	30	7668.0	False	0.0002972875835844
9048	0.00039081603561798	30	7697.0	False	0.0004078827780363
9049	0.0003529664221603875	30	7769.5	False	0.0003567024837061
9050	0.0004228784813820808	30	7680.5	False	0.0004175402437724
9051	0.0003534359770432301	30	7716.0	False	0.0004177870619347
9052	0.0003521321457509505	30	7718.5	False	0.0003918582541824
9053	0.00041488139742790555	30	7640.5	False	0.000421950398384
9054	0.0005389835758288697	30	7634.5	False	0.0005992281583572
9055	0.0010834475322475052	30	7439.0	False	0.0010714618466412
9056	0.0004264183558478963	30	7575.5	False	0.0004813791738273
9057	0.00037111329424235266	30	7567.5	False	0.000465145685435
9058	0.0010806598326883392	30	7200.5	False	0.0011311092916605
9059	0.0003416408269977645	30	7517.0	False	0.0003549988849393
9060	0.000377791026248176	30	7533.0	False	0.0003677371904878
9061	0.000374898380035158	30	7512.5	False	0.0003781614065781
9062	0.0009235790701968308	30	7460.0	False	0.0008721357226792
9063	0.00043917606750813146	30	7520.5	False	0.0004322602661813
9064	0.0004095658848291384	30	7597.5	False	0.0004679099273389
9065	0.0003412550152806412	30	7553.5	False	0.0004332814298287
9066	0.00024164320398158785	30	7515.5	False	0.0003172114395508
9067	0.0003979018259115874	30	7497.5	False	0.0004413183133451
9068	0.0003197349556164843	30	7495.0	False	0.0003379442939932
9069	0.00023070427495819784	30	7498.5	False	0.0002924056763251
9070	0.00039743024766140847	30	7417.0	False	0.0005192709806339
9071	0.00038559461625921115	30	7617.5	False	0.0004161314251596
9072	0.0003207371221778299	30	7638.5	False	0.00041062573044
9073	0.00039594820364648083	30	7458.0	False	0.0004754562995651
9074	0.00032446920130636586	30	7569.5	False	0.0003608789000045
9075	0.00022157816475993697	30	7539.0	False	0.000279862729625
9076	0.0003543745588860869	30	7342.0	False	0.0003656101470877
9077	0.0005548546017544934	30	7271.0	False	0.0005618667195482
9078	0.0007047230349078769	30	7276.0	False	0.0007376688717922
9079	0.0003877505880321961	30	7189.5	False	0.0004352921479993
9080	0.0009142076322731594	30	6944.5	False	0.0009055864290698
9081	0.0003193753350714581	30	7066.0	False	0.0003743679502139
9082	0.00037631750970276766	30	7049.0	False	0.0004548159688789
9083	0.0005137035982001087	30	6969.0	False	0.0006025394834816
9084	0.0008431631304944829	30	6890.5	False	0.0008766238590269
9085	0.00046553255070989246	30	6962.0	False	0.0005108456460232
9086	0.0003727489968451311	30	6838.0	False	0.0004043732215066
9087	0.0006543932391203484	30	6686.0	False	0.0005964701204155
9088	0.0009299772264252502	30	6473.0	False	0.0009956958544282
9089	0.00039409634512973835	30	6549.0	False	0.0004483136110097
9090	0.0006083119698250966	30	6374.5	False	0.0006509235645001
9091	0.0005389883877353295	30	6250.5	False	0.0005448255196273
9092	0.0005590233720733367	30	6348.5	False	0.0005796012558027
9093	0.0005555144520074973	30	6120.5	False	0.0006266706596124
9094	0.0003489255321570915	30	6317.0	False	0.0003606532668726
9095	0.0006713935416403729	30	6264.5	False	0.0007806233142574
9096	0.00027872056620735627	30	6376.0	False	0.0003737399624124
9097	0.00041282573216879783	30	6389.0	False	0.0004642822836284
9098	0.000487176304490405	30	6275.0	False	0.0004756388949509
9099	0.00033315839743832006	30	6326.0	False	0.0003714790248944
9100	0.00035344692414203947	30	6221.5	False	0.0003435676501063
9101	0.0006037640385090707	30	6090.0	False	0.0006783656947131
9102	0.0003115510632411046	30	6206.5	False	0.0003491353444983
9103	0.0007174368410914316	30	6188.0	False	0.000798180585624
9104	0.0013364579402074684	30	6185.0	False	0.0013686808445145
9105	0.0003610409534834294	30	6249.0	False	0.0004014321362699
9106	0.0005139098018559357	30	6048.5	False	0.0005627744221811
9107	0.0003726838081541953	30	6088.5	False	0.0004542810448464
9108	0.0003730083630582887	30	6066.5	False	0.000383928422388
9109	0.0002695967987305842	30	6048.5	False	0.0003133866463711
9110	0.0003390644098236089	30	6021.5	False	0.0004140995293814
9111	0.0002877195302909435	30	5989.0	False	0.0003656965393855
9112	0.00043212793473935534	30	6018.5	False	0.0004694730723659
9113	0.0005191901334736888	30	6007.5	False	0.0005044447184637
9114	0.0003909017822645235	30	6047.5	False	0.0004123550488417
9115	0.00025923526035015676	30	6048.0	False	0.0003936047543019
9116	0.00026040122436210854	30	5953.5	False	0.0003482402633145
9117	0.0004028021569599388	30	5903.0	False	0.0004499040394548
9118	0.0004103947586678421	30	5970.5	False	0.000412108073931
9119	0.00032341524830134495	30	6020.5	False	0.000387220597891
9120	0.0007949939947541891	30	6094.5	False	0.0008182713877771
9121	0.00020641762989229747	30	6156.5	False	0.0003199364540008
9122	0.0004418993789399143	30	6006.5	False	0.0004453966285166
9123	0.00038266027785852666	30	6048.5	False	0.0004494533523601
9124	0.00046496268624449805	30	5976.5	False	0.0005694468962296
9125	0.00048284269510378446	30	6108.5	False	0.000511918805226
9126	0.0005235984347489208	30	6060.0	False	0.0005899671865869
9127	0.00036502306372916357	30	6033.5	False	0.0003972872554724
9128	0.001853760780675532	30	5972.0	False	0.0018830374408731
9129	0.0004424142495359902	30	6032.5	False	0.0005037952576073
9130	0.00018760770202098391	30	6081.0	False	0.0003227188506757
9131	0.0007637666372874415	30	6094.0	False	0.0007441261238248
9132	0.00033384245561604673	30	6171.5	False	0.0003897265875869
9133	0.00017858880753761157	30	6245.0	False	0.0002504178166832
9134	0.0017638051633121193	30	6226.0	False	0.0019817439346625
9135	0.00028175302503422343	30	6251.0	False	0.0003153064996629
9136	0.00017606569565552238	30	6279.5	False	0.0002432761183943
9137	0.0005764096542043878	30	6292.0	False	0.0007839599643459
9138	0.0004523906791069534	30	6366.5	False	0.0005295572371939
9139	0.00041470170566496284	30	6361.0	False	0.0005043854991823
9140	0.0003031648259580516	30	6361.0	False	0.0004034698406294
9141	0.00042610694918316847	30	6252.0	False	0.0005096674149018
9142	0.0004348951618102114	30	6281.5	False	0.0005306648472443
9143	0.0013276066430485578	30	6171.0	False	0.0013844609427572
9144	0.00046108134890001946	30	6243.0	False	0.0005893427191618
9145	0.0006247479007599603	30	6185.0	False	0.0007825286697563
9146	0.0003932316074249426	30	6267.5	False	0.0003645802158097
9147	0.00032701853144219157	30	6182.0	False	0.0004022149370506
9148	0.00036392279976837124	30	6176.0	False	0.0004514622973925
9149	0.0002398741294631247	30	6136.5	False	0.0003535501405914
9150	0.0003626567603297429	30	6102.5	False	0.0003734671125975
9151	0.00037320248807227866	30	6043.0	False	0.0004007020751852
9152	0.0006050458610672705	30	6019.0	False	0.0006179698838896
9153	0.0003718032689951924	30	6082.0	False	0.0004332414336352
9154	0.0006069447207302787	30	6075.0	False	0.0006648823777996
9155	0.0009876990944142911	30	6074.0	False	0.0009977620816586
9156	0.0006820389881497492	30	6062.5	False	0.0006903107530045
9157	0.0004156898430380027	30	5969.0	False	0.0004968140355741
9158	0.00039715624303991075	30	5773.5	False	0.0003926211027893
9159	0.000289742535026821	30	5777.0	False	0.0003386004514672
9160	0.0006119014981804892	30	5719.5	False	0.0006157929978955
9161	0.0003247888576085346	30	5666.5	False	0.0003626166416864
9162	0.0004596312653723704	30	5837.5	False	0.0005047777803864
9163	0.0004394412489023889	30	5859.0	False	0.0005095049017885
9164	0.0004939730291173191	30	5811.0	False	0.0005310549110778
9165	0.0004656915398346713	30	5874.0	False	0.0004725539499092
9166	0.0003160512135588812	30	5911.5	False	0.000347818021611
9167	0.0006386774410724967	30	5897.5	False	0.0007726314199571
9168	0.00028372915341403173	30	5985.5	False	0.0002979549973355
9169	0.0004229016406789008	30	5850.5	False	0.0004814212494642
9170	0.00031912502534677233	30	5857.0	False	0.0004288240235442
9171	0.000382117415932891	30	5630.0	False	0.0004274391509837
9172	0.0006293456219169004	30	5862.0	False	0.0006613522291113
9173	0.00024998653281724334	30	5939.5	False	0.0003489589391648
9174	0.00038903458622963516	30	5921.0	False	0.0004075359213804
9175	0.00048086495945675873	30	5952.5	False	0.0005049889424835
9176	0.00044198647526594716	30	5933.0	False	0.0004712178946449
9177	0.00031108545018999434	30	5907.5	False	0.0003754150095613
9178	0.00038065221818207103	30	5893.0	False	0.0004354606172948
9179	0.00048620242716770803	30	5738.5	False	0.0005479056157315
9180	0.00032494100380637636	30	5743.5	False	0.0004427489249692
9181	0.000410162144516976	30	5690.0	False	0.0004622140050843
9182	0.0003867410720203331	30	5661.0	False	0.0005081674136115
9183	0.00040629162165525064	30	5600.5	False	0.0004095563139931
9184	0.00035585913422847006	30	5507.0	False	0.0003912313691835
9185	0.00045547078776305485	30	5389.0	False	0.000515460596259
9186	0.00033991488032269503	30	5408.5	False	0.0004115835032187
9187	0.0007877036237710982	30	5253.5	False	0.0007321175345447
9188	0.0005608785005379547	30	5087.5	False	0.0006092855111905
9189	0.00019365979323456288	30	5194.0	False	0.0003130995523342
9190	0.0003756071881926875	30	5067.5	False	0.0004916756579576
9191	0.001466371032591082	30	4964.0	False	0.0015864842673643
9192	0.0009863836106743184	30	4986.5	False	0.0010028633477653
9193	0.00036255189216995685	30	4900.0	False	0.0004790317922129
9194	0.0006507834682062238	30	4745.0	False	0.000709517672782
9195	0.0006726242277914922	30	4789.0	False	0.0007173086579155
9196	0.0005110865093437715	30	4686.0	False	0.0006843761390771
9197	0.0006930832568488778	30	4559.5	False	0.0006762442894926
9198	0.00040012119305517365	30	4584.0	False	0.0005064799642484
9199	0.000536280898289462	30	4500.5	False	0.0005834040489756
9200	0.0004977450175669383	30	4450.0	False	0.0006229427507921
9201	0.0003980885415429445	30	4507.0	False	0.0004178188337536
9202	0.0004872523576852156	30	4403.5	False	0.0005648537183623
9203	0.0004038436819194096	30	4459.0	False	0.0004798135581602
9204	0.0006978106266692719	30	4423.5	False	0.0008064082576205
9205	0.0007023671968146428	30	4435.5	False	0.0008577314534718
9206	0.0009214877962834811	30	4414.0	False	0.0010262266494857
9207	0.0004006041617528308	30	4362.5	False	0.0004126858059442
9208	0.0008345361402115895	30	4195.5	False	0.0007636626560837
9209	0.00040310593815739244	30	4123.5	False	0.0005029019918216
9210	0.0008010792858864804	30	3974.0	False	0.0008085588077587
9211	0.0004520611108650406	30	4146.0	False	0.0005776769135547
9212	0.0004416687299319025	30	4068.0	False	0.0005464618695721
9213	0.0004493514034987827	30	4081.0	False	0.0004784367708036
9214	0.0011577429764486288	30	3895.0	False	0.0011324633691656
9215	0.0006588700557613959	30	4081.5	False	0.0006983475246525
9216	0.0006665946317188624	30	4115.0	False	0.0007917986331055
9217	0.0008587101074830767	30	4160.5	False	0.0009279027754967
9218	0.0007705526779960166	30	4198.0	False	0.0008902917728946
9219	0.001095528869351804	30	4187.0	False	0.0010497192611278
9220	0.0006139828001887747	30	4479.5	False	0.000591784190908
9221	0.000636213154235533	30	4479.0	False	0.0005063202737621
9222	0.000485256300326382	30	4690.0	False	0.0004687923469649
9223	0.0006644312785517712	30	4737.0	False	0.0008080543361942
9224	0.000764751934200533	30	4831.5	False	0.0008476930638761
9225	0.0006700314892353324	30	5014.0	False	0.0008114482976777
9226	0.0006936962476127315	30	5091.0	False	0.0008065172011819
9227	0.00026017499945657534	30	5269.0	False	0.0003187116245186
9228	0.0003437716075726877	30	5254.0	False	0.0004313640909001
9229	0.0005459562591464432	30	5305.5	False	0.000596719965095
9230	0.00042006869266553626	30	5310.5	False	0.0005181546019805
9231	0.0003937933125215123	30	5436.0	False	0.0004736028715289
9232	0.00035008456651851707	30	5504.5	False	0.0004099539260736
9233	0.0006272812785757284	30	5509.0	False	0.0007306380905991
9234	0.0003802772188478938	30	5535.5	False	0.0003932291981754
9235	0.00033189877715183704	30	5547.5	False	0.0003922515237463
9236	0.00024663687168387206	30	5604.0	False	0.0002799652128331
9237	0.00029605308396695275	30	5767.5	False	0.0003737995284375
9238	0.00046816523817277045	30	5718.0	False	0.0004810311453177
9239	0.00033854926311526693	30	5931.0	False	0.0004076094543058
9240	0.00020626521990567672	30	6026.5	False	0.0002979984437859
9241	0.0003223948804166873	30	6038.5	False	0.0003754562068984
9242	0.0005274633983810527	30	6004.0	False	0.0005743280918924
9243	0.0005535960520465328	30	6149.0	False	0.0006024063692262
9244	0.0005660915488444234	30	6207.5	False	0.0006481511488479
9245	0.0007324608868997848	30	6315.0	False	0.0007740020145257
9246	0.0010532105300254551	30	6419.5	False	0.0009793703748317
9247	0.000671479811923303	30	6453.0	False	0.0016644857367181
9248	0.0006504135053225402	30	6411.5	False	0.0006674259077786
9249	0.0005204093827015741	30	6479.0	False	0.000608492669237
9250	0.0004866844982891992	30	6527.5	False	0.0005259457911318
9251	0.0005110125618960109	30	6672.0	False	0.0006330923497937
9252	0.00046795816552517715	30	6667.0	False	0.0004964735026461
9253	0.00036885080389508136	30	6662.0	False	0.0004784908195936
9254	0.0005433314720475046	30	6529.0	False	0.0005583618602321
9255	0.0004031750304452934	30	6771.0	False	0.0005105028453026
9256	0.00027457010387933566	30	6951.5	False	0.0003378328755453
9257	0.0003760460097882095	30	7030.0	False	0.0004446313184768
9258	0.0003953358968570874	30	7139.5	False	0.0004407186082769
9259	0.0004152745309110066	30	7173.5	False	0.0004439805215354
9260	0.00048020539904637254	30	7273.5	False	0.0005945413670735
9261	0.00041898591720655775	30	7288.0	False	0.0005665564513132
9262	0.0006063069005614684	30	7418.5	False	0.0006660978981417
9263	0.00039769691651638694	30	7469.0	False	0.0004574959119795
9264	0.00046174845063003047	30	7573.5	False	0.0005274285177917
9265	0.0004764266969180178	30	7661.0	False	0.0005618101789387
9266	0.0002614027224956075	30	7737.0	False	0.0003513209668353
9267	0.0004347847616182133	30	7768.0	False	0.0005375122360509
9268	0.00044890429249349467	30	7830.0	False	0.0004930497288226
9269	0.0003756265402606121	30	7901.0	False	0.0004170088001754
9270	0.0004905942494594977	30	7828.0	False	0.0005645164765553
9271	0.0006325779506395346	30	7882.0	False	0.0006413070612641
9272	0.0005364951332972257	30	8101.0	False	0.0005532665780881
9273	0.0007047421569808395	30	8051.0	False	0.0007094624555002
9274	0.0005912570029672763	30	8196.5	False	0.0005899435399105
9275	0.0005177020358370799	30	8181.0	False	0.0005451609681392
9276	0.0005805740873992613	30	8127.5	False	0.0006366252162222
9277	0.0005713023770730005	30	8053.5	False	0.0006038545343985
9278	0.0004414839651054715	30	8061.5	False	0.0004503120620504
9279	0.0004421110331606481	30	8146.5	False	0.0004789112473347
9280	0.0005582191823503533	30	8030.5	False	0.0006023335158586
9281	0.0005106135012264816	30	8142.0	False	0.0005760106085407
9282	0.0006777495848887094	30	8259.0	False	0.0007477526335683
9283	0.0003126464521784187	30	8256.5	False	0.0004272345599894
9284	0.0005265457456889119	30	8314.5	False	0.000485377493168
9285	0.0002285027291793901	30	8324.5	False	0.0004025944978751
9286	0.0003182651695453285	30	8324.5	False	0.0003210246782641
9287	0.00035228392290966726	30	8265.0	False	0.0004176562116124
9288	0.0005658880196601569	30	8009.0	False	0.0005205688166582
9289	0.00023224559366597636	30	8324.0	False	0.0003502013657853
9290	0.0003984806859554615	30	8397.0	False	0.0004360764425852
9291	0.0008756868570494332	30	8256.5	False	0.0009919859063911
9292	0.000705163638373487	30	8483.0	False	0.0007698476343223
9293	0.0008102896913046157	30	8385.5	False	0.0008298486437034
9294	0.0005353876806327333	30	8308.0	False	0.0007379652544756
9295	0.0004978907570625813	30	8136.0	False	0.0004840654823754
9296	0.0005438096573048427	30	8064.5	False	0.0005290672041317
9297	0.00024192073286539688	30	7984.5	False	0.0003274686672025
9298	0.0003756136786863044	30	7906.0	False	0.0004167991543703
9299	0.001522693077723761	30	7876.0	False	0.0019818224995142
9300	0.0006215882162635326	30	7782.5	False	0.0006558638601523
9301	0.002031806000291798	30	7758.5	False	0.0022353189172097
9302	0.0009672418984554274	30	7679.0	False	0.0012366162975352
9303	0.0003681591878433093	30	7625.5	False	0.0003977742519385
9304	0.00030153284245469446	30	7746.5	False	0.0003662373306152
9305	0.00032881845611456976	30	7847.0	False	0.0003654318839318
9306	0.00038467244788401055	30	7709.0	False	0.0003972860945452
9307	0.00020665550952534892	30	7824.0	False	0.0002575013638843
9308	0.0007248583034988136	30	7864.5	False	0.0007901213246405
9309	0.0002655069399494308	30	8066.0	False	0.0173668736257718
9310	0.0002556239886238031	30	8214.0	False	0.000305523787504
9311	0.0002861704390653263	30	8187.5	False	0.0003234474522292
9312	0.00047186739713535634	30	8085.0	False	0.0004795719189607
9313	0.0004434510406977621	30	7888.0	False	0.0004501202464086
9314	0.00034014577472208686	30	7976.0	False	0.000398927140626
9315	0.0003595626339580861	30	7953.0	False	0.0003961762600961
9316	0.000595367207929332	30	7934.5	False	0.0006118720288906
9317	0.0004229025983538753	30	7984.5	False	0.0004754970430027
9318	0.00035929367092543603	30	7895.0	False	0.0004118969571112
9319	0.0006146516815516646	30	7554.5	False	0.0007497222011486
9320	0.0002571824832495866	30	7776.0	False	0.0004135847348051
9321	0.0006962032736256411	30	7581.5	False	0.0007419392324951
9322	0.00038240563017964224	30	7768.5	False	0.0004371680255306
9323	0.0003377108147893187	30	7783.0	False	0.0003795082968365
9324	0.00038573656927985955	30	7758.5	False	0.0003943874286816
9325	0.00047598057110609935	30	7772.5	False	0.0004640330601667
9326	0.0003570677677011895	30	7799.0	False	0.000344898342305
9327	0.0002974279305345883	30	7728.5	False	0.0003732391892366
9328	0.0005647630260657908	30	7874.5	False	0.0006016534649179
9329	0.00034752971201384606	30	7948.0	False	0.0004062224730824
9330	0.00035280377319064465	30	7964.5	False	0.0004053696544543
9331	0.0006011578658263346	30	7775.5	False	0.0006910154866192
9332	0.00031193056494936743	30	7938.0	False	0.0003685387865646
9333	0.00034911043974488083	30	7979.5	False	0.0004214936201192
9334	0.00038742048316472354	30	7855.5	False	0.0004277400204796
9335	0.0004497753094710393	30	7859.5	False	0.0005011015594626
9336	0.0004027660086411616	30	7832.5	False	0.0004367076566526
9337	0.00038122498528661043	30	7802.0	False	0.0003946364140993
9338	0.0004479816562790303	30	7796.0	False	0.0004890970316571
9339	0.00044497655655993917	30	7945.0	False	0.0005381303813038
9340	0.0007927556286203268	30	7851.0	False	0.0008394498374911
9341	0.0003998462132681138	30	7890.0	False	0.0004456633527596
9342	0.000345822885575897	30	7999.0	False	0.0003766398645789
9343	0.0003860979855180312	30	7914.0	False	0.000480830602953
9344	0.000315576315577207	30	7936.5	False	0.0004080574340838
9345	0.0003120129654403871	30	8007.5	False	0.0003289251737399
9346	0.00036127210067066353	30	7963.0	False	0.0004110273990016
9347	0.00037636280660940523	30	7881.0	False	0.0004158039805729
9348	0.0005213429309477514	30	7975.0	False	0.0006485909044663
9349	0.0003092605037752009	30	7941.0	False	0.000361774482556
9350	0.0003149136544751737	30	7962.5	False	0.0003864086079948
9351	0.00032993384535852166	30	7890.5	False	0.0003384167237834
9352	0.0002337245513506885	30	8022.5	False	0.0003249301611147
9353	0.0003306366793326107	30	8097.5	False	0.0003964627178979
9354	0.0004435343345340077	30	8089.5	False	0.0004581233601266
9355	0.0003642236912720251	30	8086.5	False	0.0004144253511103
9356	0.00047582477837470797	30	8117.0	False	0.000474926782121
9357	0.0003700851322401119	30	7896.5	False	0.0003723470274295
9358	0.000500417580171549	30	8047.5	False	0.000556902449952
9359	0.000339926545490249	30	7966.5	False	0.0003554577576539
9360	0.00032633890931388744	30	8108.0	False	0.0003494321727193
9361	0.0003764023963845225	30	8110.0	False	0.0003995189126426
9362	0.00037351903834455973	30	8240.0	False	0.000369456611426
9363	0.00042236205655233	30	8321.5	False	0.0004367418243563
9364	0.0004424751702424991	30	8440.5	False	0.000468262226847
9365	0.000409050994448108	30	8432.5	False	0.000399396113077
9366	0.00034801552638079997	30	8483.5	False	0.0003791658351626
9367	0.0004707356703924473	30	8362.0	False	0.0005410468853465
9368	0.00023544446507642953	30	8512.0	False	0.0003116883116883
9369	0.0003697142915184208	30	8441.5	False	0.0004026445695326
9370	0.0005181298478220027	30	8376.0	False	0.0006247616574845
9371	0.0003493960854738901	30	8659.0	False	0.0004104993092559
9372	0.00038548691470059347	30	8743.5	False	0.0005363798665706
9373	0.0003638333260384296	30	8921.0	False	0.000392945473037
9374	0.00020719858753870998	30	8948.5	False	0.0002723698091493
9375	0.00032943518678183446	30	8916.5	False	0.0003536353327823
9376	0.000369115800876448	30	9025.0	False	0.0003960350795687
9377	0.0004026440508516894	30	9044.5	False	0.0004140705102926
9378	0.0010645098762048927	30	9124.5	False	0.0012803424258922
9379	0.0005818202593783283	30	9168.0	False	0.0005859969272725
9380	0.0011580467288813947	30	9154.0	False	0.0011144173880068
9381	0.0005764329873543714	30	9113.5	False	0.000651587777112
9382	0.0006504785149569862	30	9173.5	False	0.0006736011611246
9383	0.0005496076658653012	30	9037.0	False	0.0005965888709744
9384	0.00037994371636879956	30	8965.0	False	0.0004005936416251
9385	0.00033239373562253505	30	8784.0	False	0.0003529799654777
9386	0.0002097607166271159	30	8752.0	False	0.0003146914275724
9387	0.00025855225389501667	30	8821.5	False	0.000339977051549
9388	0.0005944832407604681	30	8708.5	False	0.0006203909633618
9389	0.0002561562170484395	30	8856.0	False	0.0003202667088544
9390	0.00036594080711727767	30	8794.0	False	0.0004534303751845
9391	0.00034146250421404547	30	8807.5	False	0.0004834767002908
9392	0.00040151653846359986	30	8656.5	False	0.0004033679263755
9393	0.0004520631667013348	30	8973.5	False	0.0005736885896758
9394	0.0004885478237105934	30	9048.5	False	0.0005506607929515
9395	0.0005792997832024787	30	8991.5	False	0.0006278009946485
9396	0.0003872566942602503	30	9074.0	False	0.0003978620544695
9397	0.0003886363485583288	30	9007.0	False	0.0004013661595316
9398	0.00047493181881375757	30	8985.0	False	0.000413765876842
9399	0.0004168482628305834	30	8991.0	False	0.0004096526297422
9400	0.0005444267395098262	30	9000.0	False	0.0005978055240257
9401	0.0003528966222070046	30	8993.5	False	0.000453300594957
9402	0.0005690831241893778	30	8897.5	False	0.0007790630620997
9403	0.0006330705474422207	30	8923.0	False	0.0007581558905664
9404	0.0005135725548764585	30	8736.5	False	0.0005702537047094
9405	0.0005743275634129758	30	8646.0	False	0.0006555626651173
9406	0.0004841289419340196	30	8625.5	False	0.0004697463761024
9407	0.0005088369334143841	30	8739.0	False	0.0005117647743001
9408	0.0009112885945292972	30	8636.0	False	0.0010057713991615
9409	0.0006944445281689487	30	8718.5	False	0.0007254444802209
9410	0.0008803868504054743	30	8716.0	False	0.0008835805162745
9411	0.00045558598329962553	30	8788.5	False	0.0004958182153619
9412	0.0011720327043126958	30	8647.0	False	0.0011224481842062
9413	0.000483733427728713	30	8688.5	False	0.0005176003580393
9414	0.0007685626827963349	30	8646.5	False	0.0008358232272931
9415	0.0006169557109210229	30	8488.5	False	0.000669144093011
9416	0.0008360080115129098	30	8751.0	False	0.0009837849098968
9417	0.0005701284264689208	30	8734.0	False	0.0005652254707631
9418	0.0007198059527434446	30	8566.5	False	0.0008198368997552
9419	0.0005417266362425616	30	8665.5	False	0.0006403141808247
9420	0.0008096202888843236	30	8402.0	False	0.0008742165981397
9421	0.0006152978151187138	30	8577.5	False	0.0006631894732325
9422	0.0006532389843353505	30	8328.5	False	0.0007170913485748
9423	0.0005424587471656641	30	8546.0	False	0.0005878433985186
9424	0.0004164435811553962	30	8572.5	False	0.0004378352175884
9425	0.0006554703417258779	30	8256.0	False	0.0007553115457085
9426	0.0003819100820038027	30	8765.5	False	0.0004474461152498
9427	0.0004454984350649396	30	8709.5	False	0.0004751176299293
9428	0.0004639802048858235	30	8534.0	False	0.0005472384005003
9429	0.00041266372676090137	30	8521.0	False	0.0004888617733558
9430	0.0009644665014295798	30	8394.5	False	0.0010200015937524
9431	0.00033040546010841803	30	8522.5	False	0.0003798112690395
9432	0.00043833272650593266	30	8599.5	False	0.0004961432613667
9433	0.0003778463827215631	30	8623.5	False	0.0005174444422991
9434	0.00027268506696135687	30	8682.0	False	0.0003024571774236
9435	0.0003480281007644941	30	8741.5	False	0.0004079267409322
9436	0.00035054194273853015	30	8673.5	False	0.0003977496548374
9437	0.00035414703835531206	30	8616.0	False	0.0004584187250566
9438	0.000376716828905827	30	8597.0	False	0.0004028759142184
9439	0.0005620527359657795	30	8536.5	False	0.0005663597907984
9440	0.0005710427163415984	30	8440.5	False	0.0006330566348291
9441	0.00028772718641708543	30	8488.0	False	0.0004047326210563
9442	0.00039069170942496927	30	8396.0	False	0.0004577515245115
9443	0.0004531038014544201	30	8433.0	False	0.0004981607903619
9444	0.0005292085762020234	30	8441.0	False	0.0005526707116331
9445	0.0002958052213893505	30	8493.5	False	0.0004749559676238
9446	0.00032000890163025086	30	8433.0	False	0.0003505221984114
9447	0.001015165053991528	30	8314.0	False	0.0010041901750678
9448	0.0003241257872732839	30	8281.5	False	0.0004398594079003
9449	0.0006188331940785907	30	8320.0	False	0.0007583066170677
9450	0.0005184768642387198	30	8284.5	False	0.0048980517088533
9451	0.0006419500236308558	30	8431.0	False	0.0007293713456702
9452	0.0002792694686359129	30	8356.0	False	0.0003982941744448
9453	0.00039739702939058975	30	8056.0	False	0.0004105907529985
9454	0.00027221057384084555	30	8126.5	False	0.0002803510985227
9455	0.0003141521171086172	30	8087.5	False	0.0003346346904629
9456	0.0002940187797080276	30	8092.5	False	0.0003431240827631
9457	0.00036716277002763717	30	8021.0	False	0.0004030264377033
9458	0.00036214995786374257	30	8100.5	False	0.0003920856480143
9459	0.0003112706736587334	30	8178.0	False	0.000339219957577
9460	0.00024246928688079666	30	8084.5	False	0.000333950385692
9461	0.00041583121913406763	30	8097.0	False	0.0004668419371483
9462	0.00033162797583073363	30	8169.0	False	0.0003910673695016
9463	0.00021942438944086613	30	8240.0	False	0.0002382288693011
9464	0.0002507644458529946	30	8300.0	False	0.000364725073446
9465	0.000586782082206406	30	8321.0	False	0.000618673563879
9466	0.00029504329010158375	30	8394.5	False	0.0003523622125179
9467	0.000359287541365059	30	8362.5	False	0.0003650605325915
9468	0.0005023660423814108	30	8010.0	False	0.0005543718842438
9469	0.00028435362087784316	30	8226.0	False	0.0003356125333085
9470	0.00033459840411449694	30	8254.5	False	0.0003291084372165
9471	0.0014559595392402299	30	8236.5	False	0.0019277769263653
9472	0.0003476216594627295	30	8286.5	False	0.000381687056791
9473	0.0003477811173967418	30	8299.0	False	0.0003938970079904
9474	0.00024176028723115	30	8303.0	False	0.000273568092305
9475	0.00032972720699530456	30	8175.0	False	0.0003430461682968
9476	0.00032465108734347324	30	8077.5	False	0.0003773882246579
9477	0.0004607888639957604	30	8207.5	False	0.0004812457116718
9478	0.00043826259870099717	30	8230.0	False	0.0007616886800097
9479	0.00035463242761265613	30	8384.5	False	0.0004141908145221
9480	0.00034821848649975944	30	8505.5	False	0.0004283513581488
9481	0.00015593837702420217	30	8559.5	False	0.0002543473837436
9482	0.0002711071257240048	30	8541.0	False	0.0003680198574118
9483	0.00023333148497448953	30	8490.5	False	0.0002602554446622
9484	0.0003009282898641277	30	8350.5	False	0.0003282100544348
9485	0.0005550930350660119	30	8360.5	False	0.000704290167549
9486	0.00038702477953524107	30	8294.0	False	0.0003503924798524
9487	0.0003703362551028303	30	8308.5	False	0.0003785773546303
9488	0.0005024348559583833	30	8342.0	False	0.000573371504639
9489	0.0005457998135961147	30	8239.5	False	0.0005696095144987
9490	0.0003664402683675478	30	8300.5	False	0.0004624119406826
9491	0.00038537500258969314	30	8290.5	False	0.0004378336961677
9492	0.0003243881533355218	30	8311.0	False	0.0003563200239706
9493	0.00019886553219886554	30	8227.0	False	0.0002689344085276
9494	0.0004014379653353714	30	8226.5	False	0.0004242439076127
9495	0.0003501197025058535	30	8401.5	False	0.0003427646761073
9496	0.00023547411433532393	30	8448.5	False	0.0002659289453734
9497	0.0002303406881041239	30	8464.0	False	0.0002728318762529
9498	0.00015930729059578035	30	8527.5	False	0.0002037633523773
9499	0.00021498904994335095	30	8506.5	False	0.0002593656544856
9500	0.000483108995207887	30	8535.0	False	0.0005513907952932
9501	0.0002837097717382015	30	8474.5	False	0.0003889491301683
9502	0.00023617058563612088	30	8588.0	False	0.0003416878603739
9503	0.0004531197326947617	30	8585.5	False	0.000429502947952
9504	0.00037225757116591683	30	8682.5	False	0.0004644214469824
9505	0.000325171674678181	30	8731.0	False	0.0004354830007476
9506	0.00034131727225775383	30	8748.0	False	0.0003883734075728
9507	0.000774360750976029	30	8795.0	False	0.0008214635040958
9508	0.0003331207880062735	30	8821.0	False	0.0004
9509	0.0002603518498334453	30	8738.0	False	0.0003425857137908
9510	0.0012342747537651922	30	8690.5	False	0.0014335306698075
9511	0.00048332382503660026	30	8378.0	False	0.0005097953535794
9512	0.00044624496485986284	30	8701.0	False	0.0005227049983665
9513	0.0005088952613089617	30	8430.5	False	0.0005040806529044
9514	0.0008158929088772141	30	7164.5	False	0.0009087630049138
9515	0.000311351642973327	30	8603.0	False	0.0004487086944137
9516	0.0010036548377546511	30	8230.5	False	0.0010752114514123
9517	0.00046752054554992134	30	8645.0	False	0.0005689757275728
9518	0.00045027118315450044	30	8651.5	False	0.0005173465526959
9519	0.0004931862572989673	30	8591.0	False	0.0005371050040282
9520	0.0004732695202446511	30	8558.5	False	0.0004754796693467
9521	0.0003179161796925162	30	8616.5	False	0.0004832262503962
9522	0.00038472122282885084	30	8711.5	False	0.0004157020979607
9523	0.0005824341136956892	30	8617.5	False	0.0005900842702046
9524	0.00031226609701430133	30	8626.0	False	0.0004323686528685
9525	0.0005439817034182043	30	8612.5	False	0.0006763023651259
9526	0.00043313869292286266	30	8583.0	False	0.0005101881854436
9527	0.00027872061727641085	30	8726.5	False	0.0003563341264641
9528	0.00040497268542156616	30	8753.5	False	0.0004652315671058
9529	0.00039590791818951924	30	8788.5	False	0.0005585870407806
9530	0.0006820313017449637	30	8201.5	False	0.0104485879263418
9531	0.0009831921233875126	30	6957.0	False	0.0009779461223243
9532	0.0005277607737621363	30	8774.0	False	0.000629536645859
9533	0.0003855043814205686	30	8789.0	False	0.00045443700935
9534	0.00037198761128692294	30	8833.0	False	0.0004976756285982
9535	0.0005443978975222488	30	8949.5	False	0.0006185651524241
9536	0.00047956300072520664	30	8972.5	False	0.0005059919115704
9537	0.00038226031713390837	30	9050.5	False	0.0004392051494035
9538	0.00030430585573361477	30	9044.0	False	0.0003762254992364
9539	0.0003733994395843088	30	8858.5	False	0.000383828521813
9541	0.00045445134490066015	30	8893.0	False	0.0004694013642442
9542	0.0003763332409674728	30	9052.0	False	0.0004140013042872
9543	0.0003040860735259767	30	9179.0	False	0.000395727594194
9544	0.00037871498118811713	30	9148.0	False	0.0004076818916439
9545	0.000504894675729052	30	9124.0	False	0.0005890919202933
9546	0.0003812107529943551	30	9240.5	False	0.0004211268923714
9547	0.00041483927218338403	30	9253.0	False	0.0004238627546768
9548	0.0005340333542838702	30	9337.0	False	0.0005558722919042
9549	0.0004310091809924626	30	9363.0	False	0.0004609961772778
9550	0.0003492499558550441	30	9272.5	False	0.0004183831101956
9551	0.0003990917827013878	30	9531.5	False	0.0005385347684995
9552	0.0005208392086536748	30	9455.5	False	0.0005381563396927
9553	0.0004605567593094275	30	9445.0	False	0.0004716599261535
9554	0.0007737532778872938	30	9394.5	False	0.000974434975917
9555	0.0005375977384749426	30	9431.0	False	0.0005469108358914
9556	0.0004302072369401478	30	9536.0	False	0.0004604806441147
9557	0.0005624131533041951	30	9530.0	False	0.0005631379023288
9558	0.0004608043364115573	30	9573.0	False	0.0005187065061113
9559	0.00048398163122912146	30	9607.5	False	0.0005036908380373
9560	0.00044827667821154595	30	9591.5	False	0.0004770344474583
9561	0.00044314986934960597	30	9551.0	False	0.0006033403432413
9562	0.000315615312895951	30	9644.0	False	0.0003897640375415
9563	0.0003302127746806142	30	9564.5	False	0.0004314198933279
9564	0.0004260454351138888	30	9678.0	False	0.0004233510819545
9565	0.0004580246703849187	30	9632.5	False	0.0018043227555921
9566	0.0003104269736805336	30	9727.5	False	0.0004177710203885
9567	0.0002751420415033613	30	9590.5	False	0.0003121520804936
9568	0.0004103202109715546	30	9537.0	False	0.0005107681112774
9569	0.0004742803590111961	30	9455.0	False	0.0004601076160103
9570	0.0007450631367710395	30	8754.0	False	0.0008743784309849
9571	0.0005818629677195621	30	9660.0	False	0.0006888143438698
9572	0.0005166940223857032	30	9677.0	False	0.0005578205057572
9573	0.0006177382339273496	30	9705.0	False	0.0007279469834838
9574	0.0005468381625893224	30	9661.5	False	0.000672641099406
9575	0.0008767244078224706	30	9701.0	False	0.0009128676445258
9576	0.00032217032965205044	30	9657.0	False	0.0004417098311495
9577	0.0003449444586212998	30	9528.5	False	0.0003860705737008
9578	0.00048226128110180795	30	9571.5	False	0.0004563792058305
9579	0.00030151293343334866	30	9534.0	False	0.0003320076326807
9580	0.00032115326911170397	30	9509.5	False	0.0003394540039824
9581	0.0006214822237013851	30	9323.0	False	0.0006451153009944
9582	0.0004580903353250341	30	9431.0	False	0.0005063721445745
9583	0.00045316257284650315	30	9396.0	False	0.000516624624111
9584	0.0004390298288869075	30	9449.0	False	0.0005513926198218
9585	0.0006565982664191517	30	9514.5	False	0.0009808126331479
9586	0.00043521556762705785	30	9417.0	False	0.0005068962705904
9587	0.0006574505203789518	30	9525.0	False	0.0006065046749941
9588	0.00031801148496563133	30	9541.0	False	0.0003456016086183
9589	0.00048188995020173435	30	9533.5	False	0.0004786845608505
9590	0.00035293012904429836	30	9533.0	False	0.0003784427780503
9591	0.0004238419268790378	30	9512.0	False	0.0004336255643252
9592	0.0009431274634523112	30	9306.5	False	0.0011200637191804
9593	0.0004998892824127297	30	9684.5	False	0.0005762157462166
9594	0.0006064933099980849	30	9789.0	False	0.0005789007695974
9595	0.0005786478981392193	30	9707.0	False	0.0006437430232637
9596	0.0008046562236699356	30	9160.5	False	0.0008879904703461
9597	0.0003233542617744918	30	9597.0	False	0.0003637686431429
9598	0.0005557306998872488	30	9361.0	False	0.0005989021308866
9599	0.0005321037333540781	30	9634.5	False	0.0005452826151478
9600	0.00038902068728270136	30	9722.5	False	0.0004343350398938
9601	0.0005486982072588382	30	9704.0	False	0.0005812621594914
9602	0.0004457741811814889	30	9783.0	False	0.0004766622745642
9603	0.0002993782862156139	30	9757.5	False	0.0003574115236283
9604	0.0003315823107134955	30	9553.0	False	0.0003396962837919
9605	0.0004109592711869317	30	9529.5	False	0.0004269573216238
9606	0.0003537552018993598	30	9258.0	False	0.0004124635094244
9607	0.0003973365669000809	30	9552.0	False	0.0003807572222722
9608	0.00034049009744184955	30	9604.5	False	0.0003275579691405
9609	0.0009577929356287544	30	9474.5	False	0.0010139186557536
9610	0.00044884699773101194	30	9634.5	False	0.0004927109784964
9611	0.000417823991332689	30	9622.0	False	0.0004479823563871
9612	0.0003816756759497693	30	9630.0	False	0.0005960810256728
9613	0.0005056180158249598	30	9442.5	False	0.0005231980392363
9614	0.0002859568570205903	30	9561.5	False	0.0003303371177217
9615	0.000290364058895201	30	9533.0	False	0.0003242327363499
9616	0.00040796484064406404	30	9462.0	False	0.000420413897482
9617	0.00036286966084225227	30	9243.5	False	0.000432007083488
9618	0.0002856622053579226	30	9636.5	False	0.0003335717626344
9619	0.001654871202422151	30	9557.5	False	0.0017960044102656
9620	0.0005823663757901633	30	9696.0	False	0.0006752749946012
9621	0.0004642460697062009	30	9622.0	False	0.0006183650979538
9622	0.00032782108123441823	30	9531.0	False	0.0004353352952443
9623	0.0002134514859568262	30	9427.5	False	0.0003734498308906
9624	0.0004276612535136698	30	9382.5	False	0.0004603171230887
9625	0.00039338001884721245	30	9465.0	False	0.000438733499233
9626	0.0003048947041294782	30	9401.0	False	0.0003735327387349
9627	0.0003057990169088685	30	9513.0	False	0.0003354942424295
9628	0.0002974277110448136	30	9470.0	False	0.0003126317268512
9629	0.0002923423250381647	30	9369.5	False	0.0003156185058832
9630	0.00042935324868791493	30	9394.5	False	0.0004244977660805
9631	0.00042331396825384074	30	9024.5	False	0.000496068200191
9632	0.0002867438587464934	30	9344.5	False	0.0003305185943364
9633	0.0002951920183941894	30	9337.0	False	0.0004308272952235
9634	0.00043592322842223567	30	9397.0	False	0.0004847995866818
9635	0.00029214924298699707	30	9511.0	False	0.000356543624161
9636	0.0002658974770920181	30	9515.0	False	0.0003354860353937
9637	0.0002976476477141402	30	9418.5	False	0.0003839082564929
9638	0.00038330441517120417	30	9408.5	False	0.0004066420559822
9639	0.0007031346522987726	30	8986.5	False	0.0007376154368158
9640	0.0003581757403381269	30	9485.5	False	0.0003962493074403
9641	0.0002836518687633599	30	9470.0	False	0.0003332105715438
9642	0.000605817525978588	30	9363.5	False	0.0006298655343241
9643	0.0003680785752035957	30	9379.0	False	0.0004063618599359
9644	0.0003904351390423337	30	9261.0	False	0.0004151946940981
9645	0.00038398341947426935	30	9307.0	False	0.0004094333442515
9646	0.00036986849039353267	30	9244.0	False	0.0004305318862678
9647	0.0005881019029454766	30	9141.5	False	0.0006800654020344
9648	0.00044246426147916677	30	9097.5	False	0.0004982995980868
9649	0.0007046203637518862	30	8953.0	False	0.0006073142722534
9650	0.00043588624775682175	30	9134.5	False	0.0004391121949803
9651	0.00044291238823996373	30	9039.0	False	0.0004480829761524
9652	0.00037241338597795895	30	9076.5	False	0.0004668482596117
9653	0.00039552415437015714	30	8985.5	False	0.0004254532001479
9654	0.000258390452228018	30	9069.5	False	0.0002865761135135
9655	0.0002796909776626903	30	9157.5	False	0.0003491251868365
9656	0.0004582772916343514	30	8955.5	False	0.0018509314005504
9657	0.0002935685198260868	30	9167.0	False	0.0003238895864039
9658	0.00041307129817589347	30	9269.5	False	0.0004189389288164
9659	0.00021347711594749748	30	9336.0	False	0.0002768380066225
9660	0.0002947161060264992	30	9346.0	False	0.0002945836132476
9661	0.0003814917116355215	30	9284.0	False	0.0003851497764691
9662	0.00030297176286653527	30	9338.0	False	0.0003482256645904
9663	0.0004685766199367061	30	9376.5	False	0.0004581770281492
9664	0.000271565851598605	30	9439.5	False	0.0003265561108587
9665	0.00039342055304826193	30	9652.0	False	0.00044129093234
9666	0.00022450761321195255	30	9618.5	False	0.0002616385550574
9667	0.00031244059886817926	30	9390.5	False	0.0004168329248133
9668	0.00037310360238156635	30	9413.5	False	0.0003771087852116
9669	0.0003067481200037024	30	9249.0	False	0.00030444930919
9670	0.0004374889378972788	30	9262.0	False	0.0004872344572208
9671	0.00038569285530327306	30	9480.0	False	0.0004620469030512
9672	0.0003669567217068728	30	9356.5	False	0.0004776315179771
9673	0.0005647806839809541	30	9267.0	False	0.0005812305583759
9674	0.00051094793614876	30	9103.5	False	0.0004863759869227
9675	0.00031685716225621967	30	8959.0	False	0.0003443232936559
9676	0.00032086074222301207	30	8686.0	False	0.0003530135207974
9677	0.00033087145441778427	30	8661.5	False	0.0003799348791617
9678	0.0003474764508986589	30	8549.0	False	0.0004229500380655
9679	0.00039094142287595085	30	8678.0	False	0.0004782455221416
9680	0.0002689536819325066	30	8763.0	False	0.000348749564063
9681	0.00023405653818356763	30	8795.0	False	0.0002727218386682
9682	0.00037746446674272654	30	8587.5	False	0.0003883524717492
9683	0.00024286095897000905	30	8603.5	False	0.0002983955500807
9684	0.000317504252719915	30	8607.0	False	0.0003433502592294
9685	0.00035250154039362825	30	8593.0	False	0.000402951429147
9686	0.00047672716033580077	30	8649.0	False	0.0005401395994598
9687	0.00047069860683813034	30	8672.5	False	0.0005036066566955
9688	0.00027720068992086877	30	8663.5	False	0.0003994111538417
9689	0.00027447467367201414	30	8621.0	False	0.00032923575194
9690	0.00031664281868514237	30	8588.5	False	0.0004040481779351
9691	0.0003856109930728297	30	8509.0	False	0.0004361065034382
9692	0.0005048538706109237	30	8295.0	False	0.000546246927361
9693	0.0005629754343088713	30	8487.5	False	0.0006015460514751
9694	0.0005258551955148399	30	8322.0	False	0.0005947707753431
9695	0.0002436900553796404	30	8372.0	False	0.0003621149085069
9696	0.00038592315901761335	30	8319.5	False	0.0003762286836748
9697	0.0002210426927160173	30	8338.5	False	0.000312186331771
9698	0.0006695426013957896	30	8349.0	False	0.0007551072334348
9699	0.00033512623696789256	30	8396.0	False	0.000400540336768
9700	0.0002369830461874262	30	8580.5	False	0.0003352575317338
9701	0.00026606492263618186	30	8688.5	False	0.0003318077803203
9702	0.00028310429791073867	30	8614.0	False	0.0003602415918079
9703	0.00046383899433067384	30	8781.5	False	0.0004859507494566
9704	0.00021416488521514915	30	8865.5	False	0.0002847028414092
9705	0.00034008097103564066	30	8952.0	False	0.0003484217237238
9706	0.00041113342302658755	30	9022.0	False	0.0004419303517765
9707	0.000302457665759469	30	9004.5	False	0.0003172424986904
9708	0.00021160228802294837	30	9027.5	False	0.0002761556192145
9709	0.00029642697833690186	30	8972.0	False	0.000292374935696
9710	0.0003105569521186478	30	8783.5	False	0.0003693708634232
9711	0.00032989327423943926	30	8941.0	False	0.0003711305006179
9712	0.0005788843144929785	30	8894.5	False	0.0005638409893729
9713	0.00025632096998669696	30	9020.5	False	0.0003169864175005
9714	0.00034791900027791574	30	9059.5	False	0.0003232346977755
9715	0.0003770362492035029	30	8893.0	False	0.0004561600299121
9716	0.00044193586739899634	30	8639.5	False	0.0005274952063391
9717	0.0004860586144819473	30	8773.5	False	0.000518275843806
9718	0.00026398575000590694	30	8775.0	False	0.0003026462632644
9719	0.00022851919561243144	30	8777.0	False	0.0003397957450021
9720	0.0002882925068855885	30	8834.0	False	0.0003531670442548
9721	0.00045703956071145476	30	8775.0	False	0.0004899965323322
9722	0.0003244177579871908	30	8960.0	False	0.0003514470369315
9723	0.0003050949838494182	30	8988.5	False	0.0003319147052966
9724	0.0003102607608616133	30	8978.5	False	0.0003031860416104
9725	0.00025026125746728436	30	8788.5	False	0.000320847944497
9726	0.0018363716957047228	30	7429.5	False	0.0025811407034278
9727	0.00034494276775214045	30	8882.5	False	0.000440311651094
9728	0.0003270616814883195	30	8756.0	False	0.0003753355272137
9729	0.00034180276091060486	30	8729.5	False	0.000443674229353
9730	0.0006647759392011529	30	8457.5	False	0.0006949785845082
9731	0.0006611393881600864	30	8657.5	False	0.0006117190068741
9732	0.00045855496525435915	30	8650.0	False	0.0004251749537478
9733	0.0006427482923766975	30	8419.0	False	0.0006006076736462
9734	0.0005217394065737374	30	8366.5	False	0.0005809518916504
9735	0.00048578133241517944	30	8462.0	False	0.0006347838012578
9736	0.0004293699409769579	30	8467.0	False	0.0005057018867776
9737	0.0003653519776006978	30	8411.0	False	0.0005164087907755
9738	0.0003903453260992091	30	8342.5	False	0.0004371775815336
9739	0.0006265547339963594	30	8297.5	False	0.0006838331447126
9740	0.00034505436087592877	30	8264.0	False	0.0003769771247072
9741	0.001710306927169935	30	8102.0	False	0.0016608516455489
9742	0.000518826819494263	30	8353.0	False	0.0005599415436913
9743	0.0009790225687895365	30	8412.0	False	0.0010649081220936
9744	0.0007656778429526864	30	8459.5	False	0.000905097934731
9745	0.00032027244244802296	30	8429.0	False	0.0003063520928168
9746	0.000270852318273206	30	8406.0	False	0.0003315990178352
9747	0.0003992707029965862	30	8192.0	False	0.0004450666386139
9748	0.00026783425503500077	30	8190.5	False	0.0002977711427571
9749	0.0003381579046517634	30	8525.5	False	0.0003540883586642
9750	0.0002768222298666055	30	8600.0	False	0.0003162287027681
9751	0.0008065792674657632	30	8663.0	False	0.0009217439395335
9752	0.000760439176309762	30	8759.5	False	0.0008177110148702
9753	0.0004445031899396627	30	8810.0	False	0.0005725650916104
9754	0.00031799884322099346	30	8718.5	False	0.0003614036155578
9755	0.00028209506455176395	30	8689.0	False	0.0003128350100526
9756	0.0008007467103865488	30	8336.5	False	0.0008671927900245
9757	0.0003196130488702477	30	8541.0	False	0.0004177804254397
9758	0.0007175834241146732	30	8442.5	False	0.0007372531274745
9759	0.0005188277927710204	30	8594.0	False	0.0005229803728542
9760	0.00032529593841613394	30	8551.0	False	0.0003977832274509
9761	0.00036286512754249537	30	8411.0	False	0.0003988737681839
9762	0.0006408993766729256	30	8291.5	False	0.0006991229185204
9763	0.0005415656234893378	30	8307.0	False	0.0005424303254186
9764	0.0003962904466043166	30	8355.5	False	0.0004562941051521
9765	0.0007234954427183033	30	7931.0	False	0.0008190980910918
9766	0.0004586872377462069	30	8413.5	False	0.0004757336827246
9767	0.0003350604436251876	30	8380.0	False	0.0004309686215664
9768	0.0003706005066468212	30	8352.0	False	0.0004127066481145
9769	0.00037735883087062453	30	8361.5	False	0.0004595534083544
9770	0.00024403123195724158	30	8418.5	False	0.0003054774455819
9771	0.0009996547401282408	30	8273.0	False	0.0010346673009454
9772	0.00040150824954726433	30	8466.5	False	0.0004708922435096
9773	0.0004663015365890765	30	8399.0	False	0.0005154055499806
9774	0.0012302420763578607	30	8451.0	False	0.0012611714881823
9775	0.0007020675958191575	30	8235.0	False	0.0007242973917334
9776	0.0005741600184547321	30	8379.0	False	0.0006790198564245
9777	0.0007048342910203763	30	8253.0	False	0.0007678902513746
9778	0.0006308146646498057	30	8191.0	False	0.000691537907937
9779	0.0002735893094338895	30	8177.0	False	0.0004403222027421
9780	0.00030156596521530515	30	8016.5	False	0.000333657379183
9781	0.000326007255607703	30	7899.5	False	0.0003418817672785
9782	0.0004996305504797851	30	7948.0	False	0.000473437655736
9783	0.0012735101049951836	30	7962.0	False	0.0012378338321927
9784	0.0006525995523084733	30	7889.0	False	0.0006604191571713
9785	0.0006316333571033658	30	8172.0	False	0.0007091853688979
9786	0.000492221683533271	30	8101.0	False	0.0005135730007336
9787	0.00044441128675142683	30	7932.5	False	0.000604840380138
9788	0.00047445634029256653	30	7939.5	False	0.0005136468512205
9789	0.001153215806602817	30	7741.0	False	0.0012435601350151
9790	0.00043473353033224337	30	7805.0	False	0.0004582681667591
9791	0.00027502488482270584	30	7893.5	False	0.0003076552099746
9792	0.00046699483792285955	30	7834.5	False	0.000502365303303
9793	0.00044626540925575434	30	7950.5	False	0.000480349164151
9794	0.000629663989926959	30	8047.5	False	0.0006027159117
9795	0.00024422585725795536	30	8166.0	False	0.0002580957373875
9796	0.0002985352795846293	30	8283.5	False	0.0003518384547571
9797	0.00024654928262425694	30	8369.0	False	0.0003102504388669
9798	0.00023417186035633617	30	8415.0	False	0.0002939216992593
9799	0.0002860322981194834	30	8365.5	False	0.0003589771911415
9800	0.00023544010469804896	30	8314.5	False	0.0003611053792796
9801	0.00034423114252667646	30	8184.5	False	0.0003942789322282
9802	0.00043717664680232335	30	8117.5	False	0.0004496639673325
9803	0.00038035471933366063	30	8116.0	False	0.0004250461478674
9804	0.00043991262121573736	30	8081.0	False	0.0004554085868915
9805	0.000394491692073725	30	8051.0	False	0.0004802096644229
9806	0.00035829500096649165	30	8056.0	False	0.0004470254520036
9807	0.0003906106216108125	30	7954.0	False	0.0004685053446596
9808	0.00039354124558789216	30	8108.0	False	0.000449363603977
9809	0.0005438529816986324	30	8054.0	False	0.000517075712913
9810	0.00023972814110619583	30	8171.5	False	0.0003025816264367
9811	0.0003098115771442789	30	8093.5	False	0.0003859764594988
9812	0.00036577432464278485	30	8053.0	False	0.0003995401211666
9813	0.0003265273033523375	30	7988.5	False	0.0004317167937832
9814	0.0007613459632891404	30	7969.5	False	0.0007981737123762
9815	0.0003653433499309015	30	7964.0	False	0.0004126331773579
9816	0.000311344898047128	30	7994.5	False	0.0003694020202186
9817	0.0004638106192225318	30	7804.0	False	0.0005328768215366
9818	0.00046470413908387514	30	7886.5	False	0.0005953644838023
9819	0.0004437927896487115	30	7762.0	False	0.0005205908494518
9820	0.00036003507037078557	30	7730.0	False	0.0003815337657382
9821	0.0005277004416089023	30	7498.5	False	0.0005872808028781
9822	0.00028495824509651153	30	7785.5	False	0.0003194968764976
9823	0.0002895233284352303	30	7677.0	False	0.0003524490965837
9824	0.0003343514236621639	30	7673.0	False	0.0004004822829194
9825	0.000461095321438518	30	7601.0	False	0.0004856580451619
9826	0.0003652921062614089	30	7484.5	False	0.0004318391987856
9827	0.0005324443216718979	30	7558.0	False	0.0006441209909952
9828	0.000402536335138216	30	7429.0	False	0.0004126933951495
9829	0.00032044452864584804	30	7226.5	False	0.0003910305678033
9830	0.00035677478647820306	30	7276.0	False	0.0003762429454447
9831	0.00026233897876679595	30	7219.5	False	0.0003350462952482
9832	0.0002729860453418253	30	7253.0	False	0.0003065714491812
9833	0.0006514560107584107	30	7257.5	False	0.0006216244217316
9834	0.0004548875418873636	30	7221.5	False	0.0004480976219142
9835	0.0005618312381482661	30	7185.5	False	0.0005365929078788
9836	0.000964580024959377	30	7121.5	False	0.0011230753010529
9837	0.0002806772499368619	30	7063.5	False	0.0002997601918465
9838	0.0004952191351570273	30	7000.5	False	0.0005036021542981
9839	0.0003231781243924439	30	6930.5	False	0.0003937137045178
9840	0.0006491951714185913	30	6862.5	False	0.0008237076311304
9841	0.00037480484517171285	30	6901.5	False	0.000401743092382
9842	0.0003495185854220373	30	6875.0	False	0.0003936223691324
9843	0.000374891214343898	30	6778.0	False	0.0003970095138785
9844	0.00034700558166262134	30	6851.0	False	0.0004151217533233
9845	0.0011626929776318194	30	6885.5	False	0.0011605997528439
9846	0.00028892972217506194	30	6924.5	False	0.0003096149515874
9847	0.0004833206235595804	30	6962.5	False	0.0004775325611663
9848	0.00025595750994177025	30	7111.0	False	0.0002772489510748
9849	0.00026428749974360423	30	7028.0	False	0.0003074414813089
9850	0.0005874729909863615	30	6713.5	False	0.0005987353541057
9851	0.00034273407289420145	30	6817.0	False	0.0003805175038051
9852	0.0005086174337505663	30	6463.0	False	0.0005371917423086
9853	0.00030349942993127866	30	6825.0	False	0.0003171079752655
9854	0.00045456949789079754	30	6736.0	False	0.0004756127153603
9855	0.0003899995183626357	30	6754.0	False	0.0004062818919193
9856	0.0004331998999249437	30	6702.0	False	0.000458664116364
9857	0.00026644846129768513	30	6843.0	False	0.0003206846377699
9858	0.00040362699278040316	30	6896.5	False	0.0004849245514447
9859	0.0003204770625982229	30	7002.0	False	0.0003567589389238
9860	0.00029118700174401166	30	6908.5	False	0.0003852226682138
9861	0.00035878849613216657	30	6779.5	False	0.0003960682976308
9862	0.0003140507287224529	30	6662.0	False	0.0003445254899644
9863	0.00016819286167562994	30	6656.5	False	0.0002217950613633
9864	0.00023638960157269407	30	6589.5	False	0.0003292838077182
9865	0.0017445141609838733	30	6546.5	False	0.0018662410502984
9866	0.0003580792761242753	30	6644.5	False	0.0004446640316205
9867	0.0005180870960557492	30	6611.5	False	0.0006488778376022
9868	0.0016151318471822503	30	6487.0	False	0.0018887223527505
9869	0.0003533575963892098	30	6361.0	False	0.0004370831640707
9870	0.000343410394645518	30	6221.0	False	0.0003950757755337
9871	0.00032984394165059855	30	6027.0	False	0.0003312247169657
9872	0.0002598924170971133	30	5899.5	False	0.0003262949485117
9873	0.00027603557700497797	30	6016.5	False	0.0003048249433896
9874	0.00030923308409184857	30	6059.0	False	0.0003742149620903
9875	0.00020287761493791647	30	6125.0	False	0.0002466673101466
9876	0.00021851315839585634	30	6127.0	False	0.0003483461596175
9877	0.000272339696057629	30	6110.5	False	0.0003487348970963
9878	0.0003391574846810567	30	6108.5	False	0.0003279887300921
9879	0.00033352378422260164	30	6119.5	False	0.0003648362260911
9880	0.00022813184402037476	30	6144.0	False	0.0003102118533018
9881	0.00041508162247724844	30	6097.5	False	0.0004738800544962
9882	0.00024085933894374585	30	6047.5	False	0.0003312301126182
9883	0.0003497533622591627	30	5718.5	False	0.0004223189878041
9884	0.0007555997184614748	30	5876.5	False	0.0008588430157659
9885	0.0011783971230413563	30	5685.5	False	0.001263077757143
9886	0.00023843792884175458	30	5696.5	False	0.0003046257127092
9887	0.0008593172071380353	30	5657.0	False	0.000901367170463
9888	0.000746380027631124	30	5544.0	False	0.0009737328195171
9889	0.0004042111247252702	30	5636.5	False	0.0003780366521074
9890	0.0010432193771742482	30	5486.0	False	0.0011468780426614
9891	0.0017948476456648471	30	5265.0	False	0.0019619689448344
9892	0.0004025553365619093	30	5388.0	False	0.0003863608487673
9893	0.0003343658777766775	30	5355.5	False	0.000407941256459
9894	0.0003504875845722089	30	5267.0	False	0.0005149686308742
9895	0.00018671791628238743	30	5178.5	False	0.0002499134914837
9896	0.0003154619337955863	30	5064.0	False	0.0003653563855814
9897	0.0002958415521862356	30	5013.0	False	0.0003192232234895
9898	0.0002863779240542745	30	4805.0	False	0.0003512372504321
9899	0.00046418880105835044	30	4716.5	False	0.0004527894018067
9900	0.0001699978799007077	30	4840.5	False	0.000286489952388
9901	0.0007409056202336535	30	4455.5	False	0.0008752416031508
9902	0.0003724532155368678	30	4941.5	False	0.0004555747611582
9903	0.0006370128903978034	30	4872.5	False	0.0006989542829611
9904	0.00031341919393583094	30	4926.5	False	0.0003951563211616
9905	0.001477958284078458	30	4931.5	False	0.0018822838377231
9906	0.00030570068240763583	30	4982.5	False	0.0028885075823324
9907	0.00026493830972867515	30	4959.5	False	0.0003855921498756
9908	0.0002808728049903956	30	5016.0	False	0.0003352748596447
9909	0.00024641598271058065	30	4954.0	False	0.0002797426367741
9910	0.0003091581368114209	30	5019.0	False	0.00033346410357
9911	0.0004012844157790759	30	5063.5	False	0.0004924416683405
9912	0.0003887361693094834	30	5109.5	False	0.000466215353174
9913	0.0003933252804323013	30	5024.5	False	0.0004476624236054
9914	0.0003993732335817158	30	4968.0	False	0.0004585803662091
9915	0.0007867302001188842	30	4899.5	False	0.0010136478070756
9916	0.0004639185363772667	30	4880.0	False	0.0006148170919151
9917	0.0007871094882049498	30	4876.5	False	0.0009357725805265
9918	0.0012562757602941617	30	4799.5	False	0.0012984261708045
9919	0.000613084608557253	30	4811.0	False	0.0007077870316923
9920	0.0006795720839376775	30	4673.5	False	0.0008045449733582
9921	0.0005326737460319022	30	4597.0	False	0.0006157855920492
9922	0.0006627347948210943	30	4527.0	False	0.0007152658161328
9923	0.0005841696896068869	30	4437.0	False	0.0005274575062403
9924	0.0003723825768349153	30	4388.0	False	0.000435824798431
9925	0.00044617186922153745	30	4403.5	False	0.000523709057174
9926	0.0005673165180427733	30	4258.5	False	0.0005173265797763
9927	0.0006098089828996066	30	4230.5	False	0.0008314425139091
9928	0.0003590207424185616	30	4104.0	False	0.000368991850093
9929	0.00037777897639662637	30	4100.5	False	0.0004266795475586
9930	0.004074691198135387	30	4032.0	False	0.0041112157569305
9931	0.0005108478351885245	30	4034.5	False	0.0005576787442386
9932	0.00043344205782828104	30	3937.5	False	0.0005642295319421
9933	0.000387737426229178	30	3738.5	False	0.000390368543393
9934	0.00038752181264998544	30	3521.0	False	0.0003965780975582
9935	0.00045242154513060976	30	3435.5	False	0.0005133569671257
9936	0.00025572891693139625	30	3434.5	False	0.0003484624096175
9937	0.00027935026318905295	30	3423.0	False	0.000407941256459
9938	0.00028401918198930887	30	3393.5	False	0.0003228678492109
9939	0.00036430994221462625	30	3330.0	False	0.0004181642589034
9940	0.0006464733827197634	30	3174.5	False	0.0007611619710966
9941	0.0002624529843473068	30	3126.0	False	0.0003290206858489
9942	0.0	30	3083.0	False	0.0002912118728159
9943	0.0002723895855850081	30	2940.0	False	0.0003251048182776
9944	0.00042468626561192847	30	2943.5	False	0.0005595720393043
9945	0.0004578432136925825	30	2926.0	False	0.0005062892374158
9946	0.0008389426469769536	30	2810.5	False	0.0012320853625934
9947	0.0003567456947196826	30	2782.0	False	0.0011812331581991
9948	0.0004660456475859549	30	2673.0	False	0.0004826953709513
9949	0.0005387494578034649	30	2543.5	False	0.0005868764437784
9950	0.0004111421013020057	30	2474.0	False	0.0018589028627104
9951	0.0003559801304812864	30	2462.5	False	0.000437034847102
9952	0.0003953999164385064	30	2430.0	False	0.0004836664531562
9953	0.00039993645498232654	30	2378.0	False	0.0005478427023343
9954	0.00047394046229635165	30	2398.5	False	0.0005399568034557
9955	0.0	30	2369.5	False	0.0001343165303353
9956	0.00035659701295167473	30	2341.5	False	0.0003400759049419
9957	0.00042454324676337557	30	2357.0	False	0.0004586908423722
9958	0.0	30	2371.0	False	0.0002964599981134
9959	0.0003464303414981129	30	2345.5	False	0.0004212013750186
9960	0.0004089672866029458	30	2332.5	False	0.0004544953724107
9961	0.00038233608738108186	30	2284.5	False	0.0003946941824896
9962	0.00037593613112900945	30	2265.5	False	0.0004543840965566
9963	0.0004461462271367309	30	2190.0	False	0.0004742848673484
9964	0.0	30	2171.5	False	0.0002680366316729
9965	0.0003911663873240363	30	2154.0	False	0.0004202248202788
9966	0.0004660876006170267	30	2149.5	False	0.0005118785944416
9967	0.0003888355030157982	30	2124.5	False	0.0004263093788063
9968	0.0	30	2139.5	False	0.0003170385579274
9969	0.0006305155228239477	30	2116.0	False	0.0007354856503685
9970	0.0005229136727992001	30	2094.0	False	0.0005995756848999
9971	0.0005878967914521673	30	2058.0	False	0.0006446642242802
9972	0.0004335689490209743	30	2007.0	False	0.0005010262957994
9973	0.0	30	1912.5	False	0.0003760362362191
9974	0.0	30	1911.5	False	0.0003613898019239
9975	0.0	30	1890.0	False	0.0003484745526457
9976	0.00039174892656367575	30	1864.0	False	0.0004778253636781
9977	0.00024962556165751375	30	1809.0	False	0.000404538182888
9978	0.0	30	1788.0	False	0.0003153052897099
9979	0.00024342745861733204	30	1692.0	False	0.0004135160680529
9980	0.0	30	1596.0	False	0.0001849682471175
9981	0.0016253579618103623	30	1582.5	False	0.0016996227666542
9982	0.0008765561560592617	30	1491.0	False	0.0012007160633978
9983	0.0009491433845876765	30	1378.5	False	0.0010301868711068
9984	0.0006093901790515349	30	1364.5	False	0.0006995031115828
9985	0.0	30	1202.0	False	0.0002466970012608
9986	0.0	30	1120.0	False	0.000501253132832
9987	0.0023162009129160215	30	940.5	False	0.0028248587570621
9988	0.0007129032438367914	30	932.0	False	0.0006665497281178
9989	0.0	30	899.5	False	0.0003568369968598
9990	0.0	30	884.0	False	0.0001079136690647
9991	0.0	30	846.5	False	0.0002635542168674
9992	0.0	30	461.0	False	0.0007638933095677
9993	0.0	30	448.5	False	0.0001298532658096
9994	0.0	30	440.0	False	0.0007185315827291
9995	0.0	30	455.0	False	0.0005096515257692
9996	0.0	30	451.0	False	0.0002588326646822
9997	0.0	30	443.5	False	0.0003944773175542
9998	0.0	30	433.5	False	0.0004045853000674
9999	0.0	30	416.0	False	0.000698372791396
10000	0.0	30	410.5	False	0.0002804065895548
10001	0.0	30	407.5	False	0.0005667729365922
10002	0.0	30	410.5	False	0.000350655726208
10003	0.0	30	409.0	False	0.0004204330460374
10004	0.0	30	408.5	False	0.0004260455868777
10005	0.0	30	407.0	False	0.0005693950177935
10006	0.0	30	409.5	False	0.0002133712660028
10007	0.0	30	403.5	False	0.0002887669650591
10008	0.0	29	403.0	False	0.0002240645305848
10009	0.0	29	397.0	False	0.0003006388575723
10010	0.0	29	396.0	False	0.0003795354486109
10011	0.0	29	401.0	False	0.0004539951573849
10012	0.0	30	411.0	False	0.0001439988480092
10013	0.0	30	430.5	False	0.0004111842105263
10014	0.0	30	462.5	False	0.0006882312456985
10015	0.0	30	471.0	False	0.0002421454083176
10016	0.0	30	473.0	False	0.0005394389834572
10017	0.0	30	473.0	False	0.0005389221556886
10018	0.0	30	470.5	False	0.0004816955684007
10019	0.0	30	494.5	False	0.0002886669360891
10020	0.0	30	503.0	False	0.0004543389368468
10021	0.0	30	503.5	False	0.0003383140682266
10022	0.0	30	508.0	False	0.0004495392222971
10023	0.0	30	513.5	False	0.0004443703827139
10024	0.0	30	511.0	False	0.0006672226855713
10025	0.0	30	513.0	False	0.0002794076557697
10026	0.0	30	505.5	False	0.0001695011017571
10027	0.0	30	499.5	False	0.0005698655117392
10028	0.0	30	499.0	False	0.0004556068113218
10029	0.0	30	495.5	False	0.0003428375521398
10030	0.0	30	505.5	False	0.000168104897456
10031	0.0	30	499.0	False	0.0003426613363792
10032	0.0	30	495.0	False	0.0003448077696684
10033	0.0	30	501.0	False	0.0002840263576459
10034	0.0	30	501.5	False	0.0004816665663194
10035	0.0	30	503.5	False	0.0005671184710486
10036	0.0	30	506.5	False	0.000508733254197
10037	0.0	30	504.0	False	0.0004519518671261
10038	0.0	30	498.0	False	0.0006855184233076
10039	0.0	30	492.0	False	0.0007495387453874
10040	0.0	30	507.0	False	0.0005637614161686
10041	0.0	30	485.0	False	0.0005909117768717
10042	0.0	30	481.5	False	0.0004778401624656
10043	0.0	30	479.5	False	0.0007209372183838
10044	0.0	30	475.5	False	0.0003004988280545
10045	0.0	30	471.5	False	0.0004215851602023
10046	0.0	30	471.0	False	0.0006649740055616
10047	0.0	30	472.0	False	0.0005437080891681
10048	0.0	30	474.5	False	0.0003601872973946
10049	0.0	30	479.5	False	0.0001797698945349
10050	0.0	30	474.0	False	0.0003005710850616
10051	0.0	30	473.5	False	0.0005441683294032
10052	0.0	30	474.0	False	0.0006036460219727
10053	0.0	30	479.0	False	0.0009565373348478
10054	0.0014499488800074356	30	476.0	False	0.0021577559338288
10055	0.0	30	465.5	False	0.0006790961847141
10056	0.0	30	461.5	False	0.0003716781267422
10057	0.0	30	440.0	False	0.0007126198497019
10058	0.0	30	457.5	False	0.0002483854942871
10059	0.0	30	468.0	False	0.0001835199119104
10060	0.0	30	472.5	False	0.0010383581724896
10061	0.0	30	469.5	False	0.0004906169508156
10062	0.0	30	464.5	False	0.0001248283610036
10063	0.0	30	450.0	False	0.0006360513929525
10064	0.0	30	485.5	False	0.0003020235578375
10065	0.0	30	477.5	False	0.0003079386586192
10066	0.0	30	487.0	False	0.0008423079237109
10067	0.0	30	514.0	False	0.0008128665157057
10068	0.0	30	513.5	False	0.0004627487274409
10069	0.0	30	515.0	False	0.0009769553473938
10070	0.0	30	571.0	False	0.0004166666666666
10071	0.0011352180750108373	30	589.0	False	0.0013834802213568
10072	0.0	30	599.0	False	0.0005082592121982
10073	0.0	30	640.5	False	0.0007731709674301
10074	0.0	30	694.0	False	0.0006340292559213
10075	0.011758008377086897	30	830.5	False	0.0156195087664492
10076	0.0	30	876.5	False	0.0003336917429832
10077	0.01019561560645618	30	938.5	False	0.0134787744042242
10078	0.00032362459546925567	30	1033.5	False	0.0005309181761399
10079	0.0007238555327922537	30	1079.0	False	0.0007190364911019
10080	0.0009177763302075917	30	1134.0	False	0.0011705255945413
10081	0.004766147916364465	30	1176.5	False	0.0049919125439232
10082	0.0007704822839491161	30	1251.0	False	0.0008880298795935
10083	0.0006830027683881415	30	1306.0	False	0.0008500425021251
10084	0.0005830492575510911	30	1389.0	False	0.0006836075621139
10085	0.0007019534996445899	30	1486.0	False	0.0007158817276612
10086	0.0007067734369068598	30	1470.0	False	0.0007062926258635
10087	0.0006985700663580563	30	1501.5	False	0.001006941468849
10088	0.0007513302749705168	30	1601.0	False	0.0008313731851731
10089	0.002493141918026115	30	1475.0	False	0.0024986537425955
10090	0.0015024943776355715	30	1597.0	False	0.0014408645187112
10091	0.0006883823228534407	30	1667.0	False	0.0007775294003304
10092	0.0008012039540168564	30	1753.5	False	0.0009381391072668
10093	0.0006586756532225417	30	1770.5	False	0.0008736221862859
10094	0.0008568788636546965	30	1905.5	False	0.000767874906197
10095	0.0006615979900377305	30	1941.5	False	0.0007520082037258
10096	0.0005764812896714738	30	1935.0	False	0.0008178286648947
10097	0.0006430396282730737	30	1951.5	False	0.0009619279060348
10098	0.0004483160517643276	30	1989.5	False	0.0006141078838174
10099	0.0004719917763396024	30	2006.0	False	0.0004247463774034
10100	0.00044589138817340186	30	2125.5	False	0.0004652749775117
10101	0.0012231201492124318	30	2156.5	False	0.0017006281599509
10102	0.0	30	2174.0	False	0.000318664643399
10103	0.0005674019075389144	30	2171.0	False	0.0006205727432342
10104	0.000436121844036514	30	2219.0	False	0.000504256518257
10105	0.0003923660981557411	30	2212.5	False	0.0003704966136609
10106	0.00039327330385727644	30	2196.0	False	0.0005205080158234
10107	0.00042213606368671783	30	2237.0	False	0.0003928815680339
10108	0.0	30	2253.0	False	0.0002598565014653
10109	0.00043438675343962616	30	2302.5	False	0.0005104789994611
10110	0.0005225788995950286	30	2339.0	False	0.0006276413239047
10111	0.0003658833725710634	30	2365.0	False	0.0003581020590868
10112	0.00041137732817742674	30	2431.5	False	0.0005909689204072
10113	0.00034124951470487883	30	2451.0	False	0.0004534542544678
10114	0.0004348229269859364	30	2476.0	False	0.0004504027130139
10115	0.000761092412543011	30	2471.0	False	0.0006692727742877
10116	0.00038880248833592535	30	2534.0	False	0.0006332058306626
10117	0.0003508070468972984	30	2578.5	False	0.0003680343160272
10118	0.0003308285381699237	30	2623.0	False	0.0003253904685622
10119	0.00045028865904990007	30	2620.5	False	0.0004762441879409
10120	0.00042665735756097594	30	2643.5	False	0.0007071258435887
10121	0.000427442678302312	30	2736.5	False	0.0006353468634243
10122	0.00045587740529231326	30	2781.0	False	0.000729308803463
10123	0.0003537860994475581	30	2827.0	False	0.0003690036900369
10124	0.00034883975375159254	30	2843.0	False	0.0004362801377726
10125	0.0003447179373105299	30	2842.5	False	0.0004700379469659
10126	0.00033822712868965754	30	2835.0	False	0.0003105232892466
10127	0.00037532132230103327	30	2823.0	False	0.0004054069706832
10128	0.0002528532601754359	30	2846.5	False	0.0003549062932899
10129	0.0005798844652426881	30	2808.0	False	0.0006465392830341
10130	0.000433333783745235	30	2806.0	False	0.0005324813631522
10131	0.00034930459348351113	30	2918.0	False	0.0003903070043379
10132	0.0003879048879475289	30	2987.5	False	0.0004789741245115
10133	0.00043703348012490487	30	2984.0	False	0.0005535475888118
10134	0.00040173354109855863	30	3006.5	False	0.000508564441607
10135	0.00033364414949124124	30	3000.5	False	0.0003778351127567
10136	0.00041939479862544693	30	3005.0	False	0.0004427263303386
10137	0.00046614194070752365	30	3060.0	False	0.000507947258143
10138	0.00029627746835673486	30	3080.0	False	0.0003894080996884
10139	0.00043318759265166724	30	3089.0	False	0.0005232807610595
10140	0.0003011184620152475	30	3114.5	False	0.0003531440204408
10141	0.0002815711726933918	30	3100.5	False	0.000249880265706
10142	0.0005997094483466153	30	3202.0	False	0.0005997519669831
10143	0.00030507362697797854	30	3188.0	False	0.0003667071790788
10144	0.000291817205430031	30	3231.5	False	0.0003932601264482
10145	0.00027683356300719646	30	3249.5	False	0.0003216823989464
10146	0.00011839924224484963	30	3252.5	False	0.0002727713569869
10147	0.0002800352706616068	30	3265.5	False	0.0003320086523466
10148	0.0003553115286915637	30	3257.5	False	0.0004643322196089
10149	0.000301952452717809	30	3232.5	False	0.0003449150393101
10150	0.0	30	3140.0	False	0.0002475681586086
10151	0.0003295009454843561	30	3129.5	False	0.0003321500487845
10152	0.00034848386456589117	30	3207.0	False	0.0003364428811744
10153	0.0	30	3168.5	False	0.0001645616489077
10154	0.00043578431875074275	30	3159.5	False	0.0004942186711695
10155	0.00038155826005939556	30	3131.0	False	0.0003738084854526
10156	0.00010002000400080016	30	3102.5	False	0.00017850767583
10157	0.0	30	3033.0	False	0.000256904303147
10158	0.0002994869214787039	30	2967.5	False	0.0004282749305425
10159	0.0003243924407575218	30	2939.0	False	0.0003841889770694
10160	0.0005273346113284626	30	2837.5	False	0.0006361034122404
10161	0.0011800141661686974	30	2615.0	False	0.0012602394454946
10162	0.0003846893775712552	30	2839.0	False	0.000555990514121
10163	0.00049422505584426	30	2779.0	False	0.0005432395570863
10164	0.0004378636156176965	30	2744.0	False	0.0004898758981058
10165	0.00037860726805965953	30	2749.0	False	0.0004422564389046
10166	0.0002925703703363654	30	2721.5	False	0.0003635723919544
10167	0.0003692125523545171	30	2709.0	False	0.0003887108933283
10168	0.0003075328526792807	30	2682.0	False	0.0003565358972225
10169	0.00029702205633421353	30	2682.5	False	0.0004153316720066
10170	0.0002995722430778438	30	2621.5	False	0.0003623713581678
10171	0.0004644690857315442	30	2571.0	False	0.0005641541367215
10172	0.00037297918653850855	30	2588.5	False	0.0004991295667311
10173	0.000875917187592307	30	2445.0	False	0.0010973726856282
10174	0.0005941313330882398	30	2594.5	False	0.0006138735420503
10175	0.0006659242819911594	30	2582.0	False	0.0007540927777372
10176	0.00042327429528527135	30	2564.0	False	0.0008246122503425
10177	0.0003974063177576587	30	2520.0	False	0.0004430932834443
10178	0.0005103469086519933	30	2585.5	False	0.0005051233944292
10179	0.00030023015695137905	30	2614.0	False	0.0003591825006285
10180	0.00030332417389863334	30	2612.0	False	0.0004812898568162
10181	0.00042482768772513163	30	2638.0	False	0.0006175771971496
10182	0.00042010584169616875	30	2599.0	False	0.0005669139376394
10183	0.001101979978649264	30	2517.0	False	0.0012405220319244
10184	0.00043631144054924356	30	2609.5	False	0.0004213872066844
10185	0.0	30	2610.0	False	0.0002419345083285
10186	0.0004069039779436031	30	2607.5	False	0.0005792134763668
10187	0.00042248181561158657	30	2569.5	False	0.0004769417030487
10188	0.0004604754183490711	30	2563.5	False	0.000540500700194
10189	0.00037286036632197116	30	2550.5	False	0.0004558053587927
10190	0.0003854426432091296	30	2523.5	False	0.0004254893127096
10191	0.0005081954093315881	30	2447.5	False	0.0006724340820628
10192	0.00038836269305019303	30	2575.0	False	0.0006261971415942
10193	0.0005294019887466345	30	2657.0	False	0.000702883011675
10194	0.0007386836929169228	30	2715.0	False	0.0008467400508044
10195	0.0005445751661872746	30	2750.0	False	0.0006745478242974
10196	0.0007346326634378975	30	2751.0	False	0.0007383394284791
10197	0.0008501156769061882	30	2619.5	False	0.0010617230930737
10198	0.000755588503649635	30	2693.0	False	0.0007788989201628
10199	0.00046451139413104965	30	2702.0	False	0.0005739855683628
10200	0.0006725836875148422	30	2750.5	False	0.0007463200679725
10201	0.0007502150032062927	30	2687.0	False	0.0008574516068408
10202	0.0005350098788665517	30	2730.5	False	0.0006782154886025
10203	0.0007460832484921084	30	2814.5	False	0.0008686627106789
10204	0.0007625922204545666	30	2721.0	False	0.0008997058653901
10205	0.00037735886664489317	30	2836.5	False	0.0005435747248846
10206	0.000418189678890068	30	2895.0	False	0.000438904494382
10207	0.00043975509856779846	30	2874.0	False	0.0004746241638888
10208	0.0005009596969924727	30	2865.0	False	0.0007801854863522
10209	0.0003926962355443373	30	2888.5	False	0.0005544924762981
10210	0.0003511985150377099	30	2897.0	False	0.000432203481399
10211	0.0005310855731160063	30	2912.5	False	0.0005875189608391
10212	0.0008601322743790526	30	2858.5	False	0.0008394749465788
10213	0.0003889539772063814	30	2869.0	False	0.0004666558142058
10214	0.00037608691021468127	30	2870.5	False	0.0004452843303358
10215	0.00036167732470226044	30	2877.0	False	0.0005024302331931
10216	0.0004985412274365731	30	2894.0	False	0.0005687915861772
10217	0.00032219498176659905	30	2936.0	False	0.000394225134516
10218	0.0003591352841179164	30	2945.0	False	0.0003822183528512
10219	0.00038000640755485077	30	2949.0	False	0.0004263755942609
10220	0.000318839041634798	30	2958.5	False	0.0003408134791731
10221	0.0003395115874250118	30	2968.5	False	0.0002963998009887
10222	0.0003391559806939326	30	2979.0	False	0.0003278445805175
10223	0.00040972207885026714	30	3025.0	False	0.0004893233802875
10224	0.00024362110336798904	30	3055.0	False	0.0002797695527831
10225	0.0002971649677626911	30	3044.5	False	0.0002909937436345
10226	0.00033422459893048126	30	3047.0	False	0.0004449088971432
10227	0.00021311146265839997	30	2963.0	False	0.0003182179793158
10228	0.00038169362414308325	30	2952.5	False	0.0003728918294073
10229	0.0003561287869184941	30	2948.5	False	0.0004362305425218
10230	0.0003476206312574713	30	2953.5	False	0.0004028624436787
10231	0.0004179572073235245	30	2929.0	False	0.000492368291482
10232	0.00034422164272849545	30	2949.5	False	0.0003936212087362
10233	0.0003613896089075822	30	2982.5	False	0.0005684390033369
10234	0.00030208864912152807	30	2990.5	False	0.0003773426690704
10235	0.0003265905776141363	30	2976.5	False	0.0003357148102686
10236	0.0005245802128972017	30	3035.5	False	0.0005175501247295
10237	0.0002617698000314911	30	3100.5	False	0.0013918379372352
10238	0.0003288409400374063	30	3139.5	False	0.000349768940518
10239	0.00047999224180506105	30	3073.5	False	0.0005946156527444
10240	0.0	30	3236.5	False	0.0002650436831255
10241	0.0003369526602199981	30	3250.5	False	0.0003921107320707
10242	0.0006522156188891342	30	3241.0	False	0.0007850603024444
10243	0.00040080186033651	30	3237.5	False	0.0004811091037624
10244	0.00030440909767383105	30	3247.5	False	0.0003704028618494
10245	0.00036748839038602387	30	3282.5	False	0.0004164487574331
10246	0.00034538624571890436	30	3311.0	False	0.0004136524549792
10247	0.0003821584564829473	30	3281.0	False	0.0004251002367035
10248	0.00030467012058459173	30	3271.0	False	0.0003383538601341
10249	0.0002634785578575085	30	3227.0	False	0.0002823373639425
10250	0.00038201899738610906	30	3264.5	False	0.0004421078935481
10251	0.0002919303786693252	30	3294.5	False	0.0003050931487519
10252	0.0002942464819982321	30	3294.0	False	0.0003897227265382
10253	0.0003130885420082189	30	3245.5	False	0.0004798694755026
10254	0.00031333241192139515	30	3202.0	False	0.0003589758515974
10255	0.0002886932264434995	30	3181.5	False	0.0003133721784262
10256	0.00031847598893894346	30	3181.5	False	0.000439526093199
10257	0.00011086474501108647	30	3241.0	False	0.0002488848046254
10258	0.0002679830827325548	30	3260.0	False	0.0003421988175129
10259	0.0002878814377295019	30	3299.0	False	0.0002814206112455
10260	0.0003378949243261511	30	3270.5	False	0.0003872783775869
10261	0.0002995357801029646	30	3338.5	False	0.0002890577649307
10262	0.00030295451781727737	30	3315.0	False	0.0003277982261433
10263	0.00025405125659657893	30	3269.0	False	0.0002669030665255
10264	0.00013517166801838335	30	3302.5	False	0.000235751197616
10265	0.00032097875080489376	30	3242.5	False	0.0004040131977644
10266	0.0004928563491105741	30	3131.0	False	0.0005881590621355
10267	0.00037713881236282475	30	3331.5	False	0.0004699159790229
10268	0.00031719242266121624	30	3281.5	False	0.0003795246453816
10269	0.0005299537617449212	30	3228.5	False	0.0005486202681501
10270	0.0012692083262729292	30	3033.5	False	0.0013175230566534
10271	0.0006235186329890147	30	3227.0	False	0.0007037229837854
10272	0.0004347242624954247	30	3177.0	False	0.000460004110675
10273	0.0005697221141893305	30	3264.5	False	0.0006540780343533
10274	0.00033582344122046675	30	3251.0	False	0.000438604855165
10275	0.00032348179628818895	30	3146.5	False	0.0004037698314999
10276	0.0004164977517621359	30	2740.0	False	0.0004807316064261
10277	0.024451219512195123	30	2402.5	False	0.0312225721513759
10278	0.0003212362218244979	30	3183.5	False	0.0003819410439721
10279	0.0003096319045327658	30	3176.0	False	0.0003367270134294
10280	0.0003699390585598207	30	3140.5	False	0.0004190822099601
10281	0.0003782542707038777	30	3055.5	False	0.0004501232723961
10282	0.0004757921911695685	30	2693.0	False	0.0006042928031051
10283	0.003858944611638218	30	2386.0	False	0.0044608784904071
10284	0.00026457957597506655	30	3067.0	False	0.0003260116549166
10285	0.0	30	2965.5	False	0.0002529164427302
10286	0.00011748120300751879	30	2951.0	False	0.0003277128812305
10287	0.0013327223431473631	30	2715.5	False	0.0012096117611482
10288	0.0003581739820678791	30	2941.0	False	0.0004679059083755
10289	0.0004078318309550746	30	2739.0	False	0.0004751034219034
10290	0.001007409772889649	30	2740.5	False	0.0017475927766165
10291	0.0003250105815559921	30	2996.5	False	0.000313741895001
10292	0.0	30	2969.5	False	0.0002524800908928
10293	0.0003398050237338164	30	2710.5	False	0.0004024700159838
10294	0.0007490141713220979	30	2391.5	False	0.0007763770824012
10295	0.0008096140397331896	30	2660.0	False	0.0008030895326727
10296	0.001342122922670035	30	2480.5	False	0.0019319496167876
10297	0.0002814032589780098	30	2989.0	False	0.0003124934897189
10298	0.00030487753938531414	30	2917.5	False	0.0003401469009428
10299	0.00030621812181218125	30	2653.0	False	0.0003394155030957
10300	0.0003865777226650332	30	2551.5	False	0.0004123711340206
10301	0.0	30	2784.5	False	0.0002338425905304
10302	0.00043320954130644064	30	2308.5	False	0.0006281994733817
10303	0.0004009271873153678	30	2553.5	False	0.0004358828443777
10304	0.00205671143483333	30	1953.5	False	0.0020554493307839
10305	0.00012007684918347742	30	2722.0	False	0.0002642159678345
10306	0.0267177245670887	30	1913.0	False	0.0676098843152207
10307	0.0003195510295271482	30	3129.5	False	0.0004165312093628
10308	0.00036804247636011467	30	3099.0	False	0.0004202412799934
10309	0.0011906609931732364	30	3068.0	False	0.0013196450466551
10310	0.0006849447717886782	30	3095.0	False	0.0008943624326658
10311	0.0008469461194599043	30	3045.5	False	0.0010244616349571
10312	0.0004077469765067277	30	3000.0	False	0.0007713684922387
10313	0.0013261783564879914	30	2865.0	False	0.0013439527633651
10314	0.00041237457011013886	30	2879.5	False	0.0004267285240663
10315	0.0003797806892639374	30	2823.0	False	0.0005356066861567
10316	0.00031937960626039015	30	2826.5	False	0.0003674505611972
10317	0.0003122736661717988	30	2820.0	False	0.0003345563225569
10318	0.00039330506355471503	30	2806.5	False	0.0005261625954369
10319	0.00012843565373747752	30	2792.0	False	0.0003151733453399
10320	0.0002473883948345645	30	2803.5	False	0.0002571757628615
10321	0.0002573697979075779	30	2755.5	False	0.0002953941239291
10322	0.0002784809189685289	30	2760.0	False	0.0003628405882553
10323	0.0	30	2762.0	False	0.000215980266224
10324	0.0002660535338298252	30	2763.0	False	0.0002501847955876
10325	0.0003750937206793184	30	2745.5	False	0.0003431551976573
10326	0.0004442981183235834	30	2676.5	False	0.0005133889504696
10327	0.0	30	2693.5	False	0.0002319082570934
10328	0.000324656890231525	30	2685.5	False	0.0003370799576906
10329	0.0017562766749635759	30	2698.5	False	0.0017408258477821
10330	0.00033271802907865937	30	2750.5	False	0.0003097218239174
10331	0.0	30	2724.5	False	0.0002194679634528
10332	0.0	30	2608.0	False	0.0002890243021267
10333	0.00045486160215488616	30	2525.5	False	0.0005953193019881
10334	0.00037587370530626726	30	2573.5	False	0.0004152570318892
10335	0.0005337070988159546	30	2553.0	False	0.0009108925516069
10336	0.0	30	2549.5	False	0.0003329592679828
10337	0.0009191333704337689	30	2555.0	False	0.001064725399891
10338	0.0003631155060767154	30	2544.5	False	0.0004224704581319
10339	0.0003619326470056752	30	2532.5	False	0.0004495504495504
10340	0.00043659191074578397	30	2514.5	False	0.0005161452760118
10341	0.00039349341691548203	30	2478.0	False	0.0003712332625003
10342	0.00042635754267555004	30	2422.5	False	0.0005364596281418
10343	0.0003114517751152502	30	2402.0	False	0.0003575590634601
10344	0.0003124616195987487	30	2317.5	False	0.0003032015325459
10345	0.0011049525584743325	30	2275.5	False	0.0078073253568962
10346	0.0004445123752561228	30	2289.5	False	0.0004215673875468
10347	0.000307034590338275	30	2251.0	False	0.0003296734799185
10348	0.0010542950139157507	30	2169.5	False	0.0012684295350086
10349	0.0	30	2204.0	False	0.000176460208223
10350	0.0004639229002275544	30	2194.5	False	0.0005162165749767
10351	0.001667030247619471	30	2127.0	False	0.0018091155097448
10352	0.0004039592081975244	30	2157.0	False	0.000496345095208
10353	0.000512006426328677	30	2132.5	False	0.0006073858114674
10354	0.00050623195475472	30	2070.5	False	0.0004563407764087
10355	0.0	30	2053.5	False	0.0002055498458376
10356	0.0004165650241231637	30	2036.5	False	0.0003978041212506
10357	0.000494937939852976	30	1998.0	False	0.0004370700121408
10358	0.000707184330594431	30	2005.0	False	0.0008878557476552
10359	0.0003529816047261173	30	1980.5	False	0.000358189514816
10360	0.0004142848559169505	30	1966.5	False	0.000505421048341
10361	0.0014732656501198612	30	1876.0	False	0.0016714992324748
10362	0.00016818028927009755	30	1922.5	False	0.0004018081366147
10363	0.0027314607351125912	30	1920.5	False	0.0026707876303898
10364	0.0	30	1931.0	False	0.0003674812501043
10365	0.0004599970651531766	30	1856.5	False	0.0004686849048743
10366	0.0005236146807629837	30	1777.5	False	0.0005609438332368
10367	0.0	30	1632.0	False	0.0003902058335772
10368	0.001746461542210215	30	1593.0	False	0.0021328761935136
10369	0.0	30	1591.0	False	0.0004788029925187
10370	0.00048809921682586865	30	1592.5	False	0.0005956635692161
10371	0.0006105916401878146	30	1575.5	False	0.000563414290601
10372	0.0	30	1535.5	False	0.0003705152220003
10373	0.0	30	1520.0	False	0.0004996668887408
10374	0.000615204087022797	30	1471.5	False	0.0005958714620131
10375	0.00047613087578259424	30	1460.0	False	0.0004480191154822
10376	0.00046291543591203547	30	1399.5	False	0.000512808559241
10377	0.0	30	1411.5	False	0.0001971608832807
10378	0.00021579628830384117	30	1322.0	False	0.0004339881224303
10379	0.0002192982456140351	30	1316.5	False	0.0005071929177425
10380	0.0	30	1321.0	False	0.000319941496412
10381	0.0	30	1326.5	False	0.000296993511834
10382	0.00021862702229995628	30	1323.0	False	0.0003910743041177
10383	0.0	30	1321.0	False	0.0003006545017229
10384	0.0	30	1309.0	False	0.0004232207096
10385	0.0	30	1282.0	False	0.000335297217033
10386	0.0	30	1240.0	False	0.0005438678895453
10387	0.0	30	1201.5	False	0.0005341608587271
10388	0.0	30	1177.5	False	0.000234472696957
10389	0.0	30	1173.0	False	0.000314795383001
10390	0.0	30	1167.5	False	0.0003159724050766
10391	0.0	30	1145.0	False	0.0002927322564334
10392	0.0	30	1159.0	False	0.0005830131177951
10393	0.00028968713789107763	30	1138.5	False	0.0005408328826392
10394	0.0	30	1143.0	False	0.0004565842129293
10395	0.0009110072723082802	30	1076.0	False	0.00108006707785
10396	0.0	30	1070.0	False	0.0004002859185132
10397	0.0	30	1057.5	False	0.0004917843091876
10399	0.0	30	1016.0	False	0.0003139126067302
10400	0.0	30	985.5	False	0.0005138086062941
10401	0.001113341511467975	30	970.5	False	0.0009801679354396
10402	0.0	30	926.0	False	0.0003068112088361
10403	0.0	30	882.0	False	0.0003932503932503
10404	0.0	30	825.0	False	0.0002334993773349
10405	0.0	30	614.0	False	0.0003551316523768
10406	0.0	30	605.5	False	0.0005120065536838
10407	0.0	30	604.5	False	0.0006180151413709
10408	0.0	30	597.5	False	0.0003131197161047
10409	0.0	30	595.0	False	0.0003654779930037
10410	0.0	30	590.5	False	0.0004187823902004
10411	0.0	30	594.5	False	0.0003650396328744
10412	0.0	30	598.0	False	0.000417863671977
10413	0.0	30	597.5	False	0.0010964339790111
10414	0.0	30	598.5	False	0.0003644884144753
10415	0.0	30	591.0	False	0.000314696318053
10416	0.0	30	593.0	False	0.0005217028380634
10417	0.0	30	590.0	False	0.0003644694366343
10418	0.0	30	584.0	False	0.0001582195031907
10419	0.0	30	583.0	False	0.0003686733027861
10420	0.0	30	578.5	False	0.0005828123344283
10421	0.0	30	585.0	False	0.0004241331778178
10422	0.0	30	564.5	False	0.0002174267543621
10423	0.0	30	565.5	False	0.0004884667571234
10424	0.0	30	565.0	False	0.0005455835015549
10425	0.0	30	558.5	False	0.0004992234302196
10426	0.0	30	555.5	False	0.0005035528450735
10427	0.0	30	501.5	False	0.0003619691119691
10428	0.0	30	504.0	False	0.0005403133817614
10429	0.0	30	509.0	False	0.0001798884691491
10430	0.0	30	503.5	False	0.0004309814062307
10431	0.0	30	489.5	False	0.0005080655404547
10432	0.0	30	488.5	False	0.0003794586390083
10433	0.0	30	502.0	False	0.0003037851631326
10434	0.0	30	507.5	False	0.0005388898868331
10435	0.0	30	501.0	False	0.0009724079251245
10436	0.0	30	500.5	False	0.0003659429129055
10437	0.0	30	490.5	False	0.0008677865245149
10438	0.002210552027357108	30	452.5	False	0.0028013072767291
10439	0.0	30	457.0	False	0.0002646552864893
10440	0.0	30	421.5	False	0.0004954349210842
10441	0.0	30	424.5	False	0.0005645730416372
10442	0.0	30	423.5	False	0.0004919530536228
10443	0.0	30	422.0	False	0.0001414027149321
10444	0.0	30	418.0	False	7.109341674960899e-05
10445	0.0	30	400.0	False	0.0002948330507849
10446	0.0	30	397.5	False	0.0002945508100147
10447	0.0	30	401.0	False	0.0002961208172934
10448	0.0	30	399.5	False	0.0004505519261094
10449	0.0	30	357.0	False	0.0003238341968911
10450	0.0	30	341.5	False	0.0009241367722422
10451	0.0	30	352.5	False	0.0004937052579609
10452	0.0	30	342.0	False	0.00067521944632
10453	0.0	30	331.0	False	0.0006104473707159
10454	0.0	30	321.5	False	0.0004481089801039
10455	0.0	30	316.0	False	0.0004525706010137
10456	0.0	30	316.5	False	0.0003595182455509
10457	0.0	30	312.5	False	0.0005463485703879
10458	0.0	30	312.0	False	0.0002766251728907
10459	0.0	30	302.5	False	0.0010354890332297
10460	0.0	30	292.0	False	0.0006799417192812
10461	0.0	30	287.5	False	0.0006794137629816
10462	0.0	30	287.5	False	0.0001966181675186
10463	0.0007911392405063291	30	284.0	False	0.001530556466601
10464	0.0	30	289.5	False	0.0016647081864473
10465	0.0	30	290.5	False	0.0014976038338658
10466	0.0	30	297.0	False	0.0015524936929943
10467	0.0	30	287.5	False	0.0012262415695892
10468	0.006629318394024277	30	285.0	False	0.0075917334458034
10469	0.008889180672268907	30	287.5	False	0.0100158144438587
10470	0.006495971653941874	30	286.0	False	0.0086656922113176
10471	0.0	30	301.0	False	0.0021914533320051
10472	0.0	30	303.0	False	0.0010964912280701
10473	0.0	30	305.0	False	0.0018772848532753
10474	0.0	30	327.0	False	0.002063983488132
10475	0.003376916243365755	30	341.0	False	0.0037043729671123
10476	0.002831288735544055	30	371.5	False	0.0027591973244147
10477	0.005902221603175708	30	360.0	False	0.0061043762359212
10478	0.0034968882585251935	30	389.5	False	0.0031897926634768
10479	0.005362893949850471	30	409.5	False	0.0047529234251225
10480	0.0	30	525.0	False	0.0009929254064788
10481	0.0	30	533.0	False	0.0009142996464708
10482	0.0	30	540.5	False	0.0007224998494791
10483	0.0	30	542.5	False	0.001081081081081
10484	0.0	30	636.5	False	0.0008105780434672
10485	0.0	30	674.0	False	0.0003815519626079
10486	0.0010114008766151919	30	734.5	False	0.0008846034764916
10487	0.0	30	852.5	False	0.0008129451842675
10488	0.0	30	854.5	False	0.0004222972972972
10489	0.0	30	939.0	False	0.0005951964148168
10490	0.0009545817647557118	30	1010.0	False	0.0012348086046662
10491	0.0	30	1126.0	False	0.000403609421397
10492	0.0	30	1200.0	False	0.0004347944237615
10493	0.0	30	1281.5	False	0.0018454913620751
10494	0.0002679528403001072	30	1334.5	False	0.0004930601779947
10495	0.0	30	1358.5	False	0.0003893322951138
10496	0.0	30	1384.0	False	0.0004547195098602
10497	0.00022768670309653916	30	1633.0	False	0.000470145745181
10498	0.0	30	1742.0	False	0.0004060717393406
10499	0.0	30	1793.5	False	0.0004519263360072
10500	0.00045269361925372154	30	1886.0	False	0.0005929066800819
10501	0.0005640367382488643	30	1933.0	False	0.00064791790705
10502	0.0004432711208078852	30	2068.5	False	0.0004445029798162
10503	0.00046523957133042285	30	2118.0	False	0.0004507622711979
10504	0.0	30	2219.0	False	0.0002148260676088
10505	0.0	30	2298.5	False	0.0002672526428316
10506	0.00034371924865531415	30	2310.5	False	0.0004279747937604
10507	0.00048778931094884304	30	2349.0	False	0.0005948753663561
10508	0.0005125931199895827	30	2341.0	False	0.0005222235116629
10509	0.00039393784208655925	30	2389.0	False	0.0004561848689181
10510	0.0	30	2481.5	False	0.0003441582577332
10511	0.00039880175021176403	30	2651.5	False	0.0004623267879846
10512	0.00048206527277274965	30	2657.5	False	0.0005500690784424
10513	0.0005190829256843362	30	2693.0	False	0.0004815673750776
10514	0.00038264043716615046	30	2678.5	False	0.0003933361247509
10515	0.0003753065343762193	30	2722.5	False	0.0004741997878579
10516	0.00033597197091892535	30	2743.5	False	0.0003723655139885
10517	0.0002828307147610332	30	2776.0	False	0.0002692712540696
10518	0.0	30	2796.0	False	0.0002665568129498
10519	0.00028969332557257817	30	2845.0	False	0.0003217158176943
10520	0.00037677637041970175	30	2867.0	False	0.0004369029485044
10521	0.00025099718545507684	30	2941.0	False	0.0002766474934584
10522	0.00033896947117680954	30	2948.0	False	0.0004130098089829
10523	0.0004633921281581077	30	2952.5	False	0.0005259126299061
10524	0.00031080115161618514	30	2973.0	False	0.0006019238850211
10525	0.0	30	2999.0	False	0.0002819061365327
10526	0.0007294520234663125	30	3000.0	False	0.0007437038706405
10527	0.0004092907322924029	30	3161.0	False	0.000474639166361
10528	0.0003086661851125135	30	3166.0	False	0.0003322615219721
10529	0.0003434668671504182	30	3192.5	False	0.0004565822166535
10530	0.0002694025273168291	30	3232.5	False	0.0002832593711641
10531	0.000355722016566266	30	3178.0	False	0.0004763820372213
10532	0.0003769496194874223	30	3287.5	False	0.0003721968921559
10533	0.0	30	3368.0	False	0.0002324218355261
10534	0.00025759917568263783	30	3500.5	False	0.0002830124232694
10535	0.00036165401313138545	30	3505.0	False	0.0004084728949057
10536	0.0005215829515487593	30	3575.0	False	0.0006773645747867
10537	0.0006112763522542553	30	3631.5	False	0.0006950314642622
10538	0.0003167317778958341	30	3782.0	False	0.0003980387545005
10539	0.0003522045640816997	30	3785.5	False	0.000694256604454
10540	0.00044955370918064406	30	3827.0	False	0.0004718618958164
10541	0.0004932273783658278	30	3814.0	False	0.000624186328536
10542	0.0005083842411471204	30	3859.5	False	0.0005042150609923
10543	0.0004106836595197678	30	3856.0	False	0.0004604500013282
10544	0.0005358423108599191	30	3896.0	False	0.0005525734133249
10545	0.0004479771231747323	30	4020.0	False	0.0004676353804426
10546	0.00043160127884062885	30	4021.0	False	0.0004750432628685
10547	0.0005052138270980272	30	4072.5	False	0.0005377066810055
10548	0.00038729620454219067	30	4069.0	False	0.0003682131619468
10549	0.0003310571330824495	30	4063.0	False	0.0003512557392678
10550	0.0004249640012999005	30	4113.5	False	0.0006093845216331
10551	0.0003385730871673458	30	4110.0	False	0.0003416325034163
10552	0.00045054438582341097	30	4170.0	False	0.0004850099057107
10553	0.0004980172959811119	30	4210.0	False	0.0005035614791712
10554	0.00038815935511483344	30	4240.5	False	0.0004456400200943
10555	0.0005923786731980962	30	4271.0	False	0.0006009904322323
10556	0.0003304304961316315	30	4306.5	False	0.0004157472256867
10557	0.00037288358861998475	30	4338.5	False	0.000396608206617
10558	0.00034288736422402003	30	4324.0	False	0.0004289186484296
10559	0.00023970098644783186	30	4232.5	False	0.0003621555498326
10560	0.0004972847449358857	30	4223.0	False	0.0005482721364875
10561	0.00021199024934679382	30	4215.5	False	0.0002590484825425
10562	0.0002687499034662703	30	4138.0	False	0.000311610781733
10563	0.00021141370316541799	30	4145.5	False	0.0002551209355531
10564	0.000496812949862676	30	4085.0	False	0.0006639389840073
10565	0.0004383594547528974	30	4070.0	False	0.0004915028323892
10566	0.00040161030556920823	30	4038.0	False	0.0004112152669961
10567	0.00010617965597791463	30	3999.5	False	0.0003062526584432
10568	0.0003222454569246755	30	3957.0	False	0.0003510784960139
10569	0.00026504749297162443	30	3954.5	False	0.0003176620076238
10570	0.0003082142591154284	30	3986.5	False	0.000375593266637
10571	0.0	30	4014.0	False	0.0002206980850196
10572	0.00021295358616191674	30	3890.0	False	0.0002777681330509
10573	0.00031238276501617367	30	3904.5	False	0.000357223761479
10574	0.0004186515049726529	30	3913.0	False	0.0005489765508587
10575	0.00040096250242934687	30	3933.0	False	0.0004325371765703
10576	0.00024487903578282975	30	3967.0	False	0.0003346346904629
10577	0.00026749382448116064	30	3927.0	False	0.0004056059926127
10578	0.001302528284111371	30	3968.5	False	0.0013718832527351
10579	0.000247835514580575	30	3925.5	False	0.0002843503886121
10580	0.00045449428280172155	30	3891.0	False	0.0005134140292558
10581	0.0012687675490986679	30	3963.0	False	0.0014435842133754
10582	0.0002823018715378445	30	4044.5	False	0.0003198653198653
10583	0.00010706638115631691	30	4120.5	False	0.0001902556042683
10584	0.00025341503994832915	30	4177.5	False	0.0003273697477616
10585	0.0005322469436228089	30	4217.5	False	0.0005191223587622
10586	0.00037704331089987103	30	4148.0	False	0.0005001475845331
10587	0.00041006905700758343	30	4165.0	False	0.0003873413548706
10588	0.00024461655211758816	30	4159.0	False	0.0003047901478644
10589	0.0003618545068018306	30	4251.0	False	0.0004350453172205
10590	0.0003412879071482642	30	4222.0	False	0.0003811222834901
10591	0.00022926601877758837	30	4218.5	False	0.0003237241223029
10592	0.0003949264237690355	30	4224.5	False	0.0004298737955422
10593	0.0003777728606436148	30	4234.0	False	0.0003874686190779
10594	0.00024425536861568336	30	4233.0	False	0.0003065406085637
10595	0.00042101604497633534	30	4263.5	False	0.0004163564010793
10596	0.00023758541112693828	30	4242.5	False	0.0003136334027615
10597	0.00035000623512726156	30	4269.5	False	0.000376726328361
10598	0.0002516060817960009	30	4299.5	False	0.0002942907592701
10599	0.000348199794339763	30	4317.5	False	0.0004489214072504
10600	0.0003458848552665634	30	4363.0	False	0.0004280288880587
10601	0.00034093423244118965	30	4396.0	False	0.0004020660006804
10602	0.00035005609841955247	30	4253.5	False	0.0003824396462433
10603	0.00034480505897174085	30	4445.0	False	0.0003834973423634
10604	0.000886891061838338	30	4438.5	False	0.0008450552742972
10605	0.0004353532134869345	30	4531.5	False	0.0004387258795319
10606	0.0003531188279744374	30	4535.0	False	0.0004231620786325
10607	0.0004433994150527215	30	4590.0	False	0.0004866216479254
10608	0.00038386139443489375	30	4597.0	False	0.0004183256515795
10609	0.00028575018625879553	30	4524.5	False	0.0003332121652732
10610	0.0005896998437354799	30	4505.5	False	0.0005636291624775
10611	0.0026208753577739857	30	4390.5	False	0.0024345709068776
10612	0.0004178425290034434	30	4443.5	False	0.0006171696599395
10613	0.00025872478010232887	30	4434.0	False	0.0003399993818193
10614	0.0003285514591192932	30	4427.0	False	0.000409389700373
10615	0.0005369890980183524	30	4405.5	False	0.0006295662987719
10616	0.0004084991855041766	30	4499.0	False	0.0005562710030404
10617	0.00041146312044878174	30	4507.0	False	0.0005320280910832
10618	0.00036193578216707945	30	4453.0	False	0.0005077235522185
10619	0.000584989330031832	30	4535.5	False	0.0005083335900674
10620	0.0006787747269581723	30	4279.0	False	0.0006708622176788
10621	0.0005539561827315808	30	4628.0	False	0.0007147111375818
10622	0.00045880219190381317	30	4675.5	False	0.0005812883999852
10623	0.00047616878617013226	30	4649.0	False	0.0005685090296953
10624	0.000796790158562511	30	4274.0	False	0.000818833162743
10625	0.00041898561248692975	30	4707.0	False	0.000452812550211
10626	0.0005324299072462457	30	4612.0	False	0.000616880221185
10627	0.0006386915094514717	30	4766.0	False	0.0006442319524571
10628	0.000468422723037943	30	4727.5	False	0.0005103938052774
10629	0.0004066578040462059	30	4799.5	False	0.0005033870758963
10630	0.000525019113916188	30	4722.0	False	0.000562935452505
10631	0.0003546005333911909	30	4796.0	False	0.0004740051278736
10632	0.000316769310017481	30	4763.5	False	0.000304096615839
10633	0.0005513316460210705	30	4748.0	False	0.000601597495035
10634	0.00033621382273818766	30	4799.5	False	0.0004728403375793
10635	0.00035428294925543796	30	4815.5	False	0.0004488842021261
10636	0.0005820179805973691	30	4898.5	False	0.0005627264094538
10637	0.00037947368165531365	30	5022.0	False	0.0004047138878599
10638	0.00029408360162428614	30	5025.5	False	0.0003562766351042
10639	0.00021896892105899974	30	5014.0	False	0.000309040463698
10640	0.00041235363142140606	30	4998.5	False	0.000511448851659
10641	0.0002512578488834544	30	4991.0	False	0.0002899090927916
10642	0.00022881588537678734	30	5024.5	False	0.0003085911784068
10643	0.0003256096114917801	30	5043.0	False	0.0003556017533901
10644	0.00035120757116476726	30	5071.5	False	0.0004261680725703
10645	0.0004471914706236639	30	5022.0	False	0.0004921024393244
10646	0.0003917054341380799	30	5064.5	False	0.0004617244048508
10647	0.00044762826906230053	30	5069.5	False	0.000557485603954
10648	0.00029630197943839194	30	4999.0	False	0.0003444664902998
10649	0.0002945021483334655	30	4990.0	False	0.0003666196286765
10650	0.0005252981608358433	30	4957.0	False	0.0004945116175405
10651	0.0003288744562650517	30	4951.0	False	0.0004737223429749
10652	0.0004937674636943695	30	4956.0	False	0.0004953603572176
10653	0.0006789020083025898	30	4971.0	False	0.0007018031476913
10654	0.0003716875158855577	30	4999.5	False	0.0004424901131115
10655	0.0004671623417759474	30	4949.5	False	0.0005147969334798
10656	0.0002622955747955748	30	4963.5	False	0.000306182805052
10657	0.00026196590906608236	30	4884.0	False	0.000359879757822
10658	0.00038306078293911904	30	4782.0	False	0.0005269806894062
10659	0.0002574649082315181	30	4880.5	False	0.0003306296736614
10660	0.000355124013159552	30	4840.0	False	0.0004051748649417
10661	0.00032285743371969575	30	4793.0	False	0.0003365701354873
10662	0.0003739283980935383	30	4849.0	False	0.0004087558318181
10663	0.0003119444317542275	30	4743.5	False	0.0003654028028544
10664	0.0004097342518363346	30	4882.0	False	0.0004191554018652
10665	0.0005277867021929676	30	4946.5	False	0.000579690141817
10666	0.00020333107474217172	30	4987.5	False	0.0003431567677377
10667	0.0008659940311080238	30	4995.5	False	0.0009415451402614
10668	0.00038056322273562264	30	5007.0	False	0.000451699004209
10669	0.0008469881322757807	30	5041.5	False	0.0008184087406053
10670	0.0003845595018160432	30	5054.0	False	0.0005252279966985
10671	0.0006099693792065571	30	4933.5	False	0.0049059065171533
10672	0.00047239886828264556	30	4993.0	False	0.000585944231896
10673	0.0003488563189601204	30	5045.0	False	0.0004919276046541
10674	0.0003429986009584793	30	5036.5	False	0.0005333296866346
10675	0.00021293129752303298	30	5138.5	False	0.0003834510595358
10676	0.000746026028244987	30	5168.0	False	0.0007230948459406
10677	0.0004838078768039857	30	5224.5	False	0.0005255654756039
10678	0.0003208515962926675	30	5237.0	False	0.0003962828667102
10679	0.00043750366792460533	30	5179.0	False	0.0004646130768669
10680	0.00025792290313135237	30	5236.0	False	0.0003578030890333
10681	0.00037134128506613126	30	5299.5	False	0.0004619298257028
10682	0.00032999685572115034	30	5306.0	False	0.0003705581776338
10683	0.00032435359138598585	30	5322.5	False	0.0004219847566121
10684	0.00030155209232297594	30	5301.5	False	0.0004741060178991
10685	0.0003200115245044863	30	5321.5	False	0.0004006047839964
10686	0.000309888558736485	30	5366.5	False	0.0003140260705725
10687	0.0008361037235591897	30	5253.5	False	0.0007862768480782
10688	0.0005093477251530867	30	5345.0	False	0.0004728749164315
10689	0.00025892127296376743	30	5296.0	False	0.0003640405905258
10690	0.0003075439968494355	30	5305.0	False	0.0003961013240173
10691	0.00036980248369699925	30	5364.5	False	0.0006340585511441
10692	0.0004014455257356674	30	5419.0	False	0.0004246257589393
10693	0.0006610880297457386	30	5425.0	False	0.0007472137791286
10694	0.0004910967299123123	30	5473.5	False	0.0005941019580083
10695	0.0008083516450083648	30	5430.5	False	0.0007881661580367
10696	0.000560659796475727	30	5419.0	False	0.000569580598819
10697	0.000294776249652451	30	5370.5	False	0.0003899582552884
10698	0.0003906302319946327	30	5421.5	False	0.0004885724800446
10699	0.000629590755618745	30	5394.0	False	0.0008218797021002
10700	0.0005569457029794224	30	5368.0	False	0.0006382598483494
10701	0.0003742451383023136	30	5418.0	False	0.0004875091407963
10702	0.0003043486292765832	30	5431.0	False	0.0003323154865286
10703	0.00037007488864203536	30	5459.0	False	0.0003750187509375
10704	0.0013348458304626193	30	5525.5	False	0.0013044949696951
10705	0.0007499918677839472	30	5507.0	False	0.0008332516419958
10706	0.0003350152276205409	30	5656.0	False	0.0003947179560786
10707	0.0004887371522395133	30	5646.5	False	0.0004723213698515
10708	0.00037545768587655216	30	5723.5	False	0.0004532264425255
10709	0.0003537643758428772	30	5705.0	False	0.0003792347884712
10710	0.0003363713566809107	30	5647.0	False	0.0003830798422189
10711	0.00043330430326211217	30	5605.0	False	0.0004608015521736
10712	0.000328237892350894	30	5677.5	False	0.0003465024165556
10713	0.0009745284162898719	30	5608.5	False	0.000949045848525
10714	0.000910056319008176	30	5764.0	False	0.0009236471200332
10715	0.0003297742358687764	30	5841.0	False	0.0003634119187572
10716	0.0003252315016815571	30	5834.0	False	0.0004197042522365
10717	0.00030904884880137676	30	5724.0	False	0.000368093858091
10718	0.00040644009419384044	30	5815.5	False	0.0004568005458477
10719	0.0002754170128315107	30	5693.5	False	0.0003300855275179
10720	0.00035700268118379875	30	5786.5	False	0.0004991497042828
10721	0.0003704405078993917	30	5811.5	False	0.0004384851492003
10722	0.0007173787393439084	30	5787.5	False	0.0007849565388034
10723	0.00034516574657215477	30	5800.0	False	0.0003909528901767
10724	0.0004966830254753508	30	5784.0	False	0.0005548267033468
10725	0.00021968875293301864	30	5824.0	False	0.0003161228395877
10726	0.00042829704402633315	30	5862.5	False	0.0008041794517891
10727	0.0009515545956870102	30	5965.0	False	0.0015951998477563
10728	0.00047336587984788054	30	6001.5	False	0.0005590152387554
10729	0.000547482116812653	30	5931.0	False	0.0006066325155028
10730	0.0004607096874602074	30	5978.5	False	0.0004385404928306
10731	0.0003186511307000171	30	5957.5	False	0.0003395283339177
10732	0.0007981764932781621	30	5835.0	False	0.0014179328807291
10733	0.0005407914419110647	30	5934.5	False	0.0005612144681089
10734	0.000624839274427941	30	5888.0	False	0.00066397670974
10735	0.000276413623773297	30	5824.5	False	0.0003018996895559
10736	0.0004529277205254915	30	5948.0	False	0.0005011247466536
10737	0.0007738859190367637	30	5908.0	False	0.0011073138925736
10738	0.0010443721839183263	30	5794.0	False	0.0012993926627246
10739	0.0007332923308870569	30	5836.0	False	0.0010167013182846
10740	0.00026185122603387023	30	5858.5	False	0.0003220102478349
10741	0.000247700132625334	30	5874.5	False	0.0002805112036174
10742	0.0003118795836130915	30	5847.5	False	0.0003159254641565
10743	0.00028002941561792023	30	5880.5	False	0.0003206264027405
10744	0.0003838645568969522	30	5831.5	False	0.0004142713647687
10745	0.00034516910472738474	30	6094.0	False	0.0003773151565857
10746	0.00033417555623898226	30	6089.5	False	0.0003474371084546
10747	0.0005367670681487534	30	6037.5	False	0.0005428375599725
10748	0.00047015684174849323	30	6054.0	False	0.0005103580738098
10749	0.000805206929205621	30	5998.5	False	0.0009286026188804
10750	0.000825877876416349	30	5894.0	False	0.0010470555783856
10751	0.0002785263002594878	30	5881.5	False	0.0003145077953003
10752	0.000413032870897044	30	5804.5	False	0.0004500526960435
10753	0.0005680423577264281	30	5692.0	False	0.0006393490264458
10754	0.0005749802863901809	30	5629.5	False	0.0006050791051947
10755	0.0004176179002139029	30	5893.0	False	0.0004102644800881
10756	0.00048252332706011266	30	5771.0	False	0.0005904007779398
10757	0.00034846729941455433	30	5823.5	False	0.000443794557258
10758	0.00047445787894845597	30	5915.0	False	0.0005230360838657
10759	0.00030993272908796693	30	5940.0	False	0.0003927289048473
10760	0.0002576083987022228	30	5921.0	False	0.0002815616535552
10761	0.00023514212335087962	30	5863.5	False	0.0003652801241952
10762	0.00038561456792344633	30	5908.5	False	0.0004887168908513
10763	0.0002917340813975876	30	6109.0	False	0.0003143908264066
10764	0.0002171193699317809	30	6187.5	False	0.0002933204417188
10765	0.00021659701071756875	30	6261.5	False	0.0002307721205811
10766	0.0002452830642291825	30	6204.0	False	0.0002923406743324
10767	0.0003045491409729039	30	6218.0	False	0.0003297315120622
10768	0.00030630721241249994	30	6217.5	False	0.000399848705895
10769	0.0007880413926953512	30	6286.0	False	0.0008359725415172
10770	0.0002243170213113744	30	6232.0	False	0.0003565909901343
10771	0.0003056591196634316	30	6309.5	False	0.0003357385715656
10772	0.00036025135321893356	30	6397.0	False	0.0004159755680172
10773	0.000423325154276941	30	6318.0	False	0.0005011756300684
10774	0.0005153171292776747	30	6296.0	False	0.0005484412023109
10775	0.0005158632419091538	30	6307.0	False	0.0005877276120785
10776	0.0021101126179375942	30	6184.0	False	0.0021452450697476
10777	0.0004376062845297587	30	6285.0	False	0.0004610590579556
10778	0.0004767602397189126	30	6292.5	False	0.0005875533958998
10779	0.0004829962302222725	30	6261.0	False	0.0005543119070461
10780	0.0003932066839880124	30	6203.5	False	0.0004149355233306
10781	0.00037899587603524144	30	6060.5	False	0.0003908464854093
10782	0.00035050840919184656	30	6165.5	False	0.0003790873742242
10783	0.0004738936894539643	30	6207.5	False	0.0005608192274715
10784	0.000314004412069837	30	6240.5	False	0.0004069655364448
10785	0.0002417260196688676	30	6285.0	False	0.0002919522047699
10786	0.000349989337118734	30	6314.5	False	0.0004234394931429
10787	0.0004296904888366096	30	6368.0	False	0.0004411819423699
10788	0.00026441380235854594	30	6357.5	False	0.0003111387678904
10789	0.0003154331037552782	30	6430.5	False	0.0003292258489323
10790	0.00033166050399712	30	6340.0	False	0.0003470524206906
10791	0.00031179310916661703	30	6291.5	False	0.0003338668136387
10792	0.00031283656825986336	30	6212.0	False	0.000347619607885
10793	0.0003291084304795667	30	6424.0	False	0.0003702873116619
10794	0.00041405799463358893	30	6314.0	False	0.0004354875099034
10795	0.00043580021051996417	30	6279.0	False	0.0005719733079122
10796	0.0004965481383589646	30	6386.0	False	0.0005331772134695
10797	0.0004725827577994761	30	6393.5	False	0.0004712584153288
10798	0.0004834867041351019	30	6357.0	False	0.0005263075616326
10799	0.0003088220401193063	30	6488.0	False	0.0003806140573458
10800	0.0004133313606348008	30	6450.0	False	0.0004747295827994
10801	0.00039443387039156093	30	6444.0	False	0.0004448284853845
10802	0.00034617299510045273	30	6348.5	False	0.0003782050285726
10803	0.00046108063744737635	30	6382.0	False	0.0004338641282171
10804	0.00025638093059606186	30	6287.0	False	0.0002923885007779
10805	0.00031977508121555946	30	6376.5	False	0.0003998047706574
10806	0.0004397023917211122	30	6362.5	False	0.0006523832699934
10807	0.0003780897169664146	30	6284.0	False	0.0003809185877834
10808	0.00042402433062034453	30	6442.0	False	0.0004614698326915
10809	0.0005790342578576126	30	6449.5	False	0.0006355421841124
10810	0.00043557169241567015	30	6473.5	False	0.0003993211540381
10811	0.008719282348836331	30	6444.5	False	0.009803971971025
10812	0.0004436886543344097	30	6478.0	False	0.0004934177060654
10813	0.008218942585194013	30	6595.0	False	0.0107072583625485
10814	0.00043370924880768344	30	6846.5	False	0.0004207471889735
10815	0.0002784079141759863	30	6815.5	False	0.0003209929381553
10816	0.0003915404018672465	30	6877.0	False	0.0003721432904603
10817	0.00030655525067302386	30	6864.5	False	0.0003742897002279
10818	0.0002822992536871447	30	6893.5	False	0.0003199301970479
10819	0.0003116935679709887	30	6849.5	False	0.0003928244074898
10820	0.0009329979651386607	30	6810.5	False	0.0010010701094273
10821	0.0003817730651635527	30	6543.5	False	0.0004209053013783
10822	0.00039202932356291	30	6745.0	False	0.0004568908577132
10823	0.0002396807661612131	30	6763.0	False	0.0002657951211828
10824	0.0003082924418818739	30	6715.0	False	0.0003610572547778
10825	0.0005884946542000287	30	6752.0	False	0.0005866953276372
10826	0.0003044960943918442	30	6850.0	False	0.0002912890023837
10827	0.0005495890925491342	30	6931.5	False	0.0006181239697933
10828	0.0005406390765038882	30	6934.0	False	0.0006028563909954
10829	0.0005472408754207494	30	6962.5	False	0.0005809772799786
10830	0.0007595163524317199	30	6884.5	False	0.0007337217553327
10831	0.000524147890858997	30	6830.0	False	0.0005958609464015
10832	0.00029284301196529837	30	6828.0	False	0.0003397118273099
10833	0.0006783593550018765	30	6663.0	False	0.000669616285068
10834	0.0004255486240649822	30	6678.5	False	0.0005404949743884
10835	0.0005526103087599938	30	6735.5	False	0.0006029086666895
10836	0.0006804466987789284	30	6743.5	False	0.0006721221398014
10837	0.0004847717928423013	30	6854.5	False	0.0005149755872422
10838	0.0004203108077657905	30	6591.5	False	0.000498326328241
10839	0.00044677831469207676	30	6668.5	False	0.0006185155626496
10840	0.0005909554106983158	30	6624.5	False	0.0006759632476278
10841	0.000601849700321193	30	6513.0	False	0.0005590965000559
10842	0.0007630676425547773	30	6648.5	False	0.0009698011907558
10843	0.0004962738601452376	30	6591.0	False	0.0005860480155201
10844	0.0010400306732062142	30	6228.0	False	0.0010611092836451
10845	0.0007843915211695235	30	6626.0	False	0.0007897384305835
10846	0.0006290313982621676	30	6658.5	False	0.000654303167127
10847	0.0008088548782628701	30	6669.0	False	0.0008094738420026
10848	0.0009004291821455089	30	6526.0	False	0.0009265292823979
10849	0.00048612295642818564	30	6650.0	False	0.0005837564729031
10850	0.0006541402123201596	30	6532.5	False	0.0007259565244064
10851	0.0009534838062273672	30	6518.0	False	0.0008879490430167
10852	0.00039002384391382617	30	6500.5	False	0.0004792307573391
10853	0.00031102312368078085	30	6558.5	False	0.0003995696941755
10854	0.0005894489165119356	30	6518.0	False	0.0006941837684408
10855	0.00037774053594288046	30	6588.5	False	0.0003855128335193
10856	0.00027703007794598083	30	6680.0	False	0.000315452674588
10857	0.00040505790526025647	30	6638.0	False	0.0003942201264536
10858	0.0007109404445931231	30	6590.5	False	0.0008036949621551
10859	0.0003968461450390275	30	6662.5	False	0.000403185162786
10860	0.00043986344537815127	30	6699.0	False	0.0004185810103748
10861	0.0003645847232783768	30	6739.5	False	0.000490383043644
10862	0.0006165012580820791	30	6707.5	False	0.0005859830859458
10863	0.0005324998807038205	30	6615.5	False	0.0005974855398457
10864	0.000303029366964985	30	6510.0	False	0.0003980241672109
10865	0.000562366082294344	30	6403.0	False	0.0005930739279544
10866	0.0004767582891162276	30	6424.0	False	0.0006259267050089
10867	0.0003002885196362404	30	6537.5	False	0.0003485992876449
10868	0.0005458156230863013	30	6407.0	False	0.0005012634940649
10869	0.0007542443307958643	30	6288.5	False	0.0009072316324925
10870	0.0005062248230275103	30	6505.5	False	0.0005350045857535
10871	0.0004118061765219113	30	6514.5	False	0.0004840320378258
10872	0.00032206252726982114	30	6408.0	False	0.0004420107850631
10874	0.0003567498345632663	30	6372.5	False	0.0004486293055218
10875	0.0004693999505034721	30	6298.0	False	0.0005050209716603
10876	0.0004715941895594104	30	6191.5	False	0.000568626819874
10877	0.0003509578826011234	30	6508.5	False	0.0004073802869194
10878	0.00037471581271945886	30	6507.5	False	0.0003818172436922
10879	0.0019774293841543058	30	6540.0	False	0.0022687930840221
10880	0.00032146613566237783	30	6718.5	False	0.0003635390526778
10881	0.00037397955662088136	30	6845.0	False	0.000380814844855
10882	0.00036765675124117577	30	6923.0	False	0.0004292787628966
10883	0.0002102864700211542	30	6895.5	False	0.0002636178127532
10884	0.0002606718218389771	30	6851.0	False	0.0003432382073158
10885	0.0003969427705835304	30	6811.0	False	0.0004429460836183
10886	0.000933020078748722	30	6747.0	False	0.0011512333579789
10887	0.00033226615585853485	30	6747.0	False	0.0005222945144153
10888	0.0009556081059488973	30	6713.5	False	0.0011892217371669
10889	0.000668720856935772	30	6633.5	False	0.0006552780359945
10890	0.001192827073439646	30	6652.5	False	0.0014249203870104
10891	0.00037292134950071273	30	6671.5	False	0.0004042711244295
10892	0.00033924012046591154	30	6595.0	False	0.0003494590980916
10893	0.000615388839030449	30	6450.0	False	0.0006056276787378
10894	0.0005496336661707457	30	6501.0	False	0.0005432387277963
10895	0.000408589373771895	30	6521.0	False	0.0004138882501724
10896	0.00040293343986585735	30	6542.5	False	0.0004446670619262
10897	0.0004365751661181039	30	6723.5	False	0.0004869492628681
10898	0.0003014063997240548	30	6636.5	False	0.0004371002667818
10899	0.00038868044743669867	30	6507.5	False	0.0005072871803456
10900	0.0003821918876322267	30	6590.0	False	0.0003263609250574
10901	0.0005535103703145495	30	6559.0	False	0.0006487746775133
10902	0.0005237477179062697	30	6339.0	False	0.0005680426501013
10903	0.00034185392289323344	30	6552.0	False	0.0004000668466123
10904	0.00028092613276839635	30	6630.0	False	0.0003519356460532
10905	0.00038200453937671687	30	6558.5	False	0.0004254457050243
10906	0.0004800242402736478	30	6599.0	False	0.0005321979776476
10907	0.0005805515728650363	30	6689.0	False	0.0005440804051915
10908	0.0002982757435124637	30	6680.0	False	0.0003552608206524
10909	0.0002763207755123139	30	6702.5	False	0.0002804262478968
10910	0.00032849819813700006	30	6687.5	False	0.0003695236593681
10911	0.00043429592413778145	30	6683.5	False	0.0004544713559548
10912	0.0003878626657858169	30	6736.0	False	0.0004112164173259
10913	0.00023493999253672944	30	6624.5	False	0.000286935528555
10914	0.0003796723995563684	30	6624.5	False	0.0003776660239718
10915	0.0003987000021002409	30	6438.0	False	0.0003723325035637
10916	0.0008641279977308195	30	6437.0	False	0.00090994123508
10917	0.0004047227279398404	30	6619.5	False	0.0005270170833084
10918	0.0004739781892902421	30	6670.5	False	0.0005675088827477
10919	0.0007565270413355252	30	6718.0	False	0.0007904168098581
10920	0.0006365535653412447	30	6862.5	False	0.0006123934941629
10921	0.0007668007679914296	30	6744.0	False	0.000738083639638
10922	0.0007028598092146122	30	6414.5	False	0.0007146320920854
10923	0.0004626380920010837	30	6787.5	False	0.0004805122849339
10924	0.0004313379817710715	30	6898.5	False	0.0004924871567074
10925	0.0007851879284294951	30	6954.0	False	0.0008307114996252
10926	0.0006162502998261368	30	7036.5	False	0.0006310098983791
10927	0.0004170290942974449	30	7025.0	False	0.0003852493392242
10928	0.0005499483897726965	30	6948.0	False	0.0005964935721852
10929	0.0004899252737518442	30	7010.0	False	0.0005631776470532
10930	0.0004450460648975445	30	6985.5	False	0.0004643823477844
10931	0.001030931849876726	30	6442.0	False	0.0010175978615256
10932	0.0005743133305775674	30	6884.5	False	0.0006130767351747
10933	0.0006088169883902241	30	6926.0	False	0.0006816697572206
10934	0.0006199866512721357	30	6667.0	False	0.0007544043903377
10935	0.0010225389881381819	30	5932.5	False	0.0011315247158889
10936	0.0006839481335199982	30	6566.5	False	0.0007175724974031
10937	0.0006759438808940921	30	6527.0	False	0.0006624860928491
10938	0.0005642777392199708	30	6651.5	False	0.0006397217210513
10939	0.000568285214295254	30	6752.0	False	0.0006710415947106
10940	0.0005623921766992323	30	6871.5	False	0.0006200348769618
10941	0.0009565777554711597	30	6768.0	False	0.0011725475450713
10942	0.000695395806524295	30	6877.5	False	0.0006666634225624
10943	0.0005846579610200733	30	6726.5	False	0.0006524962926347
10944	0.0007066028704885024	30	7007.5	False	0.0007307148588239
10945	0.0006026114979870979	30	6765.0	False	0.0006525962950328
10946	0.001037591448402873	30	6085.5	False	0.0012150601783182
10947	0.0008641427252399494	30	7113.5	False	0.0008856347206698
10948	0.0006452330613456515	30	7174.5	False	0.0008147860250148
10949	0.001252418244333494	30	7165.0	False	0.0014577740874758
10950	0.0009151263742179046	30	7186.5	False	0.0009834044615507
10951	0.0007564040046934763	30	7196.0	False	0.000867016614677
10952	0.0005096154312279732	30	7138.0	False	0.0006681780217157
10953	0.0010054425849155887	30	6606.5	False	0.0010566595196815
10954	0.0004270178916128116	30	7100.5	False	0.0004817814350341
10955	0.0006065996542977325	30	7196.0	False	0.0006217075601537
10956	0.0006879479621942296	30	7071.5	False	0.000755820801759
10957	0.0006652230280948708	30	7048.5	False	0.0006645622196378
10958	0.0003517457959989111	30	7044.5	False	0.0004392515154177
10959	0.0004083907262325353	30	6954.0	False	0.0004431925622439
10960	0.0005067055984720523	30	6819.5	False	0.0005518983313776
10961	0.00038449807812551587	30	7177.0	False	0.0003817139912492
10962	0.0003668538447653511	30	7130.0	False	0.0004079105859995
10963	0.00044600047927552866	30	7256.5	False	0.0005041913853954
10964	0.00025739538129621823	30	7224.5	False	0.0003072094979724
10965	0.00034514171110864905	30	7363.5	False	0.0003515036029119
10966	0.0008412201035151855	30	7110.5	False	0.0008789319066612
10967	0.0007320545884375671	30	6769.5	False	0.0008655353707211
10968	0.00038541942090038813	30	7453.5	False	0.0004240166688703
10969	0.000444151499751071	30	7549.0	False	0.0004485259805276
10970	0.0006585059279833321	30	7337.5	False	0.0008048736487142
10971	0.00044023963599497645	30	7387.5	False	0.0005590748005119
10972	0.0007797346804554562	30	6894.5	False	0.000892531337219
10973	0.0002920564727686511	30	7300.5	False	0.0004046473986288
10974	0.0011433329954515462	30	7006.0	False	0.0011600199136751
10975	0.00043306751816389344	30	7346.0	False	0.0004713297506111
10976	0.0006333984845331768	30	7377.0	False	0.0005523793741541
10977	0.0013808092920406896	30	7096.5	False	0.0014223528962541
10978	0.0018687590715135377	30	6358.5	False	0.0020437987123009
10979	0.0003934376664476172	30	7375.5	False	0.0005090495120066
10980	0.0006573827894221392	30	7293.0	False	0.0006645668849129
10981	0.00045901154070671166	30	7290.0	False	0.0005088702147525
10982	0.0004150582287166901	30	7332.5	False	0.0004761282372052
10983	0.0007106701789611072	30	7063.0	False	0.0007609287183167
10984	0.0006760617104903828	30	7475.0	False	0.0007119203016704
10985	0.00123875424293313	30	7252.0	False	0.0013165345413363
10986	0.0011267675402608988	30	7504.0	False	0.0010904677604803
10987	0.000469453225679223	30	7550.0	False	0.0005682521206344
10988	0.00041397405496012554	30	7598.5	False	0.0004176673279732
10989	0.0006345021859883401	30	7497.5	False	0.0006773982415107
10990	0.00038755769018453514	30	7651.5	False	0.000437720814518
10991	0.00036333724424896354	30	7656.0	False	0.0003440033953581
10992	0.0006357943720092674	30	7630.0	False	0.0006880006433252
10993	0.00033349669899830083	30	7770.5	False	0.0003657451065067
10994	0.0005242086070165418	30	7661.0	False	0.0005764126578432
10995	0.0005817390581132143	30	7542.5	False	0.0007198152926796
10996	0.0006489251685710834	30	7518.5	False	0.0006823070110434
10997	0.0009822475144130737	30	7479.5	False	0.001073690505314
10998	0.00045639394112960755	30	7558.0	False	0.0005543487078717
10999	0.000404603361031472	30	7497.5	False	0.0004366911547296
11000	0.000546754660053151	30	7381.0	False	0.0005605123634325
11001	0.0005469593093636207	30	7316.5	False	0.0005563050220435
11002	0.00034177797777774406	30	7247.5	False	0.0004336675215667
11003	0.000596935077713554	30	7335.5	False	0.0005613763844599
11004	0.000524088287413609	30	7290.5	False	0.0007129310786693
11005	0.0006397863990707624	30	7258.0	False	0.0006542346396061
11006	0.00040215286119045296	30	7300.0	False	0.0004362819495305
11007	0.0004489637976820847	30	7144.0	False	0.0005086494169546
11008	0.0004407457972733674	30	7346.5	False	0.0004675449722713
11009	0.00038257634309951086	30	7278.0	False	0.0004148990723043
11010	0.0003976320932806615	30	7365.5	False	0.0003873752559443
11011	0.00046719895593609476	30	7397.0	False	0.0004698519282175
11012	0.0006558693289181603	30	7359.0	False	0.0006204585878362
11013	0.0004069236801598088	30	7398.5	False	0.0004216025479458
11014	0.00040129986610821204	30	7406.0	False	0.0004611935323314
11015	0.0004604292902503812	30	7311.5	False	0.0004607874665809
11016	0.00025436220599670776	30	7364.0	False	0.0004358106541796
11017	0.00048307969635483683	30	7161.0	False	0.0005734268363759
11018	0.0002699652044847553	30	7242.5	False	0.0003419656555574
11019	0.00029810048558460365	30	7207.5	False	0.0004052750979414
11020	0.00026853406001938146	30	7173.5	False	0.0003222191089941
11021	0.0003148144853213977	30	7314.5	False	0.0004306868997874
11022	0.00038669257372382854	30	7232.5	False	0.000393452943028
11023	0.00042847748462561104	30	7071.5	False	0.0004868986447199
11024	0.0003850581650873758	30	7283.0	False	0.0003994545379412
11025	0.00036795375209550964	30	7263.5	False	0.0003864218714779
11026	0.00040710890200417236	30	7307.0	False	0.000425446261105
11027	0.000675472276591443	30	7228.0	False	0.0006417951796103
11028	0.0003064815252917999	30	7359.0	False	0.0004041046131492
11029	0.0003391701108898793	30	7270.5	False	0.0004372097732492
11030	0.0006944003241544229	30	7300.0	False	0.0007782457425379
11031	0.001057591524308738	30	7316.0	False	0.0013565732138452
11032	0.0015899236043874637	30	7408.5	False	0.001833164013997
11033	0.0004919769326639076	30	7516.5	False	0.000529533743314
11034	0.0003861446143421163	30	7569.0	False	0.0004458885543498
11035	0.0002894766704802556	30	7543.5	False	0.0003234166980484
11036	0.0003872059744608183	30	7499.5	False	0.0004198340315679
11037	0.0003083114315895227	30	7363.5	False	0.0003500891135925
11038	0.00034593067409440913	30	7146.0	False	0.0004812949169649
11039	0.00044930797273634137	30	7320.5	False	0.0005124521291928
11040	0.0006937660343150845	30	7164.0	False	0.0006085344617746
11041	0.00035205852622922766	30	7222.0	False	0.0004593008420515
11042	0.0005058118009284841	30	7129.5	False	0.0004912096857193
11043	0.0011127214355692474	30	6730.5	False	0.001146051851372
11044	0.0003962943927221955	30	7136.5	False	0.0004044128020164
11045	0.00041643585905610494	30	7045.5	False	0.0003847560599079
11046	0.001738243231017315	30	6903.5	False	0.0020218475905104
11047	0.00033249446059798913	30	7054.5	False	0.0003796561264634
11048	0.0011501194399319457	30	7026.0	False	0.0012698564822579
11049	0.0011030652661732625	30	7082.0	False	0.0011090189193908
11050	0.0010505721461101475	30	6999.5	False	0.0010640756504824
11051	0.0005211962172170021	30	7015.0	False	0.0004776516905974
11052	0.0004374012156552521	30	6962.0	False	0.0004397006170304
11053	0.0004561356853051308	30	6907.5	False	0.0004823221619725
11054	0.0004627924308488312	30	7179.0	False	0.0004764173415912
11055	0.0005021083086698012	30	7197.0	False	0.000485526135919
11056	0.0005130972397250583	30	7234.5	False	0.0005085497002356
11057	0.0003507935029292506	30	7152.5	False	0.0004348216522277
11058	0.00047185348636652317	30	7045.5	False	0.0005061241016297
11059	0.0002699978072132188	30	7222.5	False	0.0003186713280158
11060	0.0018378971349227217	30	6980.5	False	0.0018454362794462
11061	0.0005222196442575381	30	7153.0	False	0.0005897144366811
11062	0.0003765485470467073	30	7109.0	False	0.0004072220354472
11063	0.0004892197154708653	30	7073.0	False	0.0005599881301661
11064	0.0007148905702229471	30	6887.5	False	0.0006876329218996
11065	0.0006034934710096308	30	6896.5	False	0.00066334176842
11066	0.0008865753844451349	30	7117.0	False	0.0011803046810788
11067	0.0009525169124846503	30	7198.5	False	0.0012060435125305
11068	0.00042806371343964445	30	7174.0	False	0.0004881585994113
11069	0.000294638005003811	30	7139.0	False	0.0003801992243935
11070	0.0010247219897076432	30	7001.5	False	0.0011490701222456
11071	0.0004364271536162631	30	7197.5	False	0.0003933984001798
11072	0.00136030296114918	30	7026.0	False	0.0015885282500429
11073	0.00034687435500512117	30	7212.5	False	0.0003377506743286
11074	0.00044202596536307585	30	7288.5	False	0.0004988314411609
11075	0.0003434560189025755	30	7262.0	False	0.0003924426753377
11076	0.00028114711894795927	30	7280.5	False	0.0002930096274591
11077	0.00042061240482411466	30	7323.0	False	0.0004660348280285
11078	0.00031420909461807203	30	7300.0	False	0.0003572986366968
11079	0.000278283170100354	30	7280.0	False	0.0002838040914314
11080	0.0004571343864440185	30	7230.5	False	0.000500659747892
11081	0.0003019915502582702	30	7329.5	False	0.0003507196767767
11082	0.000376186913438116	30	7217.5	False	0.000437447376962
11083	0.00021198291566743195	30	7278.5	False	0.0003043968960882
11084	0.00029302814959216903	30	7167.0	False	0.0004077239992983
11085	0.0005239782599813817	30	7164.0	False	0.0004899675574879
11086	0.00031928354070049714	30	7076.0	False	0.0003808293402493
11087	0.0004253592455133729	30	7139.0	False	0.0004814843064719
11088	0.0005260292597730627	30	7138.0	False	0.0005876703885791
11089	0.0004140238080259709	30	7211.0	False	0.0005104958900354
11090	0.0005338931373096774	30	7065.5	False	0.0006334898520728
11091	0.0003741491733838504	30	7177.0	False	0.0004530670253049
11092	0.0007233485938521909	30	7026.5	False	0.0007268647251085
11093	0.000651060138617801	30	6931.5	False	0.0008516826958994
11094	0.0005121612353092015	30	6880.5	False	0.0005710907833962
11095	0.0002852898405197032	30	7007.5	False	0.0003411602414821
11096	0.0004940061991148398	30	6920.5	False	0.0005664132009363
11097	0.0004562363723936698	30	7006.0	False	0.0005299180855594
11098	0.0004886475786915593	30	6974.5	False	0.0005031258561857
11099	0.00028063969627437123	30	7046.0	False	0.0004052464590355
11100	0.000399207138677123	30	6982.0	False	0.0004566391359593
11101	0.0002896100848939892	30	6978.5	False	0.0003521545909054
11102	0.00027882789281752406	30	7098.5	False	0.0003560454567624
11103	0.00043965759864412655	30	7065.0	False	0.0004988360492184
11104	0.0002787701087881456	30	7121.5	False	0.0003489589391648
11105	0.00027002572298503286	30	7275.5	False	0.0002998286693318
11106	0.0003341675972202046	30	7254.0	False	0.0003623378418967
11107	0.0002736355720403298	30	7259.0	False	0.0003608959717361
11108	0.0002966545619989114	30	7267.0	False	0.0002953407613122
11109	0.0005325717795904383	30	7160.5	False	0.0006171143156057
11110	0.00034182719282932895	30	7203.0	False	0.0003334524234845
11111	0.0004286871596381475	30	7275.0	False	0.0003964264982797
11112	0.00034075102093367117	30	7446.5	False	0.0003453022776138
11113	0.00038182331964237566	30	7511.5	False	0.0003612815892731
11114	0.0002780789957939012	30	7553.5	False	0.0003226774044011
11115	0.0005946838589688393	30	7581.5	False	0.0006174072527193
11116	0.000257919749342579	30	7575.0	False	0.0003270645952575
11117	0.0003246285156564674	30	7559.5	False	0.0003451110031377
11118	0.00030130457623512186	30	7605.5	False	0.0002982120830113
11119	0.0005001549989627654	30	7690.0	False	0.0004755111745126
11120	0.0004162678600684654	30	7749.5	False	0.0004459646885159
11121	0.0002991336982676601	30	7784.5	False	0.0004352847117349
11122	0.000357917278778432	30	7888.5	False	0.0003823789243285
11123	0.00026589908508186305	30	7898.5	False	0.0003284187295011
11124	0.0005375574747651981	30	7797.5	False	0.0005570242526591
11125	0.0005035893238873469	30	7910.5	False	0.0004656283589428
11126	0.0004864527073784351	30	7871.0	False	0.000564578601158
11127	0.0004741340855583052	30	7813.5	False	0.0004907964609595
11128	0.0002602141453634275	30	7826.5	False	0.0002609822664761
11129	0.00027465312550957715	30	7709.0	False	0.0003499342751649
11130	0.0002998867625467101	30	7747.0	False	0.0004395762126472
11131	0.0004369414101290963	30	7712.0	False	0.0004584095458114
11132	0.0006299346967102736	30	7450.5	False	0.0006165628245067
11133	0.00044740940885193696	30	7865.0	False	0.0004982450208862
11134	0.0005235490796685854	30	7481.5	False	0.0006099264363534
11135	0.00039929469936054134	30	7992.0	False	0.0004214093508979
11136	0.00036459715861569694	30	7912.0	False	0.0004588390489678
11137	0.0007430783491543591	30	7894.5	False	0.0006499420799915
11138	0.0004601324912761736	30	7853.0	False	0.0004854131132793
11139	0.0011010134390834986	30	7659.5	False	0.0010863438846566
11140	0.0005076533287744895	30	8012.0	False	0.0005601578945065
11141	0.0006515872340692886	30	8067.5	False	0.0006937518969778
11142	0.0006161391799689672	30	7957.0	False	0.0006324999560763
11143	0.00047994699161685935	30	7868.0	False	0.0004756105149928
11144	0.0015243335795964074	30	7044.0	False	0.0016579124974324
11145	0.0005236203526260524	30	7782.0	False	0.0005378898580867
11146	0.00037566137566137566	30	7825.5	False	0.0004100168909132
11147	0.0005466135337543118	30	7813.5	False	0.0006528757836745
11148	0.0005888862690057218	30	7890.0	False	0.0006511166428957
11149	0.0002885989730682507	30	7844.5	False	0.0003506965099038
11150	0.0005520234024076064	30	7792.0	False	0.0010212445746381
11151	0.00039474338367396236	30	7814.0	False	0.0005037019867254
11152	0.00037947700427432414	30	7762.0	False	0.0004401447986562
11153	0.0004472701710536593	30	7811.5	False	0.0004336377738735
11154	0.0004240041209526231	30	7795.0	False	0.0004959054294943
11155	0.00038927911947112274	30	7903.0	False	0.000476056139361
11156	0.0003626267643098294	30	7861.0	False	0.0003853923027854
11157	0.0005123171514380256	30	7736.0	False	0.000531984437201
11158	0.000366447807344712	30	7832.0	False	0.000462693141019
11159	0.0009327270911683974	30	7408.5	False	0.0010433213335714
11160	0.0005130387272991327	30	7954.5	False	0.0006066451649507
11161	0.0005038767774512995	30	7919.0	False	0.0005205212210815
11162	0.000624707861299895	30	8063.0	False	0.0006791813715165
11163	0.000340987472762834	30	8173.5	False	0.0003500443958745
11164	0.00036889048003460535	30	8027.5	False	0.0003991929360206
11165	0.00042969132621722115	30	8044.5	False	0.0004297266677952
11166	0.0003568641252576102	30	8039.5	False	0.0003168705345128
11167	0.00046006928643277465	30	8081.0	False	0.0004289037825847
11168	0.00030969848354568707	30	8202.5	False	0.0003548206445765
11169	0.0003655898265698176	30	8148.5	False	0.000421378509696
11170	0.0004974169735856277	30	8135.5	False	0.0005965690839874
11171	0.0004608511563159193	30	8067.5	False	0.0004793553318564
11172	0.0004021511972883419	30	8055.5	False	0.0005175514640237
11173	0.0004403832667740304	30	8276.0	False	0.0004645407592285
11174	0.0003686573909972208	30	8137.0	False	0.0003765269666046
11175	0.0008236291240395081	30	8045.5	False	0.0007560244347097
11176	0.0007724237155887104	30	8103.0	False	0.0009284332688588
11177	0.0004775607827554177	30	8121.0	False	0.0006634385070048
11178	0.0004012524550049905	30	8114.5	False	0.0004524652894485
11179	0.00034735358610532574	30	8058.0	False	0.0003866236891719
11180	0.0003565145028021695	30	8027.0	False	0.0004258906764708
11181	0.00021556303825442707	30	8044.0	False	0.0002927004014801
11182	0.0002381910354200178	30	7936.5	False	0.0003345114592182
11183	0.0005402271405809511	30	8039.0	False	0.0006024359366132
11184	0.0005886205527575557	30	8077.5	False	0.0006280146885657
11185	0.00034194906864376355	30	8187.5	False	0.0003870851200178
11186	0.0004183747988856174	30	8266.5	False	0.0004683342203299
11187	0.0005762565921021819	30	8141.0	False	0.0005877903835764
11188	0.00028765846776817927	30	8193.0	False	0.0003100347927934
11189	0.0004491998166092338	30	8195.0	False	0.0004511278195488
11190	0.0004310835840360722	30	8211.0	False	0.0004727157087727
11191	0.0005145861556180197	30	8311.0	False	0.0006553609804881
11192	0.0006814600182279533	30	8277.5	False	0.0008012581457693
11193	0.0002774710279503218	30	8349.5	False	0.0004184135785772
11194	0.0005156480819956022	30	8300.0	False	0.0005020849289422
11195	0.0003309645310305965	30	8358.5	False	0.0003546084320819
11196	0.00043436999134939124	30	8283.5	False	0.0005060685701649
11197	0.0003557527070910181	30	8287.0	False	0.0004422502030523
11198	0.00035702526388685314	30	8211.5	False	0.000408110662428
11199	0.00041948808200506987	30	8336.0	False	0.0004741985198231
11200	0.00031767905367853077	30	8262.5	False	0.0003226751467959
11201	0.0003831125000473398	30	8238.0	False	0.0004304503106913
11202	0.00040836212893139914	30	8088.5	False	0.0003973704442774
11203	0.00023939287822735168	30	8234.5	False	0.0002546548789752
11204	0.00038312332732147854	30	8205.5	False	0.0003826644500474
11205	0.0005023923082823015	30	8240.5	False	0.0005708607311245
11206	0.0003084380475359121	30	8303.0	False	0.0004121266153891
11207	0.00030875679754126077	30	8341.0	False	0.000340077504083
11208	0.00036443404394487884	30	8153.5	False	0.000382064435811
11209	0.0003348539812031559	30	8137.5	False	0.0003618209933709
11210	0.00025836489649721736	30	8023.5	False	0.0003451816573088
11211	0.0003731288172105706	30	7997.0	False	0.0004092211158095
11212	0.0003912259007433509	30	8075.5	False	0.0004185669314683
11213	0.00040263121015582213	30	8024.0	False	0.0004879871628602
11214	0.00037926573878107	30	7886.0	False	0.0003756002897487
11215	0.0004891797530168144	30	8000.0	False	0.0005378856684331
11216	0.0005560441999395817	30	7411.5	False	0.0006959236741008
11217	0.0003871267498024334	30	7946.5	False	0.0004446460173056
11218	0.00028266356745185433	30	7897.0	False	0.0003269071449362
11219	0.0004021730995865616	30	7935.0	False	0.0004366928979475
11220	0.0006560419123111733	30	7924.0	False	0.0007285893080636
11221	0.0003569726834738091	30	7878.5	False	0.0003939016857201
11222	0.0003850392863059374	30	7940.5	False	0.0004240844240487
11223	0.0005783355676956114	30	7762.0	False	0.0006206106626387
11224	0.0003574265087201349	30	7874.0	False	0.0003505933117583
11225	0.00024559686900257785	30	7917.5	False	0.0002637649541317
11226	0.00045863975489290236	30	7869.5	False	0.0004988786466456
11227	0.00034308860526671605	30	7995.5	False	0.0004450574388486
11228	0.0006932595389351035	30	7896.0	False	0.0007605311191439
11229	0.0004559231110147833	30	8032.0	False	0.0004451162811195
11230	0.00033625033366243976	30	8123.0	False	0.0004389491297072
11231	0.0004424008425073151	30	8107.5	False	0.000499316153963
11232	0.00047928143179793163	30	8091.5	False	0.0005128338852816
11233	0.0006909921837634465	30	8033.0	False	0.0007245867659716
11234	0.0006318090395065928	30	8119.5	False	0.0006458044382801
11235	0.000710067647422067	30	8204.5	False	0.0007769173977988
11236	0.000617240623905863	30	8236.5	False	0.0006905105942227
11237	0.0004046778950775549	30	8185.5	False	0.000515918226961
11238	0.0006126701631132023	30	7990.5	False	0.0006625887474001
11239	0.0007006344593365546	30	7864.0	False	0.000761763906646
11240	0.00037270870483840804	30	8161.0	False	0.0004633204633204
11241	0.00044178231807948316	30	8092.0	False	0.0004202008300049
11242	0.00045352070903077995	30	8138.0	False	0.0004524906377532
11243	0.00036427648921677903	30	8109.5	False	0.0003848299181479
11244	0.0007727278209698175	30	8093.5	False	0.0008188943626272
11245	0.0004117538182428736	30	8172.0	False	0.0005115001568887
11246	0.0008458284724850782	30	8142.0	False	0.0008540077982126
11247	0.0003568242754079892	30	8140.0	False	0.0004100979054789
11248	0.00039275687112556775	30	7972.0	False	0.0004448457354268
11249	0.0002809445072842025	30	8273.0	False	0.0003439212972201
11250	0.00024858042616849403	30	8159.0	False	0.0003700484505296
11251	0.0008288189740072392	30	8247.0	False	0.0009318627519158
11252	0.00036699538695457353	30	8287.5	False	0.0003904277305539
11253	0.00042108875025303094	30	8370.0	False	0.000438368409969
11254	0.0002654456584949866	30	8396.5	False	0.0003036681447956
11255	0.0003400997749136865	30	8354.0	False	0.0003464931139711
11256	0.00044030768952399045	30	8224.0	False	0.00051177505583
11257	0.0005615628728054618	30	8317.5	False	0.0005349336765824
11258	0.00039872311460022175	30	7986.5	False	0.0004569727513676
11259	0.0004171547131156451	30	8228.5	False	0.000412501315374
11260	0.0006021789155944803	30	8071.0	False	0.0006072456028527
11261	0.0003471671684004157	30	8197.0	False	0.0004398839383147
11262	0.000479677582165157	30	8086.0	False	0.0005686093440043
11263	0.00036444433019109843	30	8292.5	False	0.0003977624813679
11264	0.0003230308044420111	30	8234.0	False	0.0003590436766072
11265	0.00045297288912889686	30	8067.0	False	0.0005096641831335
11266	0.00031612953008845274	30	8108.5	False	0.0003532305518581
11267	0.0008292503707923246	30	7511.5	False	0.0009364815183981
11268	0.00046615261945951965	30	8150.5	False	0.000525205598777
11269	0.0002532811356765285	30	8265.0	False	0.0003372681281618
11270	0.00036533587554273423	30	8275.5	False	0.0004371694956577
11271	0.0011246182892792646	30	8128.0	False	0.0012073054825368
11272	0.0005195712196623321	30	8154.0	False	0.0005716284585654
11273	0.0002984939013778873	30	8187.0	False	0.000318179504149
11274	0.0005275204873622249	30	8165.0	False	0.0008755782019467
11275	0.0004296114356523279	30	8221.5	False	0.000488636025647
11276	0.001169476574787325	30	8105.0	False	0.0012983763824904
11277	0.00034398357482369566	30	8171.0	False	0.0003804605710328
11278	0.00165765972385327	30	8127.0	False	0.0019476834176039
11279	0.00027418565219467926	30	8203.0	False	0.0003656276040338
11280	0.0003817684946529599	30	8133.0	False	0.0004891444263279
11281	0.00038115760735140097	30	8250.0	False	0.0004052394078439
11282	0.00034855457559674176	30	8165.5	False	0.0003909603175277
11283	0.0003475360411979581	30	8080.5	False	0.0004258614014711
11284	0.00027832229014630597	30	8180.0	False	0.0003400782179901
11285	0.0002588647484447138	30	8064.0	False	0.0003702013723278
11286	0.00040276562667391103	30	8017.0	False	0.0004400155299598
11287	0.00047556478265064887	30	7951.0	False	0.0004830770703769
11288	0.0004566426577092516	30	8118.5	False	0.0004997074362445
11289	0.000633784920431105	30	8049.0	False	0.0007668381282256
11290	0.0008168339812127628	30	7890.0	False	0.0007665569697209
11291	0.0004130999969755839	30	8019.0	False	0.0003986376989938
11292	0.0003770591292876852	30	7821.5	False	0.0004882314039315
11293	0.0008125095443741333	30	7706.5	False	0.0008537279453614
11294	0.0006051462124669461	30	7978.0	False	0.0006208860869414
11295	0.0004710177349861297	30	7779.5	False	0.0004948663192199
11296	0.00048807241320080835	30	7861.0	False	0.0005027208664438
11297	0.0011692002267593938	30	7344.0	False	0.0012384252147155
11298	0.00035934368226707956	30	7815.5	False	0.000345465980459
11299	0.0011659798531303074	30	7628.5	False	0.0012207776353537
11300	0.0004026457431408484	30	7693.0	False	0.0003910569324954
11301	0.0005113031423429127	30	7544.0	False	0.0005679371971383
11302	0.00044455386193939614	30	7506.5	False	0.0004165674839323
11303	0.0007249684121093858	30	7457.5	False	0.0008182963627656
11304	0.0003908088717813951	30	7518.5	False	0.0004821755761998
11305	0.0012109177176921875	30	7252.0	False	0.0012762512500595
11306	0.001394575751538528	30	7240.0	False	0.0013655918599265
11307	0.00043575690130110925	30	7189.5	False	0.0004946809787959
11308	0.0005993563837748839	30	7257.0	False	0.0005901305425869
11309	0.0004123732259109251	30	7199.0	False	0.0004483385242031
11310	0.0005019901437201781	30	7126.0	False	0.0005644593251575
11311	0.0005797731319621129	30	6994.5	False	0.0007452916689139
11312	0.00025897039256623	30	7031.0	False	0.0002878708777134
11313	0.0003668947605561581	30	6947.0	False	0.0003808280289429
11314	0.00040287146314762145	30	6930.0	False	0.0004363997024547
11315	0.0004080187418939361	30	6957.5	False	0.0004148004760329
11316	0.0003576831932702904	30	6998.5	False	0.0003528598803216
11317	0.00028185093272939296	30	7089.5	False	0.000347649742884
11318	0.00041212652232573623	30	7032.0	False	0.0004319130350383
11319	0.00037543337431925213	30	7195.5	False	0.0004356308123567
11320	0.0002936443644673657	30	7186.0	False	0.0003590104538175
11321	0.0003821239481384605	30	7131.0	False	0.000457729186434
11322	0.00048072876678745345	30	6937.0	False	0.0005384449709239
11323	0.0003563538046296667	30	7011.5	False	0.0003725692277172
11324	0.0010595070105622918	30	6791.5	False	0.0010912858062439
11325	0.00045895331053763717	30	6951.0	False	0.0004402592637886
11326	0.00042755823204884187	30	6932.5	False	0.0004751245365086
11327	0.0013982525968168622	30	6733.5	False	0.001586114927665
11328	0.0006658277744255334	30	6712.0	False	0.0006771721697512
11329	0.0006395138267566974	30	6562.0	False	0.0007447800294787
11330	0.0004510089380107282	30	6506.5	False	0.0005132932475749
11331	0.00047358243545168584	30	6447.0	False	0.0005151764612157
11332	0.00038916260256698294	30	6497.0	False	0.0004245881215886
11333	0.00041361166147265923	30	6529.5	False	0.0004975958264804
11334	0.0003537728823920546	30	6434.5	False	0.0004702575320462
11335	0.0003775944449962447	30	6472.0	False	0.0003882394913013
11336	0.00022380732409562018	30	6359.0	False	0.0002936324469192
11337	0.00033174376942099557	30	6311.5	False	0.0003705075954057
11338	0.0002940738896159889	30	6423.5	False	0.0003365073689855
11339	0.0004561173251915443	30	6361.0	False	0.0004353134787917
11340	0.0003832640430044495	30	6419.5	False	0.0004740584672109
11341	0.00030654509220526575	30	6431.0	False	0.0004143631919603
11342	0.0002929663941522003	30	6420.5	False	0.0005032211394813
11343	0.0006328879686158703	30	6327.0	False	0.0007032686006553
11344	0.0002525810652525487	30	6253.5	False	0.0002585705358874
11345	0.0006040725180096881	30	6252.0	False	0.0006291866677514
11346	0.00046815961642337437	30	6236.0	False	0.0004690252455565
11347	0.00039663784749342844	30	6192.0	False	0.0004562996844385
11348	0.0002940180202250685	30	6332.5	False	0.0003490851284364
11349	0.0005380729428882368	30	6095.5	False	0.0005792355205043
11350	0.00027310972160223874	30	6166.0	False	0.0003804398767154
11351	0.0009814792741965582	30	6190.0	False	0.000937613089298
11352	0.00079982981545827	30	6405.5	False	0.0009603944019677
11353	0.0002815586452997843	30	6334.0	False	0.0004149467035987
11354	0.0002717208830520776	30	6368.5	False	0.0003754196655547
11355	0.00043707393746112946	30	6295.5	False	0.0004598521980935
11356	0.0008778276745728297	30	6359.5	False	0.0009641445359786
11357	0.00030880407718643013	30	6357.5	False	0.0003452889637014
11358	0.0005777766653317314	30	6466.0	False	0.0005355561565096
11359	0.00029978394710648517	30	6459.0	False	0.0003192338387869
11360	0.00028515900236299863	30	6467.5	False	0.000308451573103
11361	0.00027846197305950106	30	6426.0	False	0.0003901239846088
11362	0.0002990778693104358	30	6555.5	False	0.0003048908700954
11363	0.0001742750349474405	30	6477.0	False	0.0002691690592805
11364	0.0004960931893299044	30	6616.5	False	0.0005604653938566
11365	0.0005582469272296261	30	6760.5	False	0.0006896586696687
11366	0.000360134754153967	30	6826.0	False	0.000431047445292
11367	0.00023991677182848671	30	6863.0	False	0.0003094430025953
11368	0.00023138976195271276	30	6858.5	False	0.0002796043598308
11369	0.0005391132514965533	30	6767.0	False	0.0005213262945847
11370	0.00026670408585900446	30	6746.0	False	0.0003151431359791
11371	0.0002628054076517448	30	6816.5	False	0.0003476280681955
11372	0.0003902741965435466	30	6879.0	False	0.0004293924097402
11373	0.0003318203294246895	30	6857.5	False	0.0004096477029754
11374	0.00025916347079482925	30	6939.5	False	0.0003604261916282
11375	0.00021356061917606424	30	7011.0	False	0.0002644634575168
11376	0.00039346461044268663	30	7023.0	False	0.0004487695422062
11377	0.00028043235483380237	30	7015.0	False	0.0003381789309624
11378	0.00037728544864919754	30	6900.0	False	0.0003426307086496
11379	0.0006181748496791462	30	6889.0	False	0.0007074059966262
11380	0.0008054242098404864	30	6677.0	False	0.0008514890861533
11381	0.0007555954278685011	30	7007.5	False	0.0007918002525988
11382	0.0007060847348183893	30	7078.5	False	0.0007112717346379
11383	0.0004734724896968062	30	7056.5	False	0.0004588729115244
11384	0.00040547817709631507	30	7183.0	False	0.0004630093699731
11385	0.000546136554491538	30	7177.0	False	0.0009778248405668
11386	0.0004462376489578573	30	7220.0	False	0.0004318137601488
11387	0.00025011323821863833	30	7199.5	False	0.0003195604374639
11388	0.0002659542549503954	30	7177.0	False	0.0003491419716477
11389	0.0005957708086695844	30	7136.5	False	0.0006201058506265
11390	0.0003154017081223459	30	7026.0	False	0.0005320473082799
11391	0.00030659500103822436	30	6919.0	False	0.000376722514127
11392	0.0005218231818553108	30	6646.0	False	0.0005559444879133
11393	0.00034746979777629966	30	6789.5	False	0.0003779080020759
11394	0.0005861809557279188	30	6653.0	False	0.0006603895266348
11395	0.00035258953018723195	30	6705.5	False	0.0003693141016434
11396	0.00042255073160539904	30	6718.5	False	0.0004611269943742
11397	0.0004207048455117648	30	6475.5	False	0.0005458341723988
11398	0.00023458390868200737	30	6806.0	False	0.0003350474904435
11399	0.00042764036688569014	30	6715.0	False	0.0004299336162023
11400	0.00041277339352085654	30	6779.0	False	0.0004977120481866
11401	0.0004447569710240388	30	6768.0	False	0.0005355257587889
11402	0.00041874424502876396	30	6796.0	False	0.0004069093202579
11403	0.00046783165062734956	30	6777.0	False	0.0005453507573749
11404	0.0006035229937799531	30	6566.0	False	0.0006264278870955
11405	0.00040866836735943513	30	6782.0	False	0.0004343271761068
11406	0.0013186270214485302	30	6605.0	False	0.0014991324950072
11407	0.0003941267523388574	30	6707.5	False	0.0004969715794378
11408	0.000700245582661988	30	6744.5	False	0.0007371551995216
11409	0.000537514757899302	30	6787.0	False	0.0005964153905756
11410	0.0005332761750186648	30	6636.5	False	0.0005788696917388
11411	0.0004289624010050885	30	6698.0	False	0.0004648472202136
11412	0.00022770093514427458	30	6659.5	False	0.0002653513564136
11413	0.000240003667950699	30	6613.0	False	0.0003740405333501
11414	0.0005377394819891967	30	6456.5	False	0.0005999700014999
11415	0.0004046334648396638	30	6510.5	False	0.0004994845744285
11416	0.0003139998579848977	30	6562.5	False	0.0004054552156284
11417	0.00036467839145268115	30	6558.0	False	0.0004585415217253
11418	0.00037513367518581024	30	6451.0	False	0.0004056362083689
11419	0.00029394194691770216	30	6450.0	False	0.0003586762170901
11420	0.0002835182629045621	30	6659.5	False	0.0004479773302634
11421	0.0006725630244325323	30	6635.5	False	0.0006367166297858
11422	0.000644788735119507	30	6746.0	False	0.0006869681123756
11423	0.0005679187691892238	30	6776.5	False	0.0006860290692019
11424	0.00058100255080095	30	6709.5	False	0.000552551808187
11425	0.0005364846958866153	30	6667.5	False	0.0005862272901773
11426	0.0009243716327135847	30	6561.5	False	0.0009590708605816
11427	0.0004636245735110344	30	6367.0	False	0.0005314994793474
11428	0.0005274725784276676	30	6368.0	False	0.0006021416714584
11429	0.0006378724481035309	30	6406.5	False	0.0006972596075887
11430	0.0004695596997287258	30	6480.0	False	0.0006588462156516
11431	0.0004449423014136845	30	6399.0	False	0.0005489637629563
11432	0.0004878888670250919	30	6326.0	False	0.0005332014072119
11433	0.0004509254137645643	30	6231.5	False	0.0005348993999097
11434	0.0005367885349401062	30	6418.0	False	0.0005765318887402
11435	0.0005753324952028055	30	6478.0	False	0.0006702956328077
11436	0.00043238993710691825	30	6591.5	False	0.0005737691854071
11437	0.002265625302141385	30	6570.5	False	0.002261802276774
11438	0.0004156545209176788	30	6569.0	False	0.0004359151560257
11439	0.00031137062592884017	30	6464.5	False	0.0003526762703127
11440	0.0005156726993299667	30	6433.5	False	0.0006661133921551
11441	0.0007362361072378008	30	6058.5	False	0.000735809989904
11442	0.0003577395133890933	30	6290.0	False	0.000460338764961
11443	0.00042660592321426896	30	6376.5	False	0.0003604233335881
11444	0.00019390499777509454	30	6431.0	False	0.0002912605649376
11445	0.0005529284904191123	30	6463.5	False	0.0006871634643775
11446	0.0003158100432463235	30	6481.5	False	0.0003813104189044
11447	0.0002798405922737841	30	6434.5	False	0.0003730899417114
11448	0.00042947924731848294	30	6260.0	False	0.0004486217343383
11449	0.00042656367771930177	30	6323.0	False	0.0004552809851622
11450	0.00037911377105345843	30	6565.5	False	0.0004247411733474
11451	0.00026217408304237175	30	6532.5	False	0.0003818717017157
11452	0.0006085856890779709	30	6590.0	False	0.0006098073849777
11453	0.0005321867217821378	30	6641.0	False	0.0006296639363883
11454	0.0004481627836492488	30	6694.0	False	0.0005710170276248
11455	0.000431719465509265	30	6726.5	False	0.0005113546295491
11456	0.0005391439399360776	30	6704.0	False	0.0006379454042207
11457	0.0003198058002016002	30	6677.0	False	0.0004294954721862
11458	0.0004205283241982379	30	6554.5	False	0.0004250919720593
11459	0.0002797103122710803	30	6632.5	False	0.000354153754811
11460	0.00029761193580733346	30	6500.0	False	0.0003339499923138
11461	0.00042107972868061865	30	6476.5	False	0.00042559982976
11462	0.0003865130475870066	30	6658.0	False	0.0003940028617049
11463	0.0002856672167559899	30	6633.0	False	0.0003802558653164
11464	0.0007418657683306278	30	6875.5	False	0.0008463007087768
11465	0.00026363586360872	30	6953.0	False	0.0003948287556819
11466	0.00036489064248715916	30	6940.5	False	0.0003997650763255
11467	0.0013366093011314497	30	6928.5	False	0.001161470844442
11468	0.0004620760425630728	30	7014.5	False	0.0004583666543135
11469	0.0002571040267604919	30	7083.0	False	0.0002860855735288
11470	0.0003027560701767122	30	6983.0	False	0.0003362800295518
11471	0.0003605544115469955	30	7047.0	False	0.0003901221082198
11472	0.0007539272880110234	30	7040.0	False	0.0008406564940714
11473	0.0005160351867893927	30	6987.5	False	0.0004872143152424
11474	0.0004401706114454426	30	7025.5	False	0.0004662828422638
11475	0.00048779412122539355	30	6988.0	False	0.0005750887421421
11476	0.0007291919867120402	30	6965.0	False	0.000753396479854
11477	0.00027400773693579347	30	7004.0	False	0.000340402859384
11478	0.0003390863126023824	30	6930.0	False	0.000436904531395
11479	0.0004896975582237997	30	6970.5	False	0.000502114294997
11480	0.00027166675692089234	30	6993.5	False	0.0003004230547607
11481	0.0004559828482562509	30	7008.0	False	0.000500736377025
11482	0.00024389232207387517	30	7069.5	False	0.000315206533019
11483	0.00027832755104251455	30	7046.5	False	0.0003742223950233
11484	0.0016313212899317629	30	7101.0	False	0.0024783445620789
11485	0.0007646435544967033	30	6935.0	False	0.0007385121705814
11486	0.0004134768040708759	30	7043.0	False	0.0004173561940997
11487	0.00024298608316471025	30	7143.5	False	0.0003121743181392
11488	0.00027383544800248894	30	7202.0	False	0.0003339806195817
11489	0.0003485855325612303	30	7318.0	False	0.0003810276456725
11490	0.00031147955429659477	30	7283.5	False	0.0003409817432691
11491	0.00033883441724683424	30	7149.0	False	0.0003941928660705
11492	0.0013955848432546723	30	7396.0	False	0.0014575556977814
11493	0.0005528438661340783	30	7410.0	False	0.0007482003689882
11494	0.0005072775359762	30	7485.5	False	0.0005286286912072
11495	0.0002370835019560232	30	7410.5	False	0.0003093002428237
11496	0.0005962776660352804	30	7246.5	False	0.0006808630526142
11497	0.0008592138513979601	30	7305.5	False	0.000890721111023
11498	0.0012196902854784788	30	7222.5	False	0.001110187267333
11499	0.0007002956785815274	30	7324.5	False	0.0006992322429971
11500	0.0008814378104711911	30	7168.0	False	0.0009108553933607
11501	0.0004889766430614946	30	7468.5	False	0.0005839495978503
11502	0.0006412497454104214	30	7399.0	False	0.0006636158770098
11503	0.0004771038283873652	30	7523.0	False	0.0004974674384949
11504	0.00039940091454849277	30	7595.5	False	0.0004669959586888
11505	0.000523618920140849	30	7547.0	False	0.0005697516154267
11506	0.00047835118380319745	30	7579.5	False	0.0005647573350682
11507	0.000691006600660066	30	7659.0	False	0.0006904047107872
11508	0.0005969148436538787	30	7592.0	False	0.0006527444527975
11509	0.0004535642811574191	30	7627.5	False	0.0004918091422848
11510	0.0005087065785564307	30	7539.5	False	0.0005752254476114
11511	0.0008648105726269991	30	7246.0	False	0.0008398365621431
11512	0.0004463768073642207	30	7367.5	False	0.0004917629702483
11513	0.00046471410201199187	30	7315.0	False	0.000495778863918
11514	0.0006617552607609127	30	7434.5	False	0.0006668812951294
11515	0.0005566703938100297	30	7472.0	False	0.0005646942157866
11516	0.0005177101304844529	30	7487.5	False	0.0005634835192523
11517	0.0008708009981285669	30	7407.5	False	0.0008830042485911
11518	0.0003761696599986628	30	7557.5	False	0.0004719956794241
11519	0.0006006021636844388	30	7485.0	False	0.0006036382926182
11520	0.0004067411589945144	30	7714.0	False	0.0004858198544323
11521	0.00034019493308394956	30	7855.5	False	0.0003366076073319
11522	0.0004394713793328984	30	7960.5	False	0.0004653407328254
11523	0.0004260828224583045	30	8071.5	False	0.0004541557372178
11524	0.0003919601331877911	30	8074.5	False	0.0004719267365628
11525	0.0004729507052087697	30	8139.5	False	0.0005177770107007
11526	0.00044464261104630056	30	7965.0	False	0.000496093800553
11527	0.00039086219973556794	30	8111.5	False	0.0004764233675121
11528	0.00041506822115896076	30	8164.5	False	0.0004749655334745
11529	0.0006211345607499441	30	8058.0	False	0.0006517544121217
11530	0.0005376022920443064	30	8064.0	False	0.0005329717652877
11531	0.0004206861683838307	30	8070.5	False	0.0010330137535963
11532	0.00041690535349055147	30	8131.0	False	0.0004533725408776
11533	0.00047417078628587375	30	8188.5	False	0.0004430791043894
11534	0.0010260918166140848	30	8040.0	False	0.0011021133885251
11535	0.0012239978175274488	30	7734.0	False	0.0012227851629406
11536	0.00047604480878155205	30	8090.5	False	0.0004961972469607
11537	0.00043094903343271246	30	8056.0	False	0.0004551290033104
11538	0.00042677765536813377	30	8137.5	False	0.0004202626004491
11539	0.00041733233442064707	30	8125.5	False	0.0004233771952107
11540	0.0004952194726378571	30	8011.5	False	0.0005485984820668
11541	0.0005146519057281023	30	7931.0	False	0.0005966483171904
11542	0.00043785894620045746	30	8008.5	False	0.0004108925451116
11543	0.00031011658383213567	30	8059.0	False	0.0003607178284786
11544	0.00045557685468403895	30	8007.0	False	0.0004112660934916
11545	0.00038997774298699925	30	8039.0	False	0.0004105587055732
11546	0.0004299779529168482	30	8027.5	False	0.0004058459080802
11547	0.0003936744891106518	30	7910.0	False	0.0005049817547896
11548	0.00031631850980154636	30	7880.5	False	0.000375019302464
11549	0.000630776147073684	30	7919.0	False	0.000635329582698
11550	0.00041456965830736874	30	7832.5	False	0.0003898065584953
11551	0.0002339921659006919	30	7773.5	False	0.0003284946952545
11552	0.0009330521942878659	30	7802.0	False	0.000961193474515
11553	0.0005071232447209548	30	7869.5	False	0.0005836149019263
11554	0.00025763877157648036	30	7848.0	False	0.000403918004645
11555	0.00028223994570728326	30	7854.5	False	0.0003688967352638
11556	0.0003675333689299511	30	7795.0	False	0.0004328468958694
11557	0.000385542974570886	30	7823.5	False	0.0004532672648621
11558	0.0005502154574390933	30	7752.0	False	0.0006349882993414
11559	0.00043031873352828955	30	7733.5	False	0.0005018163085859
11560	0.000535228434745666	30	7682.0	False	0.0005884043910239
11561	0.0002457737090889935	30	7784.5	False	0.0003009968306804
11562	0.0004029449440287878	30	7812.5	False	0.0005548798352228
11563	0.00045232881829658815	30	7873.0	False	0.0005274841205301
11564	0.00034485052787562045	30	7762.0	False	0.0004063207433437
11565	0.0003408295890979185	30	7700.5	False	0.0003963017838083
11566	0.0002691635709446506	30	7672.0	False	0.0003295458136395
11567	0.00027621561190016656	30	7685.5	False	0.0003243842331241
11568	0.0003167299203274837	30	7679.0	False	0.0003603489980045
11569	0.0004470294010929905	30	7634.0	False	0.0010132903891216
11570	0.0003704445746577213	30	7588.0	False	0.0003708645213812
11571	0.00044950098625418566	30	7731.0	False	0.0004648148561979
11572	0.00039440395925265	30	7768.0	False	0.00044362423253
11573	0.0004954183238515439	30	7787.5	False	0.0005174129353233
11574	0.0004758953172202702	30	7887.0	False	0.0006017634284817
11575	0.00024900272574942704	30	7959.0	False	0.0003426781818102
11576	0.0004889758670788996	30	7888.5	False	0.0005421120510634
11577	0.00034878376536215665	30	7994.5	False	0.000477426411229
11578	0.0003501761609240923	30	7992.5	False	0.0003776320301411
11579	0.0013410298182158233	30	7810.0	False	0.0012494830875127
11580	0.0004686709550040752	30	7853.5	False	0.0004854518895111
11581	0.00039336380191307	30	7910.5	False	0.0004513307684892
11582	0.000392056533584102	30	7814.0	False	0.0004389309592636
11583	0.00037310939654740407	30	7781.0	False	0.0004271526714839
11584	0.0003874954068594169	30	7887.5	False	0.0004635115812304
11585	0.0005914262703709226	30	7869.0	False	0.0006223975454744
11586	0.0005516894558447766	30	7943.5	False	0.0006607776309383
11587	0.0005322140968773145	30	7949.0	False	0.0005453884377651
11588	0.0003437202926196637	30	8014.0	False	0.0003382124402241
11589	0.0008577503987930505	30	7773.0	False	0.000840854061193
11590	0.0004746415392803226	30	7751.0	False	0.0005258274048871
11591	0.0005315287240930853	30	7947.5	False	0.0005955797623723
11592	0.0004070727058342774	30	7944.5	False	0.0005303118492362
11593	0.00045088630598581205	30	7819.0	False	0.0005031281445509
11594	0.00030297203419812094	30	7925.0	False	0.0003366858030819
11595	0.00026110698248914765	30	7854.5	False	0.0003431798436142
11596	0.00045167415177200035	30	7833.5	False	0.0005078631981491
11597	0.0003039480677444921	30	7739.5	False	0.0003477495322988
11598	0.0003984388685922906	30	7819.5	False	0.0004472369009522
11599	0.00036710105585833564	30	7785.5	False	0.000373209691158
11600	0.0003766595090043182	30	7684.5	False	0.000465617475289
11601	0.00039070058839340747	30	7519.5	False	0.0004094985462801
11602	0.00032308572550762324	30	7640.0	False	0.0003251062162089
11603	0.00036366712658706583	30	7666.5	False	0.0003910381173292
11604	0.0006606231067202501	30	7679.5	False	0.0006883932457519
11605	0.0004460060025223149	30	7811.0	False	0.0005451183560974
11606	0.00041428126968285316	30	7809.5	False	0.0004346465454292
11607	0.00020539648713094674	30	7785.5	False	0.0001957415341786
11608	0.00019460258488279784	30	7844.0	False	0.0002641047066922
11609	0.0005764660963779816	30	7769.5	False	0.0006160968504248
11610	0.0004092658901660671	30	7915.0	False	0.0004684786906665
11611	0.0006785555078636801	30	7968.0	False	0.0008192978787865
11612	0.000320593111377585	30	8078.5	False	0.0003614751548879
11613	0.0004006700135292734	30	7986.0	False	0.0003877620589739
11614	0.0007625850275521156	30	7931.0	False	0.0007784531024777
11615	0.000340543033049711	30	7938.5	False	0.0003684061720885
11616	0.00038329631451426683	30	8000.5	False	0.0004595353586928
11617	0.0003679339792841726	30	8083.5	False	0.0004050598729124
11618	0.0003771815444305633	30	8114.0	False	0.0022201928635461
11619	0.00041358751407454794	30	8157.0	False	0.0009190597892457
11620	0.00034610077484116514	30	8215.5	False	0.0004257592706994
11621	0.001201985555614428	30	8186.0	False	0.0011140707979427
11622	0.0005744256617522826	30	7887.0	False	0.0005770542256107
11623	0.00046765277416633666	30	8193.5	False	0.0004794664223671
11624	0.000508147520717879	30	8147.5	False	0.0004687242676711
11625	0.0004948415665251986	30	8419.0	False	0.0005240038809037
11626	0.00042361143413916164	30	8402.0	False	0.0004823433712531
11627	0.0006289234051190376	30	8336.5	False	0.000637388198385
11628	0.0003541291407653303	30	8443.5	False	0.0003389096907755
11629	0.00023482191988813894	30	8459.0	False	0.000296873474965
11630	0.0003653582459387511	30	8368.0	False	0.0004229632063074
11631	0.0005908707076331813	30	8239.5	False	0.0005975388086831
11632	0.000583407974104167	30	8361.5	False	0.0006379440914029
11633	0.0004679679082797134	30	8380.0	False	0.0005102082801866
11634	0.0006111528005432619	30	8407.5	False	0.0006731878317194
11635	0.000418643207668251	30	8401.0	False	0.0004936565137976
11636	0.00041420459422417545	30	8291.5	False	0.0004190297594105
11637	0.0005347270488126974	30	8158.5	False	0.0005487061087873
11638	0.00031600401099162904	30	8361.5	False	0.0003636273480822
11639	0.00034346217417815313	30	8446.5	False	0.0004222384376357
11640	0.0003834152938693336	30	8550.5	False	0.0004067388492544
11641	0.00033601647793805953	30	8647.5	False	0.0004259114907705
11642	0.0006466830243016179	30	8629.0	False	0.0006690958338707
11643	0.000495990329817891	30	8582.5	False	0.0004848269369846
11644	0.0005261492350157798	30	8707.5	False	0.000591784590409
11645	0.00035874856146653065	30	8710.5	False	0.0004379503921646
11646	0.0005829889334875083	30	8472.5	False	0.0006221272659553
11647	0.0004697140102680301	30	8582.0	False	0.0005611853526585
11648	0.000550429750372755	30	8600.5	False	0.0006046753498046
11649	0.0004557712973053316	30	8448.0	False	0.0005352767998682
11650	0.0004562575289516827	30	8428.0	False	0.0004294361998199
11651	0.00038226305280008417	30	8561.5	False	0.0004568053805148
11652	0.00043521147440404097	30	8396.0	False	0.000428675476017
11653	0.0007950488739316534	30	8518.5	False	0.0008007818916521
11654	0.00036985622753484026	30	8481.0	False	0.0004413809034695
11655	0.0003272892789280132	30	8653.0	False	0.0003352153859823
11656	0.0003696843777559025	30	8578.0	False	0.0003934692221884
11657	0.0016253259568331673	30	8787.0	False	0.0019052467871334
11658	0.002954550894929243	30	8806.0	False	0.0030487804878048
11659	0.00039935753655227465	30	8732.5	False	0.0004591954895023
11660	0.00039540926636516495	30	8633.5	False	0.0004457339211618
11661	0.0008618332586468859	30	8730.5	False	0.0010991426687183
11662	0.0007928506798671989	30	8702.5	False	0.0010178117048346
11663	0.0006026565665858282	30	8727.5	False	0.0006271996931914
11664	0.0004705425473545084	30	8651.0	False	0.0005265929436545
11665	0.00029322921871862556	30	8676.0	False	0.0003686783681974
11666	0.00041333403395250553	30	8589.5	False	0.0005028284098051
11667	0.002466606380852654	30	8522.0	False	0.0024347698202927
11668	0.0007893899259292681	30	8677.5	False	0.0007697889896118
11669	0.0005270152646016555	30	8775.0	False	0.0005386117282703
11670	0.0009276512323833361	30	8701.5	False	0.000940052642948
11671	0.0008894489624366841	30	8594.0	False	0.000911134058191
11672	0.0006471001817655606	30	8136.0	False	0.0008368343025602
11673	0.000808559245350618	30	8507.5	False	0.0008680520179152
11674	0.0005918131637658809	30	8337.0	False	0.0006032768333374
11675	0.0005181147214239984	30	8370.5	False	0.0006375386042044
11676	0.0005557341878419086	30	8464.5	False	0.0006402705553526
11677	0.00046918070773836404	30	8473.0	False	0.0005375417518116
11678	0.0005894867663538923	30	8371.0	False	0.0006561707040545
11679	0.00038849737089819683	30	8458.5	False	0.0004492474075539
11680	0.0004868865599114374	30	8357.0	False	0.0004752554498042
11681	0.0003273860435045623	30	8316.5	False	0.0003643750130881
11682	0.0003148849832267807	30	8366.5	False	0.0004152513516431
11683	0.0002616638686323457	30	8390.0	False	0.0004058576019613
11684	0.00045154082606264196	30	8462.5	False	0.0005103405700174
11685	0.0005190489624533965	30	8388.5	False	0.0006134308190959
11686	0.0006033880984968831	30	8412.5	False	0.0005897417920727
11687	0.0009944635923154147	30	8134.5	False	0.0012116265129388
11688	0.0005228744811147706	30	8473.5	False	0.0005896371274844
11689	0.001538213743991553	30	8515.5	False	0.0017218094503674
11690	0.0014508170631160047	30	8527.0	False	0.0014245999926734
11691	0.0012524736267399024	30	8561.0	False	0.0013264488198267
11692	0.0008913816476786435	30	8523.5	False	0.0009817460414451
11693	0.0007196681303547456	30	8463.0	False	0.0008195377806916
11694	0.0003442468326214685	30	8444.5	False	0.0004641152648742
11695	0.000465996995961258	30	8427.5	False	0.000480621110358
11696	0.0006472289445280812	30	8543.0	False	0.0006681866224988
11697	0.007002856571239859	30	8428.5	False	0.0074357689242373
11698	0.0003507367518187711	30	8565.0	False	0.000346651188288
11699	0.0003084583131735911	30	8637.0	False	0.0003717724752451
11700	0.0003574140494831934	30	8605.5	False	0.0003998048952111
11701	0.0004915911651611563	30	8633.5	False	0.000511600951258
11702	0.0003680098078782779	30	8700.5	False	0.0004384717481987
11703	0.0004765385061643436	30	8768.5	False	0.0005146296238096
11704	0.0003830042969909046	30	8900.0	False	0.0004646462299766
11705	0.00032677454825216366	30	8979.5	False	0.0003797963677656
11706	0.0003187777708242068	30	9021.0	False	0.0003549130653803
11707	0.00034531543958875836	30	8830.0	False	0.0003991453593482
11708	0.00026727507453531334	30	8838.5	False	0.0004024695217255
11709	0.0007344140554131303	30	8794.0	False	0.0007634879593226
11710	0.00043058106288726807	30	8948.5	False	0.0005029266462143
11711	0.0011417129689878795	30	8864.0	False	0.0051243910891667
11712	0.00046806178619304315	30	8796.5	False	0.0005095321710773
11713	0.0004839213792025686	30	8679.0	False	0.0005746557019716
11714	0.00043862960294061557	30	8634.5	False	0.0004697564432271
11715	0.0006383566617316157	30	8488.0	False	0.0006721137572778
11716	0.0009089024516480664	30	8612.0	False	0.0009325309847367
11717	0.0002477095160605709	30	8570.5	False	0.000404064650344
11718	0.00023703044650696102	30	8499.0	False	0.0003222142563697
11720	0.0003513251682682074	30	8352.5	False	0.0003831542562731
11721	0.0002562371327642427	30	8426.5	False	0.0003033563344847
11722	0.00025633947072387043	30	8450.0	False	0.0003434620979473
11723	0.0003890465001852939	30	8354.5	False	0.0004333907099021
11724	0.00034768831774494	30	8472.5	False	0.0004077101624785
11725	0.00031016258810571246	30	8401.0	False	0.0003326302125588
11726	0.00027662652763460753	30	8278.0	False	0.0003580084852126
11727	0.0006420197350103243	30	8377.5	False	0.0007708817670233
11728	0.0003080644237498744	30	8451.0	False	0.0003542145493626
11729	0.000800875498056332	30	8378.5	False	0.0007764827364715
11730	0.00036282062444489664	30	8413.0	False	0.0003895187009551
11731	0.00034848773350680133	30	8327.5	False	0.0003845839129367
11732	0.0003892114708147161	30	8234.0	False	0.0004186372321861
11733	0.00033775050938174745	30	8261.0	False	0.000376042381216
11734	0.0004775193145208416	30	8171.0	False	0.0004990829351067
11735	0.0006251781206156491	30	8326.5	False	0.0006008215314818
11736	0.0005024168002322148	30	8243.0	False	0.0005247131636898
11737	0.00035326083064955347	30	8353.5	False	0.0003751228323404
11738	0.00039333887009984777	30	8435.5	False	0.0004466642303163
11739	0.0006080746676551895	30	8420.0	False	0.0006251116270762
11740	0.00035848783445797526	30	8502.5	False	0.0004869842394191
11741	0.0005946381785750209	30	8516.0	False	0.0005677974292065
11742	0.0005036020275340876	30	8510.5	False	0.0005450273321113
11743	0.00042395803580690014	30	8397.5	False	0.0004457567231564
11744	0.00039420999177185075	30	8375.5	False	0.0004632932359187
11745	0.0008194753853990992	30	8277.5	False	0.0009673818677911
11746	0.0004648265286563159	30	8368.0	False	0.000507238373401
11747	0.0004906867037627099	30	8476.5	False	0.0006093156699042
11748	0.0004266595244252642	30	8575.0	False	0.0004665555440356
11749	0.0003219697535315535	30	8528.5	False	0.0004160832166433
11750	0.00039148897999519914	30	8495.0	False	0.0004263448969331
11751	0.00037114323932833676	30	8461.5	False	0.0004403862470203
11752	0.00023195641395142285	30	8621.5	False	0.0003094734586833
11753	0.000560738497661045	30	8496.5	False	0.0006258100202277
11754	0.00047304888972281604	30	8583.5	False	0.0005543347783259
11755	0.0003898246439209838	30	8660.5	False	0.0004313073757518
11756	0.0003616595274502257	30	8652.5	False	0.0004470414166069
11757	0.00041820146560882395	30	8609.0	False	0.00042996882726
11758	0.0003720171485979728	30	8625.0	False	0.0004157905366073
11759	0.0006422230280391803	30	8420.0	False	0.000651297133079
11760	0.00039535230177541614	30	8388.5	False	0.0004095834414741
11761	0.0006260569451024146	30	8604.0	False	0.0006443375851659
11762	0.0005237871800454172	30	8599.5	False	0.0006362891616094
11763	0.00029413383139745763	30	8463.5	False	0.0004114479336842
11764	0.00032989696331545766	30	8367.5	False	0.0004037191093711
11765	0.0005400656299756352	30	8450.0	False	0.000516129032258
11766	0.000608542808462112	30	8312.0	False	0.0007478178430154
11767	0.0005182318335053215	30	8287.0	False	0.0005814405804578
11768	0.00042161810860059804	30	8172.0	False	0.0004820478723404
11769	0.0003282950218296656	30	8426.0	False	0.0004149243870801
11770	0.0005567920675858876	30	8286.0	False	0.0006672097126086
11771	0.00048564425030414083	30	8435.5	False	0.000503701196391
11772	0.0007719729779689022	30	8342.0	False	0.0008860888121125
11773	0.00048431319086455804	30	8432.0	False	0.0004996132026817
11774	0.0003889324082053873	30	8344.0	False	0.0004222081486172
11775	0.0007271022446413576	30	8401.5	False	0.0007776175088841
11776	0.0028992763890103176	30	8191.0	False	0.0030115622479161
11777	0.0005077787720068802	30	8303.5	False	0.000549099313216
11778	0.0005401969496686512	30	8253.5	False	0.0006341258533933
11779	0.00029659465663000434	30	8137.5	False	0.0003784318781033
11780	0.0003824878910121367	30	7939.5	False	0.0004422257562485
11781	0.0004521521614938081	30	7933.0	False	0.0007669332469823
11782	0.0002812693121836523	30	7970.5	False	0.0003270444525615
11783	0.0003317002750417178	30	8011.0	False	0.0003795802685741
11784	0.0005021601409215579	30	8011.5	False	0.0006617129514505
11785	0.0004594220219226119	30	8014.0	False	0.0004472347391693
11786	0.00035199507912819653	30	7998.5	False	0.000375316805337
11787	0.00042107801643690075	30	8031.0	False	0.0004551201011378
11788	0.00047931105868287535	30	8293.5	False	0.0005145902677094
11789	0.00033565092708625634	30	8354.5	False	0.0003523379852747
11790	0.0004907702126122366	30	8211.5	False	0.0004719168441484
11791	0.00039845844796681444	30	8310.5	False	0.0004549368775082
11792	0.0004059374588159494	30	8159.0	False	0.000462181579588
11793	0.00038190205747272286	30	8351.5	False	0.0004570587259791
11794	0.0006521429421971218	30	8326.5	False	0.0006319780914261
11795	0.0004798244283854079	30	8446.5	False	0.0004604383372971
11796	0.00033707907723655754	30	8537.0	False	0.0003541555578546
11797	0.00030206774565863916	30	8575.5	False	0.0003046175269804
11798	0.00030174927184477805	30	8683.5	False	0.0003405741218472
11799	0.00030983082793619246	30	8648.5	False	0.0003663653016604
11800	0.0002819910304132672	30	8542.5	False	0.0003557168493878
11801	0.0003780457545743965	30	8762.0	False	0.0003747335878398
11802	0.0008510893799381631	30	8810.0	False	0.0009401344159123
11803	0.0002968121667866005	30	8852.0	False	0.0003178651863969
11804	0.00048118818530314285	30	8884.5	False	0.0004901431063494
11805	0.0003400062348595185	30	8949.0	False	0.0003951068130991
11806	0.0003677574449163305	30	8897.0	False	0.0003633538331896
11807	0.000331093962071533	30	8750.0	False	0.0003801789584664
11808	0.0002610289858035672	30	8937.5	False	0.0003186217115744
11809	0.0007242831132156161	30	8696.5	False	0.0009597535447687
11810	0.0004978049815499906	30	8803.5	False	0.0005248130842951
11811	0.0006193371962204284	30	8601.5	False	0.0006000024000096
11812	0.000685799306950521	30	7819.0	False	0.0012624570353877
11813	0.00029582698997738854	30	8593.5	False	0.0003122860540254
11814	0.0013261192543544335	30	8249.5	False	0.0012519068780261
11815	0.0005363669084627121	30	8601.5	False	0.0005646866589773
11816	0.000492899701450088	30	8648.5	False	0.0005378571770068
11817	0.0003701216590875176	30	8634.0	False	0.0003940674930142
11818	0.000945466726710039	30	8268.5	False	0.0010509764978483
11819	0.00043219720810496224	30	8491.5	False	0.0004319916024062
11820	0.00036925547807723955	30	8297.5	False	0.0004248473849199
11821	0.0004990897882549122	30	8361.0	False	0.0004919887826557
11822	0.00041577139139876507	30	8292.0	False	0.0004462975895797
11823	0.0004282034770672345	30	8192.5	False	0.0004928762671723
11824	0.00024243566661146757	30	8299.5	False	0.0003054607297209
11825	0.0005027169606851203	30	8408.0	False	0.0005672265478347
11826	0.0005666621464677985	30	8495.0	False	0.0006218026624459
11827	0.0005705807491766731	30	8578.5	False	0.0006852043661859
11828	0.000531255640766994	30	8728.5	False	0.0005148541312131
11829	0.0004424193849516684	30	8732.0	False	0.0004291693407722
11830	0.00032723797903049824	30	8717.5	False	0.0003393147420418
11831	0.0002915850806341954	30	8681.5	False	0.0003875294601477
11832	0.0002418185973528319	30	8732.0	False	0.0002433328754488
11833	0.0002444617024382834	30	8630.5	False	0.0003219485438784
11834	0.0004154410666201829	30	8564.0	False	0.0004327408523392
11835	0.0002899180981372762	30	8522.5	False	0.0003420220342665
11836	0.00048329832683468817	30	8352.5	False	0.0005014797763893
11837	0.0003515383321724121	30	8645.5	False	0.0003894158365089
11838	0.00032623829130213754	30	8643.0	False	0.0003538626694763
11839	0.00031408831314065595	30	8583.5	False	0.0004403857779414
11840	0.00031128036707441767	30	8607.5	False	0.0003719375144975
11841	0.000506556192866599	30	8558.5	False	0.0005097064973531
11842	0.00027132104172689677	30	8641.5	False	0.0003820849900299
11843	0.00037692255170452844	30	8623.5	False	0.0004412922308713
11844	0.0003838698245932767	30	8420.5	False	0.0004806771845352
11845	0.0004179449676419927	30	8487.0	False	0.0004368861345285
11846	0.00033906203909921584	30	8486.5	False	0.0004210952525559
11847	0.00036377807816927925	30	8421.0	False	0.0004433237076503
11848	0.0004624111911466591	30	8467.5	False	0.0005191539413112
11849	0.00035736169343025446	30	8462.5	False	0.0003531919212422
11850	0.0009159281000540721	30	8269.0	False	0.0009748529423965
11851	0.0005410419771332175	30	8495.0	False	0.0006504446051478
11852	0.0006598720736131695	30	8497.0	False	0.0007131460619832
11853	0.00036766544298974166	30	8554.0	False	0.0004808983180581
11854	0.00027635276862627	30	8479.5	False	0.0003761238215798
11855	0.00030921325520065094	30	8443.5	False	0.0003366976049847
11856	0.000280594279326297	30	8044.5	False	0.0002953923020766
11857	0.0003050389870940876	30	8532.5	False	0.0003935284645563
11858	0.0003881255280659459	30	8538.5	False	0.0004003523100328
11859	0.0009681025404180824	30	8220.0	False	0.0009887162755057
11860	0.0005134201912518205	30	8621.0	False	0.000561768859807
11861	0.0006537534526259616	30	8585.5	False	0.0006501100033694
11862	0.0004679598196553169	30	8592.5	False	0.0004374070510016
11863	0.00025120222880989823	30	8381.0	False	0.000300057984178
11864	0.0003527422696440725	30	8124.5	False	0.0004273969847561
11865	0.000744087953390279	30	7899.5	False	0.000745769685748
11866	0.0011751870615032073	30	6637.5	False	0.0011098214103895
11867	0.0006525953065941721	30	8189.0	False	0.0007314072941254
11868	0.0007615050567962769	30	8147.0	False	0.0007468820802543
11869	0.0008480792470819695	30	8074.0	False	0.0009313721377088
11870	0.0005958088224890591	30	8071.5	False	0.0006638822827466
11871	0.000574301397638966	30	8101.5	False	0.0006941395387735
11872	0.00044935578948916395	30	8089.0	False	0.0005363503037921
11873	0.0007569994044806011	30	7708.5	False	0.0006972832102919
11874	0.0006451826673036559	30	7927.0	False	0.0007138304652644
11875	0.00045056207105180637	30	7921.0	False	0.0005312164005626
11876	0.0003901569810475854	30	7932.0	False	0.0004446816079686
11877	0.0003379656891854835	30	7921.0	False	0.0003895515499494
11878	0.0003341793537964885	30	7886.5	False	0.0003921301190029
11879	0.0003418098955176844	30	7891.0	False	0.0003408272729983
11880	0.00032128151667125567	30	7717.5	False	0.000343475274128
11881	0.00031325548013312377	30	7873.5	False	0.0003250224522088
11882	0.0003479919720863695	30	7817.5	False	0.0004029976163119
11883	0.001105279810792222	30	7610.0	False	0.0010998728546979
11884	0.0005149975516538815	30	7490.5	False	0.0005470459518599
11885	0.0005070552962030087	30	7643.5	False	0.0005282274259171
11886	0.00391421123218381	30	7529.0	False	0.0040114461108432
11887	0.0012050969170363493	30	7660.5	False	0.0012126849453205
11888	0.000811209807212924	30	7699.0	False	0.0008655086161382
11889	0.000685384220393622	30	7752.0	False	0.0006985694326587
11890	0.0005058171852810971	30	7679.0	False	0.0004960574218817
11891	0.00020522824670075564	30	7681.5	False	0.0002753446109896
11892	0.000563380871704031	30	7511.0	False	0.0006125344826066
11893	0.0005830944218705136	30	7533.0	False	0.0005820365151329
11894	0.00024211271987521679	30	7632.5	False	0.0002978065897261
11895	0.00042805191518189623	30	7604.5	False	0.0004380182493147
11896	0.00032814326658429287	30	7755.5	False	0.0003527696669089
11897	0.0004940893017532427	30	7688.5	False	0.0004761312406435
11898	0.00034035480301354017	30	7776.5	False	0.0003471149246718
11899	0.0004034197168047021	30	7716.5	False	0.0004521354870906
11900	0.00028237727126053226	30	7726.5	False	0.0020902244756346
11901	0.00035519400507958863	30	7565.0	False	0.0003877286074008
11902	0.00067691899628109	30	7516.5	False	0.0006970871402767
11903	0.0003210334244817003	30	7524.0	False	0.0004408824633543
11904	0.00041038809994389846	30	7531.0	False	0.0004908212052289
11905	0.00038743944861060694	30	7488.0	False	0.0004213020867618
11906	0.000416126063534885	30	7545.5	False	0.0004092579369916
11907	0.00021808837489798285	30	7399.0	False	0.0003058483524082
11908	0.0003095062642869577	30	7491.5	False	0.0003903303334912
11909	0.00032233488873801	30	7505.0	False	0.0003550513728653
11910	0.00032917356152235383	30	7695.5	False	0.000346990181463
11911	0.00036343795665010677	30	7739.5	False	0.0004137695687412
11912	0.0010413431714281778	30	7578.5	False	0.0010145021785783
11913	0.00038590904936726443	30	7711.0	False	0.0004351684357827
11914	0.0005787168334696851	30	7693.0	False	0.0005797919807206
11915	0.00022996226219661393	30	7703.0	False	0.0003012696363245
11916	0.00020829604851419316	30	7676.0	False	0.0002635501501371
11917	0.0003518082568988443	30	7767.5	False	0.0003295217227566
11918	0.00041129776232533646	30	7727.0	False	0.0005063073886552
11919	0.00038068534399074243	30	7882.0	False	0.0004237324045119
11920	0.0003188583894452321	30	8004.5	False	0.0004491175050892
11921	0.000330204411328901	30	8002.5	False	0.0004363852052705
11922	0.00031723990505413155	30	7947.0	False	0.0003793448841719
11923	0.0002257520178789592	30	7950.5	False	0.0002846328024435
11924	0.00029008782133803823	30	7933.5	False	0.0003238410962873
11925	0.0005300260792214467	30	7985.0	False	0.0005226991675059
11926	0.00029497343109661844	30	7991.0	False	0.0003482027219261
11927	0.00023134246573879618	30	7934.5	False	0.0002862990928164
11928	0.0002726027764103125	30	7913.5	False	0.0002914065077929
11929	0.0004542719175238912	30	7889.0	False	0.0004508914768628
11930	0.000260204500612659	30	7803.5	False	0.0003000613168777
11931	0.0004705737218899355	30	7840.5	False	0.0025287027277892
11932	0.00022854018558174214	30	7826.5	False	0.0003194433052885
11933	0.0007845781734301973	30	7452.0	False	0.0008032239112873
11934	0.0004047062391201873	30	7834.5	False	0.0003895732873925
11935	0.0005377437411813689	30	7626.5	False	0.000444974458466
11936	0.00036022434643404933	30	7884.0	False	0.0004283896874918
11937	0.0018622086898578524	30	7721.5	False	0.0019459545326179
11938	0.0003250787545231602	30	7884.0	False	0.000385707165919
11939	0.0003219109592444607	30	7869.0	False	0.0003682618905265
11940	0.0004238817802136476	30	7735.0	False	0.0005115856509045
11941	0.00048156153986180585	30	7518.5	False	0.0005537522341426
11942	0.00036368405911794824	30	7802.5	False	0.0003733605081216
11943	0.0003265663745282328	30	7676.5	False	0.0003415588390548
11944	0.000613105399885544	30	7726.5	False	0.0006234288587229
11945	0.00039057049112866874	30	7710.0	False	0.0004246265718923
11946	0.0005001563477173233	30	7931.5	False	0.0005712208547541
11947	0.00046639182866777744	30	7883.5	False	0.000449240217031
11948	0.00018428348783615226	30	7919.5	False	0.0002395167857718
11949	0.001142012914048965	30	7822.0	False	0.0013472579338522
11950	0.00039105781304097644	30	7695.0	False	0.00042883179073
11951	0.0002965471179547911	30	7832.5	False	0.0003294039106832
11952	0.0005132592567287429	30	7737.5	False	0.0005526166845672
11953	0.0003675468057383093	30	7839.5	False	0.0003912879087639
11954	0.00019534202273133113	30	7854.5	False	0.0002592312694423
11955	0.00023932554241872696	30	7786.0	False	0.0003142315931099
11956	0.00036698249701917865	30	7853.0	False	0.0003692015576789
11957	0.00024536441934583126	30	7774.0	False	0.0002486071341368
11958	0.0004005170433943675	30	7747.0	False	0.0003829933154306
11959	0.0002621074005211302	30	7665.0	False	0.0003907337710749
11960	0.00033302014438687264	30	7877.5	False	0.0003411014076992
11961	0.0004881812488921792	30	7800.5	False	0.0004766843952066
11962	0.00025177231035767325	30	7804.5	False	0.0002827591996147
11963	0.00037490796552926934	30	7783.5	False	0.0003895235860957
11964	0.0005213723247906358	30	7556.5	False	0.0005703309288181
11965	0.0010249377467842055	30	7713.5	False	0.0010805866554273
11966	0.0003624186454252616	30	7597.5	False	0.0004035439318781
11967	0.0005599787262315465	30	7764.5	False	0.0006040632134386
11968	0.00039412690723331274	30	7562.0	False	0.0004272358296328
11969	0.00041309980000322686	30	7544.5	False	0.0006003574855936
11970	0.0004104026338474713	30	7537.0	False	0.0004689918950915
11971	0.00022098274738868517	30	7499.5	False	0.0002465483234714
11972	0.0003505010916707185	30	7489.5	False	0.0003872137465435
11973	0.0005763622861936312	30	7401.5	False	0.0006637198733401
11974	0.0005285128086674704	30	7356.5	False	0.0005702998942858
11975	0.0002766003875044632	30	7207.0	False	0.0003018426550834
11976	0.0004165298818779663	30	6815.5	False	0.0006114809272635
11977	0.00026763669598863697	30	7305.0	False	0.0003632976245924
11978	0.0009543354788210333	30	7099.5	False	0.0009726321438154
11979	0.0003953651596831576	30	7351.0	False	0.0003572306735885
11980	0.00030269056253904875	30	7387.0	False	0.0003462204270051
11981	0.00035795968762784847	30	7298.5	False	0.0004169028335339
11982	0.0006943966276269273	30	7166.5	False	0.0007140409002627
11983	0.0005082459982572863	30	7163.0	False	0.0004536165173711
11984	0.0004003013166257826	30	7144.0	False	0.0005272517243527
11985	0.0004154886003839041	30	7012.5	False	0.0005111852194445
11986	0.00035623062073492285	30	7083.5	False	0.0003411985198712
11987	0.00024904739950670177	30	7128.5	False	0.0003303790740767
11988	0.0005667849895717288	30	6950.5	False	0.0006401172733935
11989	0.0002793548730461937	30	7008.0	False	0.000334248884626
11990	0.000384666597623944	30	7015.5	False	0.0004587887012416
11991	0.0003389719891547283	30	7069.0	False	0.0004083220844602
11992	0.0005422640215573038	30	6974.5	False	0.0005842088351849
11993	0.0005273472792479688	30	6734.5	False	0.000607603581346
11994	0.0003790405231345802	30	6867.5	False	0.0004217216048958
11995	0.0005814272618250339	30	6740.0	False	0.0006728837805102
11996	0.0003753525441750241	30	6586.5	False	0.000462824040403
11997	0.0003403681610370826	30	6715.0	False	0.0004707673507817
11998	0.0002330724063916924	30	6663.5	False	0.0002832674905029
11999	0.000408569022431223	30	6632.5	False	0.0004053136621102
12000	0.0005214475109110233	30	6703.0	False	0.0005421360159026
12001	0.0003183751167839963	30	6538.0	False	0.0003642146301426
12002	0.0004746436618971026	30	6719.5	False	0.0005225946825991
12003	0.0005040710087848967	30	6713.5	False	0.0005285226031499
12004	0.0004834883697562018	30	6663.0	False	0.0005662285136501
12005	0.0025809069868649678	30	6565.5	False	0.0026291512915129
12006	0.0011802374237087176	30	6614.5	False	0.0013187708444716
12007	0.0010787775938250034	30	6588.0	False	0.0011312738348135
12008	0.0006307568372549224	30	6532.0	False	0.0007039993374123
12009	0.0006162887850822225	30	6476.0	False	0.0005701999884913
12010	0.0002987330617071178	30	6430.0	False	0.0003060185405026
12011	0.0004034025835376127	30	6242.5	False	0.0004460303300624
12012	0.00042581688976711137	30	6316.0	False	0.0004683840749414
12013	0.0005411844356410279	30	6138.5	False	0.000575224420489
12014	0.0003813462439372574	30	6422.5	False	0.0003819122132343
12015	0.0006977599917896843	30	6225.5	False	0.0007852675090114
12016	0.0004492615688256324	30	6332.0	False	0.0004822789286977
12017	0.0008566282812615543	30	5734.5	False	0.0010630238035109
12018	0.00047427095383382827	30	6325.5	False	0.0005319291835692
12019	0.0006295790268086611	30	6274.5	False	0.0006777234996557
12020	0.00038488046829608224	30	6219.5	False	0.0005204909051062
12021	0.0005145005441393745	30	5908.0	False	0.0006319841429433
12022	0.0005410746014518536	30	6103.0	False	0.0005422841904591
12023	0.00029861281320192504	30	6072.0	False	0.0003534540313395
12024	0.0004889651127666247	30	5966.0	False	0.0005127942156812
12025	0.000344265054996187	30	6041.0	False	0.0004015996108443
12026	0.00028746637515146935	30	5968.0	False	0.0003249362953841
12027	0.0002759192750773095	30	5926.5	False	0.0003839563550507
12028	0.0003345983656569669	30	5981.0	False	0.0004048005929473
12029	0.000365136577494349	30	5992.5	False	0.0004043280182232
12030	0.00019129386074041117	30	5978.5	False	0.0002727086789537
12031	0.00041670833750041673	30	5970.5	False	0.000409612233752
12032	0.00027847559153111915	30	5909.5	False	0.0003277029746231
12033	0.00032938098750774327	30	5824.0	False	0.0003555234354054
12034	0.0004061017561664983	30	5885.5	False	0.0003756791122413
12035	0.00023384314218691048	30	5843.5	False	0.0003142366667636
12036	0.0005933268695663652	30	5727.5	False	0.0007216757073309
12037	0.0002566914694853598	30	5781.5	False	0.0002816240319173
12038	0.0003320027386996344	30	5806.5	False	0.0003461649035725
12039	0.00015236934328813042	30	5808.5	False	0.0001879467405923
12040	0.0004926144535386007	30	5613.5	False	0.0004292494180949
12041	0.00033217074492089365	30	5890.0	False	0.0003647986658791
12042	0.0002840954237948663	30	5700.5	False	0.0002806154434022
12043	0.0002606341013874774	30	5718.5	False	0.0002915937682246
12044	0.0004860783045555167	30	5511.0	False	0.0005783547652741
12045	0.0004364744783866818	30	5640.5	False	0.0004662879843036
12046	0.00021897299700307358	30	5572.5	False	0.000318307583066
12047	0.004959621337425523	30	5456.0	False	0.0049888031848718
12048	0.0005067326955502591	30	5469.0	False	0.000600797760325
12049	0.0006518666992874393	30	5587.0	False	0.0006648125106735
12050	0.0005863458366534418	30	5467.5	False	0.0007237949124022
12051	0.0002093122852277652	30	5716.0	False	0.0003363363363363
12052	0.00031394779807792294	30	5587.5	False	0.0004325918343721
12053	0.002221332849051367	30	5668.0	False	0.002567696564724
12054	0.0004959566688533391	30	5580.5	False	0.0004841843332659
12055	0.0001796348369353232	30	5548.0	False	0.0002462371879713
12056	0.00034831752807274493	30	5545.0	False	0.0008938533710601
12057	0.00018765989640596358	30	5404.0	False	0.0002596941942512
12058	0.00029707744274607746	30	5353.5	False	0.0003754780981716
12059	0.00032077500475889145	30	5278.0	False	0.0003210911963215
12060	0.0003409342154890037	30	4995.5	False	0.0003347571671509
12061	0.0005539220934389163	30	5065.0	False	0.000580398540331
12062	0.0015547049489761386	30	4115.5	False	0.0016928930736489
12063	0.0003527841834748959	30	4938.5	False	0.000384988209736
12064	0.0002144601604114726	30	4860.0	False	0.000286522939306
12065	0.00021689160660004117	30	4810.5	False	0.0002686879542947
12066	0.0008497136128702615	30	4617.5	False	0.0007811644460668
12067	0.00037897870227243696	30	4742.0	False	0.0004010570718536
12068	0.0010566540738954533	30	4716.0	False	0.0010139216475867
12069	0.00022344580254990507	30	4646.0	False	0.0003049621701688
12070	0.0002446500512442675	30	4658.5	False	0.0003476472249784
12071	0.0008738808144931917	30	4593.5	False	0.0009456507396601
12072	0.00043248223060119773	30	4551.0	False	0.0006261556254558
12073	0.00028346228056566543	30	4523.5	False	0.0003255497351208
12074	9.35103796521414e-05	30	4463.0	False	0.0002245643451703
12075	0.0013864190047008498	30	4288.5	False	0.001519320956552
12076	0.001351199953901998	30	4104.0	False	0.0015280313326845
12077	0.0004650934765537599	30	4139.0	False	0.0005937718150962
12078	0.0006417037799821773	30	3726.5	False	0.0009583801632731
12079	0.0002464376896100753	30	4108.0	False	0.0003150980439682
12080	0.0002229723683294721	30	4059.5	False	0.000309875234445
12081	0.0003173649703201811	30	3865.5	False	0.000366593916246
12082	0.0003378734754924126	30	3798.0	False	0.0003632212536322
12083	0.00088932913778769	30	3626.0	False	0.0009290913847069
12084	0.001681631765363823	30	3897.5	False	0.0022350831569912
12085	0.0005712365210603095	30	3883.0	False	0.0005887874392012
12086	0.0015192039363690008	30	3832.0	False	0.0024963594757645
12087	0.0010195919554558297	30	3780.0	False	0.0011286980291874
12088	0.0010060696323536081	30	3706.0	False	0.000952894642215
12089	0.0006966543772840465	30	3479.0	False	0.0008075165540893
12090	0.0005131458861325135	30	3347.5	False	0.0004805052169137
12091	0.0012049609549097803	30	3219.5	False	0.0011457425019771
12092	0.0003520584621264554	30	3303.5	False	0.000450112528132
12093	0.0012160770248221368	30	3101.5	False	0.0010893702601918
12094	0.0003162370984032991	30	3228.5	False	0.0004083299305839
12095	0.0003186690277175285	30	3203.5	False	0.0005033229587172
12096	0.003328220837324174	30	2936.5	False	0.0033304196771373
12097	0.0011212643462657026	30	3014.5	False	0.001055586993427
12098	0.0006040630400261549	30	2959.5	False	0.0006402189990507
12099	0.0006170791056215659	30	2829.0	False	0.0005981824456459
12100	0.0005724048291999354	30	2810.5	False	0.0007307228356685
12101	0.0011843600903366685	30	2661.5	False	0.0011798046632691
12102	0.0004383198288352459	30	2771.0	False	0.0004829552147383
12103	0.000890226638432916	30	2691.0	False	0.001015653005138
12104	0.0004752420450282527	30	2647.5	False	0.0004857080408966
12105	0.005777350300877972	30	2481.0	False	0.0063391648443194
12106	0.0008738081773123689	30	2532.5	False	0.0011098920725639
12107	0.0023080701308036814	30	2458.5	False	0.0024640278290201
12108	0.001624119180603845	30	2302.0	False	0.0019354838709677
12109	0.0003514489634903143	30	2386.0	False	0.0004089533520543
12110	0.0011136748192585757	30	2326.5	False	0.0012259564574085
12111	0.0016892337684699093	30	2310.5	False	0.0017901287187793
12112	0.0006214924003777995	30	2295.0	False	0.0007432287572357
12113	0.002131832512471984	30	2237.5	False	0.0023910460459726
12114	0.0006906755698729081	30	2040.0	False	0.0009115187181168
12115	0.00034766791157523236	30	2004.5	False	0.0003954783640378
12116	0.0	30	1842.0	False	0.0002700804839842
12117	0.0004908466088498434	30	1803.0	False	0.000682052794573
12118	0.00046936886525698386	30	1820.0	False	0.0005141576995115
12119	0.00042821009279655055	30	1795.0	False	0.0004081784110727
12120	0.0	30	1751.5	False	0.0003604902667627
12121	0.0006575524627994983	30	1683.5	False	0.0009707968459008
12122	0.0012285679787490944	30	1607.5	False	0.0012883384589809
12123	0.00048290355849323833	30	1635.5	False	0.0005368905775703
12124	0.0	30	1550.0	False	0.0004571378814924
12125	0.0009420619689117333	30	1486.5	False	0.0013944178305557
12126	0.0	30	1327.5	False	0.0003982179745638
12127	0.0	30	1172.0	False	0.0006423504440596
12128	0.0007331945782303563	30	1012.5	False	0.0008383040464291
12129	0.0	30	1010.5	False	0.0003867349898482
12130	0.000314070351758794	30	1011.0	False	0.000933316168898
12131	0.0008908737137986	30	1003.5	False	0.000840770922261
12132	0.0	30	996.0	False	0.0004221875811899
12133	0.0	30	996.5	False	0.0004219957151204
12134	0.0006571473075729862	30	906.5	False	0.0007680491551459
12135	0.0	30	940.0	False	0.0006869547296833
12136	0.005767776276057118	30	922.5	False	0.007120170325643
12137	0.0	30	926.0	False	0.000171809497629
12140	0.0061952021899176635	30	786.5	False	0.0077204551851702
12141	0.004945652838401252	30	783.5	False	0.00754945498587
12142	0.0	30	774.0	False	0.0002836304700162
12143	0.0	30	459.0	False	0.0014322186935674
12144	0.0	30	459.0	False	0.0001874414245548
12145	0.0	30	453.0	False	0.000828183729375
12146	0.009941106573077847	30	455.5	False	0.0112316771368741
12147	0.0	30	467.5	False	0.0005535395780798
12148	0.0	30	466.0	False	0.0002473563787026
12149	0.0	30	472.5	False	0.0002439470634872
12150	0.0	30	478.5	False	0.0005418748871093
12151	0.0	30	482.0	False	0.000240009600384
12152	0.0	30	481.5	False	0.0001798561151079
12153	0.0	30	500.5	False	0.0002926029962546
12154	0.0	30	504.5	False	0.0005208936219469
12155	0.0	30	515.0	False	0.0004579278763594
12156	0.0	30	516.0	False	0.0004557885141294
12157	0.0	30	517.0	False	0.0002842847395951
12158	0.0	30	510.0	False	0.0004024839006439
12159	0.0	30	499.5	False	0.0002335630036202
12160	0.0	30	482.0	False	0.0002429690821842
12161	0.0	30	482.0	False	0.0002444390124663
12162	0.0	30	486.0	False	0.000488370673341
12163	0.0	30	486.0	False	0.0004242167141385
12164	0.0	30	487.5	False	0.000364719469941
12165	0.0	30	473.5	False	0.0002486016159105
12166	0.0	30	478.5	False	0.0004962163503287
12167	0.0	30	480.5	False	0.0002477393781741
12168	0.0	30	477.0	False	0.0003719315645921
12169	0.0	30	469.5	False	0.000314683114104
12170	0.0	30	468.5	False	0.0003160156743774
12171	0.0	30	465.0	False	0.0004501897228117
12172	0.0	30	459.0	False	6.559097468188377e-05
12173	0.0	30	456.5	False	6.586313640255549e-05
12174	0.0	30	462.5	False	0.0001947419668938
12175	0.0	30	464.5	False	0.0003188165529554
12176	0.0	30	477.0	False	0.0006311139160618
12177	0.0	30	475.5	False	0.0005106926268751
12178	0.0	30	477.0	False	0.0011414801192212
12179	0.0	30	462.0	False	0.0003256904637832
12180	0.0	30	464.0	False	0.0005224319205903
12181	0.0	30	476.5	False	0.0002582144470983
12182	0.0	30	472.0	False	0.0
12183	0.0	30	476.5	False	0.0006407381303261
12184	0.0	30	471.5	False	0.0005184369127081
12185	0.0	30	474.0	False	0.0002583144979011
12186	0.0	30	466.0	False	0.0004632080465854
12187	0.0	30	469.5	False	0.0006520605112154
12188	0.0	30	463.0	False	0.0008507296642889
12189	0.0	30	468.0	False	0.0004581751538159
12190	0.0	30	462.0	False	0.000657635144022
12191	0.0	30	465.0	False	0.0003234361860404
12192	0.0	30	448.0	False	0.0005332266879957
12193	0.0033755490608282485	30	426.5	False	0.0042511673287337
12194	0.0	30	451.0	False	0.000533155614795
12195	0.0	30	465.0	False	0.0003242121644404
12196	0.0	30	477.0	False	0.0001891670344914
12197	0.0	30	489.5	False	0.0003031405359524
12198	0.0	30	477.0	False	0.00075178549054
12199	0.0	30	482.5	False	0.0006225487144369
12200	0.0	30	484.5	False	0.0005532333415293
12201	0.0	30	492.0	False	0.0005453553899291
12202	0.0	30	489.5	False	0.0007881653934764
12203	0.0	30	491.5	False	0.0005433470176285
12204	0.0	30	486.5	False	0.0007925379503749
12205	0.0	30	509.0	False	0.0005280450598451
12206	0.0	30	522.5	False	0.0002870264064293
12207	0.0	30	535.0	False	0.000447752840432
12208	0.0020311051601606756	30	534.0	False	0.0018907796685574
12209	0.0	30	548.0	False	0.0008086689309396
12210	0.0	30	550.0	False	0.0005926404827326
12211	0.0	30	558.5	False	0.0003735325506937
12212	0.0	30	557.5	False	0.0002685140432844
12213	0.0	30	549.0	False	0.0002719016803523
12214	0.0	30	553.5	False	0.0004841833440929
12215	0.0	30	552.0	False	0.0004309880400818
12216	0.0	30	558.5	False	0.0006921889143283
12217	0.0	30	556.0	False	0.0004238186056367
12218	0.0	30	571.0	False	0.0004674110620618
12219	0.0	30	580.0	False	0.0003110903717529
12220	0.0	30	582.5	False	0.0002567262271513
12221	0.0	30	582.5	False	0.0003090394025238
12222	0.0	30	569.5	False	0.0002632826075509
12223	0.0	30	565.5	False	0.0006364022061943
12224	0.0	30	577.0	False	0.0003136598881279
12225	0.0	30	558.5	False	0.000480949072837
12226	0.0	30	569.5	False	0.0007316053511705
12227	0.0	30	578.5	False	0.0007637863435001
12228	0.0	30	569.0	False	0.0013033731296595
12229	0.0	30	549.5	False	0.0003750334851326
12230	0.0	30	541.5	False	0.0004341691088679
12231	0.0	30	546.5	False	0.0003203759077317
12232	0.0	30	529.0	False	0.000654521653758
12233	0.0	30	534.5	False	0.0001077934677158
12234	0.0	30	538.5	False	0.0007003932977749
12235	0.0	30	536.5	False	0.001033226385339
12236	0.0	30	534.5	False	0.0010937927262783
12237	0.0	30	558.0	False	0.0007994031123427
12238	0.0	30	558.5	False	0.0004243806694605
12239	0.0011278247775011602	30	609.5	False	0.0013123997472415
12240	0.0	30	623.0	False	0.0006568452660223
12241	0.002444645044299871	30	628.5	False	0.0023090422092915
12242	0.004677763775117272	30	626.0	False	0.0051892693323449
12243	0.0	30	627.5	False	0.0002769060365515
12244	0.0	30	633.5	False	0.0005002728761142
12245	0.0	30	623.0	False	0.0004619364375461
12246	0.0	30	638.5	False	0.0004038409763977
12247	0.0	30	649.5	False	0.0006148981026001
12248	0.0	30	652.0	False	0.000218674830527
12249	0.0	30	651.5	False	0.0003923449147739
12250	0.0	30	652.5	False	0.0004366049598323
12251	0.0	30	643.0	False	0.0003116929379285
12252	0.0	30	637.5	False	0.0002686246418338
12253	0.0	30	640.5	False	0.0001776593382189
12254	0.0	30	641.0	False	0.0002662406815761
12255	0.0	30	637.0	False	0.0004871999291345
12256	0.0	30	639.0	False	0.000397438728196
12257	0.0	30	636.5	False	0.0004849019175666
12258	0.0	30	646.0	False	0.0003506772454302
12259	0.0	30	656.0	False	0.0004769751105715
12260	0.0	30	656.5	False	0.0005153311002318
12261	0.0	30	654.0	False	0.0003893744051224
12262	0.0	30	654.5	False	0.0003017761683048
12263	0.0	30	650.5	False	0.000433463372345
12264	0.0	30	654.5	False	0.0003023758099352
12265	0.0	30	650.5	False	0.0001736487953114
12266	0.0	30	641.5	False	0.0002637130801687
12267	0.0	30	640.5	False	0.0003522832357215
12268	0.0	30	640.5	False	0.0005252560623303
12269	0.0	30	645.0	False	0.0001310615989515
12270	0.0	30	649.5	False	0.0004829433200158
12271	0.0011362756484707705	30	641.5	False	0.0013733221104859
12272	0.0	30	636.0	False	0.0001795977011494
12273	0.0	30	621.0	False	0.0002276348736626
12274	0.0	30	617.0	False	0.0003679852805887
12275	0.0025170188386748893	30	601.5	False	0.0024840644919385
12276	0.0	30	595.5	False	0.0003312041637094
12277	0.0	30	596.0	False	0.0002374056312615
12278	0.0	30	596.5	False	0.0004284898114644
12279	0.0	30	593.5	False	0.0002399117124898
12280	0.0	30	588.5	False	0.0007293236738464
12281	0.0	30	588.5	False	0.0004405286343612
12282	0.0	30	574.0	False	0.000451761871298
12283	0.0	30	571.5	False	0.0003036283588887
12284	0.0	30	563.5	False	0.0003626379319276
12285	0.0	30	565.5	False	0.0002069536423841
12286	0.0	30	563.0	False	0.000311009744972
12287	0.0	30	559.0	False	0.0003655352480417
12288	0.0	30	563.0	False	0.0001039122980204
12289	0.0	30	560.5	False	0.0001565762004175
12290	0.0	30	556.5	False	0.000472168301768
12291	0.0	30	555.5	False	0.000367685681269
12292	0.0	30	554.5	False	0.0006334793855249
12293	0.0	30	549.0	False	0.0003740715010954
12294	0.0	30	546.5	False	0.0003744917611812
12295	0.0	30	535.0	False	0.0006006661934145
12296	0.0	30	546.0	False	0.0004276474047148
12297	0.0	30	548.5	False	0.0011654394236372
12298	0.0	30	549.0	False	0.0006309811757282
12299	0.0	30	558.0	False	0.0004199695522074
12300	0.0	30	553.5	False	0.0005749830118655
12301	0.0	30	541.0	False	0.0006907545164718
12302	0.0	30	538.0	False	0.0005378368203087
12303	0.0	30	534.0	False	0.0063937244788308
12304	0.0	30	542.0	False	0.0003708609271523
12305	0.0	30	573.5	False	0.0003519887363604
12306	0.0	30	581.5	False	0.000936929828887
12307	0.0	30	579.0	False	0.0005856515373352
12308	0.0019497531574643365	30	576.0	False	0.0013568521031207
12309	0.0	30	591.0	False	0.0004355400696864
12310	0.0	30	593.0	False	0.0003384912959381
12311	0.0	30	594.0	False	0.0009650180940892
12312	0.0	30	583.0	False	0.0004411980979459
12313	0.0	30	582.0	False	0.0001474926253687
12314	0.0	30	538.5	False	0.0002054759336312
12315	0.0	30	511.0	False	0.0005965939906714
12316	0.0	30	494.0	False	0.0005611042531702
12317	0.0	30	486.0	False	0.0007368779049994
12318	0.0008229213708665763	30	491.5	False	0.0011235955056179
12319	0.0	30	481.5	False	0.0005075283369988
12320	0.0	30	480.5	False	0.0003967804103843
12321	0.0	30	472.0	False	0.0001154801085513
12322	0.0	30	481.5	False	0.0002868617326448
12323	0.0	30	459.5	False	0.0003557874762808
12324	0.0	30	462.5	False	0.0004662276356431
12325	0.0	30	466.5	False	0.000581260172053
12326	0.0	30	467.5	False	0.0011029838616045
12327	0.0	30	469.0	False	0.0005813277525869
12328	0.0	30	471.5	False	0.0004647110078419
12329	0.0	30	467.0	False	0.0006419983658223
12330	0.0	30	457.0	False	0.0003596044351213
12331	0.0	30	460.5	False	0.0002976722033696
12332	0.0	30	460.5	False	0.0007702790780351
12333	0.0	30	456.0	False	0.0008390267289943
12334	0.0	30	440.0	False	0.0008062515504837
12335	0.0	30	428.0	False	0.0003933652396249
12336	0.0	30	442.5	False	0.0006389776357827
12337	0.0	30	444.0	False	0.0007012175686874
12338	0.0	30	441.0	False	0.0005128205128205
12339	0.0	30	436.0	False	0.0006522306287503
12340	0.0	30	425.0	False	0.0009322767530132
12341	0.0	30	436.5	False	0.0011037527593818
12342	0.0	30	435.0	False	0.0006514657980456
12343	0.0	30	438.5	False	0.0011047569534702
12344	0.00153646085329041	30	442.0	False	0.0017521090201168
12345	0.0	30	453.0	False	0.0014004710675409
12346	0.0	30	456.0	False	0.0011390242359045
12347	0.0023432379287743063	30	450.0	False	0.002048
12348	0.0	30	561.5	False	0.001208127402526
12349	0.0010964480571155183	30	565.0	False	0.0013554543482975
12350	0.0011680428822345027	30	674.0	False	0.0013332107392423
12351	0.0	30	674.5	False	0.000866314061645
12352	0.0016687822204407032	30	726.5	False	0.0017417902204851
12353	0.0	30	871.0	False	0.0003876515365097
12354	0.0006948393304013801	30	925.0	False	0.0008517608517608
12355	0.0006067595217116944	30	978.5	False	0.0009154618347117
12356	0.0010161846369810697	30	1048.0	False	0.0009291451864284
12357	0.0008865847201032005	30	1154.5	False	0.0008038585209003
12358	0.0006909094724952684	30	1180.0	False	0.0006157463125192
12359	0.0006662225183211193	30	1332.0	False	0.0008299798792756
12360	0.0006844129564116105	30	1368.0	False	0.0008187772925764
12361	0.0014177352356871953	30	1302.0	False	0.0015178080757857
12362	0.001035733058711207	30	1475.5	False	0.0010708382801406
12363	0.0005655197025337585	30	1560.0	False	0.000552266501723
12364	0.0005526574592722453	30	1641.5	False	0.0007626149218319
12365	0.0005625081663341077	30	1622.0	False	0.0007889966947435
12366	0.0009501361335191778	30	1630.0	False	0.0009774132545736
12367	0.000738386648273583	30	1620.5	False	0.0008571367347376
12368	0.0009864911261998621	30	1743.0	False	0.001110415699259
12369	0.0008542220059245488	30	1839.5	False	0.0008094513076493
12370	0.0005333683896107731	30	1936.0	False	0.000647332988089
12371	0.0005695786964928212	30	1939.5	False	0.0006819899360404
12372	0.0019157000493105218	30	1947.0	False	0.0015216719370408
12373	0.000479903673927958	30	1937.5	False	0.0006816632583503
12374	0.0002153316106804479	30	2011.0	False	0.0004106776180698
12375	0.0004372570541875632	30	2012.0	False	0.000499776885319
12376	0.000575540757142621	30	2009.0	False	0.000642020223637
12377	0.0005343408019411649	30	2086.5	False	0.0006554662434884
12378	0.00046176012344863307	30	2145.5	False	0.0005180914180663
12379	0.00045566040242598163	30	2188.0	False	0.0005080301540478
12380	0.0007630703084422768	30	2169.0	False	0.000678167954083
12381	0.000399694621806936	30	2153.5	False	0.000546937151949
12382	0.0003892716196138953	30	2172.0	False	0.0004728903383611
12383	0.000404036811481465	30	2186.5	False	0.0004038706967577
12384	0.00041351811549106813	30	2162.5	False	0.0005523246369277
12385	0.0007765665028521334	30	2196.0	False	0.0011147739397703
12386	0.0008175747653670143	30	2227.0	False	0.0009860543738554
12387	0.0007986810362284524	30	2262.0	False	0.0009057692898154
12388	0.0007877387479403445	30	2329.0	False	0.0010828771898595
12389	0.0009010763814915137	30	2319.0	False	0.000996401058862
12390	0.0008526196429609815	30	2319.5	False	0.0009495408079998
12391	0.0010071097673528305	30	2328.0	False	0.0011176470588235
12392	0.0009707701370035848	30	2329.0	False	0.0009990890658517
12393	0.0004237656429079912	30	2393.0	False	0.0005428106162328
12394	0.0006634246508576496	30	2420.5	False	0.0007174509390166
12395	0.0006822313558508054	30	2450.5	False	0.0008376612497905
12396	0.0005701343881327369	30	2480.0	False	0.0006339406300818
12397	0.0007357934637622734	30	2439.5	False	0.0008630890234565
12398	0.0007368448107700819	30	2552.5	False	0.0008463191832348
12399	0.0006299146684323982	30	2533.5	False	0.0006459861382141
12400	0.00125885656602153	30	2472.0	False	0.0012338232068436
12401	0.000687686046379684	30	2622.5	False	0.0007804573480059
12402	0.0005869578735640203	30	2684.0	False	0.0006358006637758
12403	0.0006203559888982447	30	2737.0	False	0.0007214379003669
12404	0.0005196299902420424	30	2683.0	False	0.0004905413564097
12405	0.00036538933922869075	30	2768.0	False	0.0005159134739402
12406	0.00035932674330926633	30	2783.0	False	0.0005955775201165
12407	0.00028280563343063305	30	2785.0	False	0.0003301621462985
12408	0.0003603792520948272	30	2818.5	False	0.0005092143549951
12409	0.0004031292279209472	30	2831.0	False	0.0004597812409253
12410	0.0002926264297557162	30	2836.5	False	0.0003623188405797
12411	0.00012447099825740602	30	2919.5	False	0.0003395029208958
12412	0.00030834181784304275	30	2947.5	False	0.0004399777695442
12413	0.0005586712387376993	30	2961.0	False	0.0005517685331003
12414	0.0006220928860506117	30	2949.0	False	0.0007707528069206
12415	0.0005201329236094913	30	2972.0	False	0.0006173474637308
12416	0.0004262949481322975	30	2992.0	False	0.0004902743255877
12417	0.0032889819841082526	30	3003.0	False	0.0032886157195831
12418	0.00012725884448969204	30	3081.5	False	0.0002880024812521
12419	0.00031848180332916937	30	3164.5	False	0.0003870218667354
12420	0.00027786731623331124	30	3238.0	False	0.0003460751927009
12421	0.00040079405166787733	30	3262.5	False	0.0004783793340127
12422	0.0002586128383659752	30	3287.5	False	0.0003918050872797
12423	0.0	30	3247.5	False	0.0002094262767149
12424	0.00031449725536860664	30	3191.0	False	0.0003388430627177
12425	0.0003050359461658334	30	3139.0	False	0.0004119732434219
12426	0.00029180685339695177	30	3066.0	False	0.0004012393838746
12427	0.0005132225079969219	30	3014.5	False	0.0005195450592394
12428	0.0005034939929614498	30	2974.0	False	0.0005174435986477
12429	0.0004132350653517595	30	2902.5	False	0.0004908491690624
12430	0.0004211861325197556	30	2838.0	False	0.0004399629004256
12431	0.0003612562138417566	30	2768.5	False	0.0004146746024002
12432	0.0004849147535108532	30	2864.0	False	0.0005927471459224
12433	0.00040353975501441694	30	2882.0	False	0.0005085026371183
12434	0.0004970493254754084	30	2883.5	False	0.0006511804124931
12435	0.0004773793954628576	30	2928.5	False	0.0005831515844228
12436	0.0005499926375367103	30	2938.0	False	0.00062893081761
12437	0.003054493412640695	30	2899.5	False	0.0033180859384258
12438	0.0005061427380888334	30	2868.5	False	0.0004197447951645
12439	0.0	30	2830.5	False	0.0002550462726809
12440	0.00036868868683908153	30	2842.0	False	0.0004116322429114
12441	0.0002968437765667048	30	2861.0	False	0.0003064701988378
12442	0.00013283740701381508	30	2976.5	False	0.0003240778249748
12443	0.0003827094277938555	30	2941.0	False	0.0004972414936187
12444	0.0	30	2974.5	False	0.0002331002331002
12445	0.00036609091279960566	30	2940.0	False	0.0003646029356417
12446	0.00027617241575426216	30	2956.5	False	0.0002692798520131
12447	0.00032661154630919366	30	3008.0	False	0.0006584495246456
12448	0.00034993801447617703	30	3014.5	False	0.0004513105363652
12449	0.0005622559165481557	30	3039.0	False	0.0006884128641417
12450	0.0007196990886056018	30	3048.5	False	0.0006879550536031
12451	0.0005270886329853164	30	3073.0	False	0.0005014302157289
12452	0.00030086852706119604	30	3057.5	False	0.0004006639574151
12453	0.00037278418634350836	30	3046.0	False	0.0003913488875332
12454	0.0005089070386116706	30	3076.5	False	0.0005016245796044
12455	0.0005865120797408751	30	3071.5	False	0.0006287079480115
12456	0.0007807898173344991	30	3098.5	False	0.0007330799508272
12457	0.0008364332111330097	30	3087.0	False	0.0007795377002508
12458	0.0005530483723495082	30	3051.5	False	0.0005597505112007
12459	0.00086759781433319	30	3041.5	False	0.0009409712659506
12460	0.00029639957508156915	30	3075.0	False	0.0004069774014492
12461	0.00036565195356033224	30	3133.0	False	0.0004466479074545
12462	0.00038267397465626687	30	3149.5	False	0.0005218569223765
12463	0.0008483462495204178	30	3053.0	False	0.0009765400611199
12464	0.00032034520169237427	30	3124.0	False	0.0003928479229569
12465	0.00028913352711979715	30	3201.5	False	0.0003300547890949
12466	0.0004942756774383778	30	3211.5	False	0.0005450541783853
12467	0.0003199485829957886	30	3276.5	False	0.000354179858972
12468	0.00026543257590189	30	3279.5	False	0.000343237155422
12469	0.0005178633381958369	30	3273.5	False	0.0004627786088659
12470	0.00013743815283122595	30	3258.0	False	0.000237056193093
12471	0.0002879542191760264	30	3269.5	False	0.0003746962284148
12472	0.0003946111650723754	30	3275.5	False	0.0004593133799055
12473	0.00045174805324903016	30	3242.5	False	0.0004500932335983
12474	0.000538248355247679	30	3262.5	False	0.0005855922999936
12475	0.0003313791332274498	30	3269.5	False	0.000404461852861
12476	0.00011273957158962796	30	3206.5	False	0.0003446678801848
12477	0.0003951964171349568	30	3130.0	False	0.0004187650838081
12478	0.00036252879291236845	30	3169.0	False	0.0004545208592608
12479	0.0002658700343302076	30	3178.5	False	0.0002917405022258
12480	0.0005003804317900817	30	3269.5	False	0.0004836657659267
12481	0.0005364782175460883	30	3246.5	False	0.0004665563897018
12482	0.00027489010425774395	30	3230.0	False	0.0003948814821929
12483	0.0005162044795602868	30	3259.5	False	0.0006739537920431
12484	0.0003765143848438109	30	3304.5	False	0.0004783992345612
12485	0.00044239447156493644	30	3323.5	False	0.0005268758329287
12486	0.00037703010070448456	30	3303.5	False	0.0004429062892693
12487	0.0015599048657908257	30	3303.0	False	0.0015289724680944
12488	0.00041707730039748766	30	3398.0	False	0.0005466527641395
12489	0.00028860776278223687	30	3417.0	False	0.0003935696769701
12490	0.00039773634086351367	30	3417.0	False	0.0004439646039129
12491	0.0003705080531620714	30	3464.5	False	0.0003883920568844
12492	0.000256983153157865	30	3451.5	False	0.0002789928358625
12493	0.00029220475189198857	30	3432.5	False	0.0003689006759855
12494	0.0002923832275601937	30	3401.5	False	0.0004498155756139
12495	0.00032285276872285695	30	3386.0	False	0.0003917471924784
12496	0.0002784655528458071	30	3379.0	False	0.0003524211331849
12497	0.000276007064319767	30	3346.0	False	0.0003242706443865
12498	0.00035745856466382693	30	3404.5	False	0.0004797936887138
12499	0.00036265596374885994	30	3398.5	False	0.0004009703482427
12500	0.00011856770215793219	30	3410.0	False	0.0002800252022682
12501	0.00041281602506381803	30	3375.0	False	0.0005067193091726
12502	0.00039328368278101176	30	3335.5	False	0.0004706797229128
12503	0.00040792831641395743	30	3391.5	False	0.0005637262303828
12504	0.0004962712591877246	30	3477.5	False	0.0005225020949376
12505	0.00030206261315383085	30	3563.5	False	0.0003758420307034
12506	0.0011264223762897838	30	3577.0	False	0.0011483936963801
12507	0.0006847608540396437	30	3571.0	False	0.0005908161980493
12508	0.0002499708195543727	30	3535.5	False	0.0003214494447691
12509	0.0002547456433531145	30	3516.5	False	0.0003141751919414
12510	0.0003913369991831835	30	3550.0	False	0.0003491078355314
12511	0.00046866936767789893	30	3570.5	False	0.0004981558653063
12512	0.0003193544366899302	30	3582.5	False	0.000343413145092
12513	0.00027014720030452035	30	3587.5	False	0.0003894413890709
12514	0.0002443240249271982	30	3589.0	False	0.0002737992956749
12515	0.00024668575903099866	30	3576.0	False	0.0002759828319645
12516	0.0004262169661416802	30	3589.0	False	0.0004367765887748
12517	0.00034583743026855125	30	3585.0	False	0.0003321344859981
12518	0.00011531365313653136	30	3541.0	False	0.0002111283852517
12519	0.0003020464088317259	30	3581.0	False	0.0003013645788128
12520	0.00032987311819538144	30	3639.0	False	0.0003273536729082
12521	0.0	30	3693.0	False	0.0001847114345613
12522	0.00024309002999390618	30	3662.5	False	0.0002607877653282
12523	0.0002499444012703997	30	3616.0	False	0.0003193507786523
12524	0.00022226534735320824	30	3636.5	False	0.0003086852813245
12525	0.00033823163587901777	30	3745.0	False	0.0003624895784246
12526	0.0008405751024445386	30	3716.0	False	0.0009068923821039
12527	0.00031947154040177296	30	3759.5	False	0.0004508932194677
12528	0.00023747923642601616	30	3734.5	False	0.0004173812051428
12529	0.00047032719288602056	30	3663.5	False	0.0005729123351721
12530	0.0003236770042448346	30	3627.0	False	0.000354219877328
12531	0.00026746873392538865	30	3660.5	False	0.0003322105845983
12532	0.00042804718637611287	30	3612.0	False	0.0004102870144159
12533	0.00028140491065413865	30	3617.0	False	0.0004661917726475
12534	0.0002882544714960818	30	3573.0	False	0.0003971218123883
12535	0.0003484394470546593	30	3601.5	False	0.0004761371274927
12536	0.00044196835471449177	30	3492.5	False	0.0004707193359975
12537	0.00047384281076934455	30	3584.0	False	0.0005045691540057
12538	0.0006533257115555252	30	3566.5	False	0.0006845846540503
12539	0.00036784072827731825	30	3579.0	False	0.0005242562114999
12540	0.0005299124996603574	30	3541.0	False	0.000589023266419
12541	0.0005024629771095432	30	3484.5	False	0.000652453416745
12542	0.00042239889425138317	30	3480.5	False	0.0004779794851204
12543	0.00024540555777774237	30	3503.5	False	0.0003523406848741
12544	0.0005465131032685375	30	3455.0	False	0.000685275268319
12545	0.0004419867811232236	30	3474.0	False	0.0006322929240673
12546	0.0004082908290829083	30	3441.0	False	0.0004848249781828
12547	0.0005144811046144224	30	3395.5	False	0.0005306290902659
12548	0.0004375932895660258	30	3487.5	False	0.000466227081133
12549	0.00024045694586597582	30	3463.0	False	0.0003068573017653
12550	0.0005568988242277174	30	3488.0	False	0.0005978080371969
12551	0.0006641491287455545	30	3573.5	False	0.0007139744267341
12552	0.00043313506206518233	30	3572.0	False	0.0004632546418115
12553	0.00037489234336388695	30	3500.5	False	0.0004538363352715
12554	0.0003965092725492843	30	3467.5	False	0.0004942308057863
12555	0.0004104188983632747	30	3370.5	False	0.0004195981615745
12556	0.000510357277438263	30	3285.5	False	0.0005595523581135
12557	0.00038706440321597955	30	3453.5	False	0.0004873853211009
12558	0.00024067010247779875	30	3481.0	False	0.0003430858667683
12559	0.0003831518683003832	30	3452.5	False	0.0004985475010306
12560	0.0005621319364863262	30	3408.5	False	0.0006700590428837
12561	0.0004286507597765876	30	3378.0	False	0.00050930460333
12562	0.00033819048988213425	30	3306.0	False	0.0003977764297576
12563	0.0003912572571300641	30	3222.0	False	0.0005344790371154
12564	0.0007616956404853242	30	3295.5	False	0.0008120056539652
12565	0.0007975383300341657	30	3272.5	False	0.0008423915801439
12566	0.0005717469892830479	30	3341.0	False	0.0007056882448241
12567	0.00043378207946835037	30	3335.0	False	0.0004566527354491
12568	0.0003169758206363866	30	3395.5	False	0.0005091201033905
12569	0.0006973248657051984	30	3326.0	False	0.000747101247161
12570	0.0007191933564513699	30	3305.5	False	0.00077057793345
12571	0.0003029806390374973	30	3287.5	False	0.0004032136124915
12572	0.0002618490822532401	30	3289.0	False	0.0004443187785272
12573	0.0002634222536955093	30	3326.0	False	0.0004219960412752
12574	0.0011090010026383091	30	3353.5	False	0.0010945055819784
12575	0.0014606548598176702	30	3342.5	False	0.0015249372084678
12576	0.0004518662443261601	30	3336.0	False	0.0004885879807356
12577	0.0005048495497379051	30	3343.0	False	0.0005776029477667
12578	0.00023628632354554842	30	3313.5	False	0.0002420477237428
12579	0.0008963540695645613	30	3228.0	False	0.0009077311877868
12580	0.0	30	3192.0	False	0.0002399457513953
12581	0.0011497759032694998	30	3087.5	False	0.0012400258788009
12582	0.0005101645887363099	30	3110.0	False	0.0004498232837099
12583	0.001019210393279825	30	3120.5	False	0.0009072182553659
12584	0.00035944518092892105	30	3039.5	False	0.0004850462447499
12585	0.0002882137599229215	30	3060.5	False	0.0003299785513941
12586	0.0003097305975904224	30	2963.0	False	0.0004407427079684
12587	0.000548282693835517	30	2927.0	False	0.0006109721373649
12588	0.0002949686050806419	30	3123.5	False	0.0003470377078159
12589	0.0005005610491619328	30	3130.5	False	0.0004863235023937
12590	0.0003596141433245785	30	3128.0	False	0.000441144824618
12591	0.00029258893368577506	30	3162.0	False	0.0003211819495744
12592	0.001443993287585029	30	3113.5	False	0.0015040708003182
12593	0.00043631022418388383	30	3236.5	False	0.000421816341165
12594	0.00012071463061323032	30	3243.0	False	0.0003166293747625
12595	0.0008874104074783842	30	3232.0	False	0.0010125772756341
12596	0.001625197917531835	30	3131.5	False	0.0018518721441172
12597	0.0004065211896537198	30	3138.0	False	0.0004598556929039
12598	0.00028711073126435553	30	3144.0	False	0.0003062485644598
12599	0.0005110052021555887	30	3121.5	False	0.0006380216927375
12600	0.0007340854985807472	30	3128.0	False	0.0007761908986072
12601	0.0003159094690883081	30	3130.5	False	0.00037397569158
12602	0.0002945524455618061	30	3123.0	False	0.0003653069131565
12603	0.0003108851218299737	30	3153.5	False	0.0005131004366812
12604	0.00028769235391357193	30	3171.5	False	0.0004152914690389
12605	0.0005982676545330899	30	3155.5	False	0.0006491720305881
12606	0.0004114873538869026	30	3221.5	False	0.0004228604885665
12607	0.00027838418474110654	30	3208.5	False	0.000314356328318
12608	0.0005120545073375262	30	3267.0	False	0.0006921741723194
12609	0.0004030184614735763	30	3244.0	False	0.000428793482339
12610	0.00036535819904935104	30	3308.0	False	0.000410785759427
12611	0.0005397830676275751	30	3272.5	False	0.0005628418202092
12612	0.0003953828648794477	30	3294.5	False	0.0005612147652428
12613	0.00037251351220087556	30	3306.0	False	0.0004827065144392
12614	0.0002711140394514478	30	3294.5	False	0.0003780758041987
12615	0.000284148616629383	30	3332.5	False	0.0004045559220763
12616	0.0003221510591551631	30	3380.5	False	0.0004202197441784
12617	0.0003259654523338701	30	3355.5	False	0.0002990800709541
12618	0.00035263406338193463	30	3342.0	False	0.0005077753094255
12619	0.00033346594613709957	30	3403.5	False	0.0004668344564423
12620	0.00032943256257863	30	3427.0	False	0.0003618890608978
12621	0.0005314255851346541	30	3444.0	False	0.000590549210766
12622	0.0004012462084000203	30	3439.0	False	0.0004302323254557
12623	0.0002649435683185191	30	3419.0	False	0.0002944939781058
12624	0.0	30	3395.5	False	0.0001527650473571
12625	0.00024269912280887708	30	3346.0	False	0.0002482364866262
12626	0.00030216282814204477	30	3339.5	False	0.000501373554634
12627	0.00027507099411739244	30	3290.0	False	0.00029629943174
12628	0.00029823610727121926	30	3287.0	False	0.0003920197493192
12629	0.00010869565217391305	30	3297.5	False	0.0002221540479641
12630	0.00026822932902900764	30	3321.0	False	0.000326690623979
12631	0.001032201877180753	30	3257.0	False	0.0012667929911218
12632	0.0004854106034490878	30	3306.5	False	0.0005668874728366
12633	0.00047126400022741487	30	3237.5	False	0.0004899335741223
12634	0.00040494042071169813	30	3271.0	False	0.0005651765910254
12635	0.00032632525009869553	30	3286.5	False	0.0004758631629038
12636	0.0003281856438764572	30	3323.0	False	0.000439767551437
12637	0.00033754782826256693	30	3337.0	False	0.0003852160333159
12638	0.000999056758210491	30	3348.5	False	0.0010908524232507
12639	0.00022102042518447633	30	3398.0	False	0.0002252090861629
12640	0.00026712763306937354	30	3402.0	False	0.0003964381556477
12641	0.0002985566248607314	30	3355.5	False	0.0003298799030977
12642	0.00030883367313303467	30	3363.5	False	0.0004505934520578
12643	0.00023363206231672226	30	3352.0	False	0.0002770879087046
12644	0.00029923222263557336	30	3345.5	False	0.00035797203727
12645	0.000289989034789622	30	3399.5	False	0.0005029675082989
12646	0.0004275014772681958	30	3389.0	False	0.0004442828870309
12647	0.0003469531186066998	30	3386.0	False	0.0004137318613897
12648	0.0007092342916972349	30	3302.0	False	0.0007892495897979
12649	0.0002783468967729655	30	3316.5	False	0.0004435184421156
12650	0.0004552548352485861	30	3298.5	False	0.0005100606868123
12651	0.00038147799549356835	30	3343.0	False	0.0004405241212568
12652	0.0004725924307934617	30	3318.5	False	0.0005573733265898
12653	0.00036135794030530874	30	3332.5	False	0.0004621546677621
12654	0.00034085257522020366	30	3319.0	False	0.0003927810968928
12655	0.0002669658445667106	30	3339.0	False	0.0003093166164886
12656	0.0003082698714569752	30	3333.5	False	0.0003806075319144
12657	0.0003434523357152021	30	3380.0	False	0.0004076599300863
12658	0.0002842638297968602	30	3392.0	False	0.000294634602294
12659	0.0003537789185997377	30	3417.5	False	0.0004648060950225
12660	0.00026088318775776973	30	3420.5	False	0.0003136413763797
12661	0.00031231760389194735	30	3438.0	False	0.0003632364366505
12662	0.00039990882613969683	30	3477.0	False	0.0004498200719712
12663	0.0003369998189389824	30	3560.5	False	0.0004304062448033
12664	0.0019459966986203866	30	3421.0	False	0.0021575737930755
12665	0.0003864865312878618	30	3417.0	False	0.0004649235402916
12666	0.0004526946164226357	30	3412.5	False	0.0004979421777348
12667	0.0015659268442920421	30	3330.5	False	0.0015542654808959
12668	0.000515066524894042	30	3171.0	False	0.000595077089532
12669	0.0007539207274931615	30	3199.5	False	0.0008638249314805
12670	0.0002857352785102579	30	3140.0	False	0.0003803190333376
12671	0.0006023378214028469	30	3160.5	False	0.0005903061005452
12672	0.001171622989804808	30	3159.5	False	0.0013123924268502
12673	0.0004571961165113425	30	3147.0	False	0.0004419436899064
12674	0.00039354201269822705	30	3130.0	False	0.0004891995608075
12675	0.00031777519674653016	30	3153.5	False	0.0003898466603136
12676	0.0	30	3109.0	False	0.0002419842710223
12677	0.0003977805802509683	30	3127.5	False	0.0003930860530884
12678	0.00040793430984636773	30	3120.0	False	0.0004272287097692
12679	0.000283126615504839	30	3145.0	False	0.0003797042646213
12680	0.0003972459089429709	30	3195.5	False	0.0004366021702322
12681	0.0002762272025771948	30	3166.5	False	0.0003542444931083
12682	0.0003294459685820007	30	3187.5	False	0.0003835336231142
12683	0.0003015553216944709	30	3149.5	False	0.0004316857327865
12684	0.00039902177975971773	30	3185.0	False	0.000436485968573
12685	0.0005605141716326118	30	3157.5	False	0.0006156105885021
12686	0.0002775961925879814	30	3147.0	False	0.0003244155113869
12687	0.00029508543873106564	30	3150.5	False	0.0003554387514406
12688	0.0004212181555758393	30	3166.5	False	0.0006317322311925
12689	0.0003885513015903082	30	3206.5	False	0.0004574906108031
12690	0.0005404191468123594	30	3292.0	False	0.0005791166402961
12691	0.0002936261201524115	30	3253.5	False	0.0003763997365201
12692	0.00046819778208491734	30	3233.5	False	0.0005025230846542
12693	0.0004704872176191488	30	3181.5	False	0.0004169272461955
12694	0.0002777401080783532	30	3150.0	False	0.0003840491582922
12695	0.00025117473266008885	30	3191.0	False	0.0002239020801569
12696	0.0003824566813370054	30	3212.0	False	0.0004347918301554
12697	0.0003525689336154381	30	3229.5	False	0.0003910709000972
12698	0.000480615427968896	30	3230.0	False	0.0005300540655146
12699	0.0005483272074022294	30	3162.5	False	0.000615710335292
12700	0.0003152535051107596	30	3317.5	False	0.0004333649758553
12701	0.0003870986108801156	30	3318.5	False	0.0004440726626803
12702	0.0004897948823797877	30	3352.5	False	0.0005508742578499
12703	0.0004925534721653611	30	3375.0	False	0.0005272871078302
12704	0.0002910767511177347	30	3372.5	False	0.0004565190926429
12706	0.00031184166961216214	30	3405.0	False	0.000422564969364
12707	0.0005177474670154481	30	3428.0	False	0.0006434424169305
12708	0.00025050125341581213	30	3430.0	False	0.0003614602996104
12709	0.00043592186167138976	30	3442.5	False	0.0003901092305845
12710	0.00036449360944659103	30	3374.0	False	0.0004799591524125
12711	0.0002830443688466983	30	3379.0	False	0.000357011709984
12712	0.0002590454567412202	30	3354.5	False	0.000257625721352
12713	0.00011568718186024989	30	3317.0	False	0.0002600563802232
12714	0.0002796856634997893	30	3289.5	False	0.0002831108641172
12715	0.00036723580533736525	30	3179.5	False	0.0005290091335046
12716	0.0002978071539876774	30	3296.5	False	0.0004094703134022
12717	0.00034827161827352487	30	3245.0	False	0.0003829257655856
12718	0.00028241919573328907	30	3217.0	False	0.0003108786072638
12719	0.0005431097913588246	30	3166.0	False	0.0005663994423143
12720	0.0004459937204875275	30	3101.5	False	0.0005425155004428
12721	0.0002963780503759273	30	3237.5	False	0.0003732576864422
12722	0.0003243143556075103	30	3217.0	False	0.0003643729035161
12723	0.000322101393432098	30	3238.0	False	0.0004155611674072
12724	0.0	30	3247.5	False	0.0002758796315945
12725	0.0003861003285985593	30	3223.0	False	0.0004283801874163
12726	0.00034227823570607315	30	3319.5	False	0.0003838851249701
12727	0.00038833982350629774	30	3317.5	False	0.000530437767169
12728	0.00028005081683578955	30	3330.0	False	0.000322034426519
12729	0.00028585616213523365	30	3327.5	False	0.0003313281080129
12730	0.00027060477219259353	30	3354.0	False	0.0002986796300492
12731	0.0003195410043592335	30	3279.0	False	0.0003163489117597
12732	0.00027694595565720215	30	3284.0	False	0.0004541230145319
12733	0.0004958530220367651	30	3188.0	False	0.0005392056422478
12734	0.0002644010767395143	30	3311.0	False	0.0004476462137458
12735	0.00045733822052184607	30	3352.5	False	0.0005241359464764
12736	0.0005166240552251739	30	3273.5	False	0.0045301890543099
12737	0.0003564589094826131	30	3199.5	False	0.0004791924010733
12738	0.0005439163209276726	30	3030.0	False	0.0005966916761511
12739	0.00034184588598905113	30	3063.5	False	0.0004306204246579
12740	0.0002630757251173893	30	3043.5	False	0.0003663491640578
12741	0.00036967550599760067	30	3077.0	False	0.0003732859040655
12742	0.0002682734540557882	30	3060.0	False	0.0002557829181494
12743	0.0004088553986619946	30	3074.0	False	0.0004333574087449
12744	0.0002776396514732355	30	3165.5	False	0.0003558488612836
12745	0.00044880054579905093	30	3186.5	False	0.000427972267397
12746	0.00031368103242277893	30	3192.5	False	0.0004307652544745
12747	0.0002798379625822932	30	3206.5	False	0.0003216675244467
12748	0.00029154917638313227	30	3211.5	False	0.0004290694556181
12749	0.0007753569061470969	30	3227.0	False	0.0008028173536999
12750	0.0003461995179055037	30	3234.0	False	0.0004037785168577
12751	0.00025705475992716367	30	3315.0	False	0.0003234152652005
12752	0.00047389618568870575	30	3264.0	False	0.0005514374489655
12753	0.00026962201464476323	30	3250.5	False	0.0004473891646605
12754	0.00032925310915510054	30	3293.0	False	0.0003601313420188
12755	0.0004839940273077481	30	3191.5	False	0.0004385628296073
12756	0.00029189872501803613	30	3244.0	False	0.0004101235767092
12757	0.0003006255614418459	30	3252.0	False	0.0003225910513242
12758	0.000361692758631844	30	3235.5	False	0.0003774724445115
12759	0.0004897704757452304	30	3235.5	False	0.0005304006148317
12760	0.0007018607894599309	30	3231.5	False	0.0008915078441818
12761	0.0018177449101769152	30	3226.0	False	0.0019552584436579
12762	0.0007145469035198936	30	3279.0	False	0.000732190541821
12763	0.0008517368789703703	30	3291.5	False	0.0010222088318843
12764	0.0031727433229279418	30	3284.5	False	0.0031338815825021
12765	0.0005810314865899452	30	3253.5	False	0.0006696673619497
12766	0.0005977551588082937	30	3219.0	False	0.0007196873235382
12767	0.0004994921538834829	30	3227.5	False	0.0005313261013947
12768	0.000526127341468734	30	3172.0	False	0.0005446375890709
12769	0.0007679067920031775	30	3165.0	False	0.0008610532040242
12770	0.000953508083636367	30	3090.5	False	0.0011726187711884
12771	0.0009706617245198288	30	3091.5	False	0.0012618953900298
12772	0.0008905933062880324	30	3116.0	False	0.000958252516856
12773	0.0006180730008007636	30	3151.5	False	0.0007184891200218
12774	0.0005595830531901626	30	3103.0	False	0.0006922411306605
12775	0.0005319323471440565	30	3102.0	False	0.0005534353345401
12776	0.0008691883305972327	30	2967.5	False	0.0009168003667201
12777	0.0003761796109802004	30	3011.5	False	0.0003793536761742
12778	0.0001481042654028436	30	3066.5	False	0.0002799062314124
12779	0.0003265824004488589	30	3064.0	False	0.0006406149903907
12780	0.0005777323791624356	30	3014.0	False	0.0006068249964304
12781	0.0002838905701586483	30	3097.0	False	0.0002771074599637
12782	0.00013601741022850925	30	3129.5	False	0.0002183556669041
12783	0.0	30	3131.0	False	0.0002284330634015
12784	0.0002981564598422459	30	3119.5	False	0.0004017354973485
12785	0.0002842290209057351	30	3150.5	False	0.0003281471004243
12786	0.00041000111962808295	30	3151.0	False	0.0004190450303524
12787	0.0	30	3159.0	False	0.0002596845397373
12788	0.0004872422067359781	30	3210.5	False	0.0004892041537879
12789	0.00040548788406098225	30	3307.0	False	0.0004438622511394
12790	0.00024400420916914056	30	3328.5	False	0.000269655164975
12791	0.00028641624898484864	30	3343.0	False	0.0003967573132023
12792	0.0004398063580295442	30	3389.0	False	0.0005264377013624
12793	0.00039654465724504634	30	3406.0	False	0.0003890191460504
12794	0.00026072224037183454	30	3409.5	False	0.0003037826173491
12795	0.0005300866683975619	30	3394.0	False	0.0006009108543476
12796	0.00037923256148683903	30	3410.0	False	0.0004615207107418
12797	0.00032421301281654075	30	3411.0	False	0.0004190148959795
12798	0.0002808151120871371	30	3429.0	False	0.000353367907958
12799	0.000474451700963052	30	3401.0	False	0.0005538140020898
12800	0.00027625875251116616	30	3386.0	False	0.0003458394466568
12801	0.0003162680529683016	30	3356.0	False	0.0003601160844789
12802	0.00042928713089507336	30	3325.0	False	0.000565345394035
12803	0.0005158883776122003	30	3364.5	False	0.0014140689305839
12804	0.0005208931983249007	30	3350.5	False	0.0005393172877627
12805	0.00029416098869224923	30	3399.0	False	0.0004287985274431
12806	0.0002680894448709014	30	3390.5	False	0.0003867016440045
12807	0.0003613468660944482	30	3346.0	False	0.0004125718033619
12808	0.00028319689849684343	30	3373.0	False	0.0004199651428931
12809	0.0003424529470468765	30	3350.0	False	0.0003401577481557
12810	0.00025239586600664583	30	3326.5	False	0.000340389320285
12811	0.0003034428197118002	30	3287.5	False	0.0003579059249699
12812	0.00040761923735957087	30	3192.5	False	0.0004835535563677
12813	0.0004805201259360767	30	3352.5	False	0.0005920037211662
12814	0.0007905712305613585	30	3347.0	False	0.0009578849899422
12815	0.0009549438410556273	30	3481.0	False	0.000984371828699
12816	0.0003694903253039938	30	3507.0	False	0.000471783341029
12817	0.0007137911371782339	30	3564.0	False	0.0007533852772656
12818	0.0011452376409088196	30	3546.5	False	0.0011034565029375
12819	0.0010100462235782077	30	3467.0	False	0.0009692888480767
12820	0.00038672902707854117	30	3493.0	False	0.0004726373162245
12821	0.0005117204713032495	30	3400.0	False	0.0005950548886836
12822	0.0004354102311309358	30	3430.0	False	0.0004576659038901
12823	0.0004014775011209412	30	3421.5	False	0.0004698000285965
12824	0.0	30	3372.0	False	0.000185565097267
12825	0.000503327483555098	30	3392.5	False	0.0004916521560995
12826	0.00040326157050194313	30	3344.0	False	0.0005706814974682
12827	0.0005696444461815334	30	3448.0	False	0.0005753623773569
12828	0.00045852033427835263	30	3492.0	False	0.0006387161804772
12829	0.00042918651983357773	30	3528.5	False	0.0004234659208414
12830	0.0007429481963905384	30	3489.5	False	0.0007086040500214
12831	0.0004509301941150026	30	3432.5	False	0.0005285148732062
12832	0.0005980432390000367	30	3351.5	False	0.000668325484793
12833	0.0004905817553564236	30	3455.0	False	0.0005577244841048
12834	0.0003881018732503881	30	3444.5	False	0.000488456477531
12835	0.0006259441615845129	30	3393.0	False	0.000769722899756
12836	0.00040990838562279407	30	3513.5	False	0.0004764636672144
12837	0.0003691253744005263	30	3480.5	False	0.0003804506877377
12838	0.0005212825407900559	30	3492.5	False	0.0006613370679426
12839	0.0005277058080498667	30	3404.0	False	0.0006395523133806
12840	0.0003224887843955222	30	3375.5	False	0.0003313885178899
12841	0.00048453141341700285	30	3398.5	False	0.0005094192620412
12842	0.00028582961402261544	30	3433.0	False	0.000367643405769
12843	0.0006448876120279318	30	3462.0	False	0.0007227937463489
12844	0.00047335985821043877	30	3503.5	False	0.000569509632568
12845	0.0004258579264699216	30	3608.5	False	0.000469061111962
12846	0.00025518965214833616	30	3600.5	False	0.0003659793317987
12847	0.00025434347445922584	30	3621.5	False	0.0003655427829349
12848	0.0004196787696107362	30	3604.5	False	0.0005158301458923
12849	0.0001030290541932825	30	3612.0	False	0.0002638986629134
12850	0.00038686255718581547	30	3652.0	False	0.0004274500660604
12851	0.0004372126505991854	30	3652.5	False	0.00048612596496
12852	0.0002990148512772452	30	3703.0	False	0.0003548990456093
12853	0.0003963992949777709	30	3691.0	False	0.000405233298599
12854	0.000962680253688297	30	3654.0	False	0.001216627896791
12855	0.000259043761519009	30	3691.5	False	0.0003958942865695
12856	0.0005355093366852065	30	3632.0	False	0.0005773785058618
12857	0.0005426781150253819	30	3594.5	False	0.0005558257486278
12858	0.0004698129068723228	30	3666.5	False	0.0005451235775681
12859	0.00035643782922447655	30	3673.5	False	0.0004584024188042
12860	0.0004735316650758963	30	3654.5	False	0.0006067189227803
12861	0.0002669891493556762	30	3690.0	False	0.000328753347966
12862	0.00040631465536620636	30	3661.5	False	0.0005060039312613
12863	0.00026101489665578527	30	3642.0	False	0.0004508875623646
12864	0.000296432096013447	30	3529.5	False	0.0003632584281
12865	0.0002556699710177515	30	3587.5	False	0.0003778162222354
12866	0.0006949004422642385	30	3566.5	False	0.000678277175973
12867	0.0005247742989070389	30	3694.5	False	0.0005426304008682
12868	0.00045318930627191213	30	3677.5	False	0.0005253787104871
12869	0.0004909051337265069	30	3682.0	False	0.0007276466935734
12870	0.0005094403474679024	30	3651.5	False	0.0006927978298839
12871	0.000293266254196137	30	3647.0	False	0.0004018386568787
12872	0.00023851123047002718	30	3551.0	False	0.0002918767676157
12873	0.00023246370186287075	30	3558.5	False	0.0002825200791056
12874	0.00023986301891555339	30	3598.0	False	0.0003499370113379
12875	0.0002251491869992883	30	3624.5	False	0.0002478093652115
12876	0.0005835613002077973	30	3706.0	False	0.0006343505714034
12877	0.00023940851384824443	30	3737.5	False	0.0002509047044632
12878	0.00035147801009372746	30	3801.5	False	0.0003904836282595
12879	0.00047937784057507516	30	3694.5	False	0.0004791707412477
12880	0.00024948835747969024	30	3750.5	False	0.0002997485979501
12881	0.0003773880598282709	30	3732.0	False	0.0004177474667987
12882	0.0004288411484809348	30	3724.0	False	0.0004781047537272
12883	0.00027095611032082245	30	3681.5	False	0.0003341457661765
12884	0.00045364002650434814	30	3668.0	False	0.0004247249165366
12885	0.00036034105541534367	30	3711.0	False	0.0004187523128761
12886	0.0002460366308210407	30	3774.5	False	0.0004032838830476
12887	0.0018185205700781042	30	3774.5	False	0.0018588792787933
12888	0.0006667545892631692	30	3919.0	False	0.000763522258536
12889	0.00044940132836186373	30	3874.0	False	0.0005928574789441
12890	0.0005137453607197133	30	3796.0	False	0.0006526663339348
12891	0.00044972737362852864	30	3727.0	False	0.0004371860761092
12892	0.0003629821931871602	30	3682.5	False	0.0004247836566957
12893	0.0004098088398106737	30	3666.5	False	0.0004246284501061
12894	0.0004593641067193342	30	3672.0	False	0.0005328228758621
12895	0.0003552014460881036	30	3675.0	False	0.00049258657209
12896	0.00039275613854334495	30	3659.0	False	0.000486448922863
12897	0.000398237438932384	30	3621.5	False	0.0003798822365066
12898	0.00024245380533437168	30	3629.0	False	0.0003095913394319
12899	0.00048243711050417287	30	3683.5	False	0.0004736343542784
12900	0.00010356255178127589	30	3707.0	False	0.0003038947543844
12901	0.0007099952818204914	30	3690.5	False	0.0007583666555045
12902	0.00025012495321083704	30	3666.0	False	0.0003074359838943
12903	0.00022838569801715423	30	3601.0	False	0.0002622051452717
12904	0.00047334522945742985	30	3517.0	False	0.000484710978188
12905	0.00032367702865207775	30	3530.5	False	0.0004515413981363
12906	0.00026403485982771447	30	3528.0	False	0.0003082297338949
12907	0.0004650499557136309	30	3514.0	False	0.0004618700605562
12908	0.0007352688617825446	30	3481.0	False	0.000820046503903
12909	0.0006366404998605735	30	3406.5	False	0.0007713521909572
12910	0.0002855380539682819	30	3443.5	False	0.0004186947192128
12911	0.0006056079386811188	30	3198.5	False	0.000782962730974
12912	0.00037942956306152446	30	3449.0	False	0.0003589451236249
12913	0.0011806971861850416	30	3344.5	False	0.0025469387755102
12914	0.00046687726723424936	30	3459.5	False	0.0004428184338988
12915	0.0004805066430649376	30	3469.0	False	0.0005473165700091
12916	0.0006323109729699816	30	3437.0	False	0.000818600299799
12917	0.00046328426642478296	30	3383.5	False	0.0007000764698913
12918	0.0005281455411239473	30	3391.5	False	0.0005444878611235
12919	0.0005258159048132443	30	3183.5	False	0.0005920530837029
12920	0.000290966531533482	30	3213.0	False	0.000331341602147
12921	0.0004881332106299271	30	3201.0	False	0.0004427962583716
12922	0.0004388909811310469	30	3161.0	False	0.0004916365911706
12923	0.00040581234591645257	30	3124.5	False	0.0003936033827399
12924	0.00024482269282817044	30	3068.0	False	0.0003302697962577
12925	0.0004222973726077023	30	3032.0	False	0.000459041979389
12926	0.0006098377112263677	30	2875.0	False	0.0006980382717535
12927	0.0002607504450113756	30	3034.0	False	0.0003904545350145
12928	0.0004085755467535268	30	3114.0	False	0.0004302487517125
12929	0.0004473425467032007	30	3093.0	False	0.0005232505232505
12930	0.0005091114556881233	30	3032.5	False	0.0006706287722868
12931	0.00046440110800767667	30	3201.0	False	0.0004427374456263
12932	0.000329234597404261	30	3231.5	False	0.0004159141903354
12933	0.0004791699894550474	30	3184.5	False	0.0005004893673814
12934	0.00028403377270336337	30	3249.5	False	0.0004337500948828
12935	0.0002841599513942185	30	3279.0	False	0.0004519482196468
12936	0.00046449961967072906	30	3344.0	False	0.0004446232347398
12937	0.0002539073085491374	30	3361.0	False	0.0003365834674408
12938	0.00042047583260476136	30	3348.5	False	0.0004463668923299
12939	0.0	30	3341.5	False	0.0002873287999233
12940	0.0002997812535771141	30	3336.5	False	0.0004377816217139
12941	0.00027403717224414666	30	3369.5	False	0.0004764223854998
12942	0.00026242704631227273	30	3314.0	False	0.0002899920520696
12943	0.00038913832683382284	30	3324.5	False	0.0003966679888932
12944	0.000398146325786856	30	3261.0	False	0.0005208446363853
12945	0.0002979823504947253	30	3285.5	False	0.0004974747747845
12946	0.0003439786923591838	30	3403.5	False	0.000356521192039
12947	0.0003430643562097717	30	3397.5	False	0.0003890436885547
12948	0.0005148496317417882	30	3425.0	False	0.000591648415524
12949	0.0	30	3415.0	False	0.0003139454572092
12950	0.0004884403639960171	30	3342.0	False	0.0004992988569243
12951	0.0004061104910033596	30	3509.5	False	0.0004360391421183
12952	0.00043797756743332937	30	3479.0	False	0.0006028220244602
12953	0.00040295692557694316	30	3477.5	False	0.0004399922233932
12954	0.0002538193369150526	30	3438.5	False	0.0003724972838739
12955	0.0002587169245609938	30	3461.5	False	0.0003081126048866
12956	0.000236068792892471	30	3455.0	False	0.0002678893410952
12957	0.0005073650302192378	30	3441.5	False	0.0006294175308259
12958	0.00029243250793553155	30	3527.5	False	0.0003428317905902
12959	0.0005069834497584153	30	3535.0	False	0.0006230279156701
12960	0.000638051213318469	30	3529.0	False	0.0007728983688833
12961	0.0003975026989740965	30	3490.5	False	0.0003962971619026
12962	0.0005214768724973084	30	3426.5	False	0.0006495849873691
12963	0.0004969333663758335	30	3344.0	False	0.0005402370687372
12964	0.0002626889818170938	30	3347.0	False	0.0003167798274605
12965	0.0009199702088764008	30	3264.0	False	0.0009636414820589
12966	0.00040051635282870783	30	3309.5	False	0.0004704926271666
12967	0.0014310284423600253	30	2940.5	False	0.0014581510644502
12968	0.00044292890362181993	30	3358.0	False	0.0006091349233855
12969	0.00028283261603494984	30	3357.5	False	0.000409892061757
12970	0.0002880580192096672	30	3366.5	False	0.0004296342869118
12971	0.0002749286810437298	30	3338.0	False	0.0003575259206292
12972	0.0006034105528951693	30	3221.0	False	0.0006872027575374
12973	0.000492013525106851	30	3338.0	False	0.0005802054982382
12974	0.0005964575330772514	30	3252.0	False	0.0006486135884546
12975	0.0005294829863204864	30	3203.5	False	0.0006036990285933
12976	0.0004436370361402069	30	3314.0	False	0.0004055582829943
12977	0.0008149049093321539	30	3305.5	False	0.0008600301010535
12978	0.000455995949472263	30	3370.5	False	0.0004548676123681
12979	0.0004939117450444646	30	3383.0	False	0.0005928121526491
12980	0.00044802300878384006	30	3369.0	False	0.0004261757122461
12981	0.00029233776813402106	30	3418.0	False	0.0004199254632302
12982	0.0003050733985204498	30	3411.0	False	0.0003483732027109
12983	0.0005143158739920823	30	3320.0	False	0.0004755008969676
12984	0.0008450841672570844	30	3427.0	False	0.0007363770250368
12985	0.00029014278592948855	30	3448.0	False	0.0003662582015675
12986	0.0004810289716415027	30	3389.0	False	0.0005217650566487
12987	0.0008057321017814677	30	3449.5	False	0.0008505544354838
12988	0.0004687781037499941	30	3459.5	False	0.0005221932114882
12989	0.0005135492204851612	30	3423.0	False	0.0005774702602815
12990	0.00048765475374266704	30	3452.5	False	0.00054229369375
12991	0.0005498405190446135	30	3464.0	False	0.0005410804961291
12992	0.0007367850877954739	30	3446.5	False	0.0007333221589004
12993	0.0005185050869952741	30	3415.5	False	0.0005389867049946
12994	0.00029980933726092107	30	3484.0	False	0.0004571523564126
12995	0.0005030226906754573	30	3553.5	False	0.0006930006930006
12996	0.00045875816689495844	30	3551.0	False	0.0005303362535823
12997	0.0009050374136733544	30	3529.0	False	0.001094965206713
12998	0.000574994795270179	30	3510.0	False	0.0006904084745064
12999	0.0006163054778389617	30	3494.5	False	0.0007662438519285
13000	0.0002919401182380909	30	3584.0	False	0.0004672042901541
13001	0.0003299756410331102	30	3561.5	False	0.0003865795845286
13002	0.0004626127374454703	30	3521.5	False	0.0005239582477192
13003	0.0005406925774400935	30	3470.5	False	0.0005647176934419
13004	0.00012086052695189751	30	3473.5	False	0.0002402038599715
13005	0.00023825206592750748	30	3465.0	False	0.0003145478374836
13006	0.0004994057364660921	30	3367.0	False	0.0005088066859363
13007	0.00037783384950340496	30	3351.5	False	0.0005238516190289
13008	0.00011784115012962527	30	3320.5	False	0.0003070882549709
13009	0.0006124397396016388	30	3328.5	False	0.0009852324601254
13010	0.00046249154109055354	30	3302.5	False	0.0004400827355542
13011	0.00040011845875554276	30	3293.0	False	0.0003759481633826
13012	0.00035971296241403463	30	3215.0	False	0.0004755865567533
13013	0.0006490391843870591	30	3230.0	False	0.000700311751683
13014	0.00047241673585508425	30	3243.5	False	0.0005079637426768
13015	0.0004276318727560036	30	3219.5	False	0.0005462553060736
13016	0.0004258429120853278	30	3190.0	False	0.0003771169976915
13017	0.0005332147623687529	30	3193.5	False	0.0006857534716269
13018	0.00031731539309543834	30	3170.5	False	0.0004933851961493
13019	0.0	30	3111.0	False	0.0002554871675763
13020	0.0006940889826170635	30	2874.0	False	0.0009524286931675
13021	0.0	30	3033.0	False	0.0002738290830297
13022	0.0006454259936519574	30	2980.0	False	0.0006735302607524
13023	0.0005256468702943899	30	3083.5	False	0.0004984524789316
13024	0.0002851853586902278	30	3045.0	False	0.0003633933909292
13025	0.0017056198472127676	30	2654.5	False	0.0020083009773731
13026	0.0006448997411669317	30	2968.5	False	0.0007555678152097
13027	0.0005914659241989586	30	2953.5	False	0.0007845598619174
13028	0.0002903245600164797	30	2992.0	False	0.000451800066581
13029	0.00028872629480842865	30	3018.5	False	0.0005192782032974
13030	0.0006568179210127377	30	2930.0	False	0.0007010249468187
13031	0.00038608333847717333	30	2944.0	False	0.0005055185778077
13032	0.0007164794376560242	30	2762.5	False	0.0006794523357776
13033	0.00032656308419156386	30	2919.0	False	0.0004009330806239
13034	0.0008442609618378555	30	2743.0	False	0.0010007278020378
13035	0.0005978558650262466	30	2883.0	False	0.0006875383670963
13036	0.0004455278985468479	30	2911.5	False	0.0005575487249103
13037	0.0006933670886562788	30	2924.0	False	0.000689738625363
13038	0.0006395041169547212	30	2984.0	False	0.000681125649758
13039	0.0009249838259645282	30	2805.5	False	0.0010162859828755
13040	0.0005489643714899688	30	2909.0	False	0.0006545533885259
13041	0.0003296059470733675	30	2913.0	False	0.0004747528850367
13042	0.0005813560696140957	30	2941.5	False	0.00074838553926
13043	0.000315531508998366	30	2922.0	False	0.0004239905995227
13044	0.00035894202577921883	30	2905.5	False	0.0004513956666016
13045	0.0002614491119594031	30	2888.5	False	0.0002695615948244
13046	0.0005199983135189832	30	2890.5	False	0.0005137237633935
13047	0.0003186815688238374	30	2964.5	False	0.0004787151285948
13048	0.0003182241382800008	30	2958.0	False	0.00052310582193
13049	0.00033333018626393067	30	2948.5	False	0.0005007153075822
13050	0.0005038054877136386	30	2955.0	False	0.0005806237558062
13051	0.0003058826170196249	30	2930.5	False	0.0004538288826255
13052	0.0008392712300778666	30	2897.5	False	0.0009730111044892
13053	0.0006492452694984341	30	2989.5	False	0.0006846404457245
13054	0.0009892417715368386	30	3025.5	False	0.0010624014943669
13055	0.0006569999622644704	30	2999.0	False	0.0006914413622566
13056	0.00043786344870413887	30	2921.5	False	0.0005035790079493
13057	0.0019940305434919844	30	2625.0	False	0.0024534182083416
13058	0.0006446442477993789	30	2935.0	False	0.0008226625652764
13059	0.0008541206122607884	30	2995.5	False	0.0008461032245934
13060	0.0009970537867680655	30	3041.0	False	0.0009157296858699
13061	0.0006064797554520673	30	3064.5	False	0.0006694367497691
13062	0.0012106577455163708	30	3015.5	False	0.0013338637586876
13063	0.0005380170627234849	30	3011.5	False	0.0007269998358387
13064	0.0008336723562346196	30	2872.0	False	0.0009392878490308
13065	0.000287881840166577	30	3034.5	False	0.0004426118759754
13066	0.0009263201451334636	30	2994.5	False	0.0010165845124531
13067	0.0005881011056922933	30	3067.5	False	0.0007289726114575
13068	0.0012861861744323415	30	3080.5	False	0.0014861066310308
13069	0.0011750123111644042	30	3100.5	False	0.0014039172716066
13070	0.0005677144971367723	30	3106.0	False	0.0005497777981399
13071	0.0003947414334566264	30	3152.5	False	0.0004723506191167
13072	0.0006252956885192701	30	3166.5	False	0.0007157235517781
13073	0.0006292489398684684	30	3111.5	False	0.000791676091382
13074	0.0018353700692608807	30	3011.5	False	0.0019326596190564
13075	0.00031621004543389095	30	3177.5	False	0.0004304635761589
13076	0.0009689302113743283	30	3104.5	False	0.0010080759341692
13077	0.0005568722124409734	30	3169.0	False	0.000612042776226
13078	0.0005479552809649897	30	3186.0	False	0.0005435385468663
13079	0.0008725736718067558	30	3054.0	False	0.000975139674418
13080	0.0005281533038861376	30	3202.5	False	0.0004832403461758
13081	0.0009536357961460838	30	3137.0	False	0.0011551488235426
13082	0.0003165232869773734	30	3213.5	False	0.0004486562199072
13083	0.0008124578185689096	30	3249.0	False	0.0009431609986665
13084	0.0002948951291384989	30	3220.5	False	0.0003704954832241
13085	0.0006006372165641675	30	3226.0	False	0.0006522022696638
13086	0.00045701817905275825	30	3185.0	False	0.0004324492149383
13087	0.0004610932174312334	30	3107.0	False	0.0006235474179468
13088	0.0004784387593252764	30	3180.5	False	0.0004437984711142
13089	0.00056180644126866	30	3161.0	False	0.0005576622797233
13090	0.00035646858954114613	30	3174.0	False	0.0004223630098921
13091	0.0002984146153264187	30	3127.5	False	0.0003922052017615
13092	0.0003756849264030124	30	3143.5	False	0.0004899831846679
13093	0.00031077143347656725	30	3160.0	False	0.0004105955855425
13094	0.00035675390067769347	30	3108.0	False	0.0004738320603797
13095	0.0003274849286160062	30	3146.5	False	0.0004708309044437
13096	0.00046818349570982486	30	3145.5	False	0.0007767733510452
13097	0.000574650225106413	30	3082.5	False	0.000706574618913
13098	0.0003243727251851185	30	3077.0	False	0.0003576744239711
13099	0.0003279757510789822	30	3084.5	False	0.0005669327779706
13100	0.0004695299568956105	30	3194.5	False	0.0005964438442493
13101	0.0003264086199147396	30	3198.5	False	0.0003734219909415
13102	0.00044085193562358634	30	3255.5	False	0.0006072047604853
13103	0.00047288205030975445	30	3269.0	False	0.0005179634119462
13104	0.0005459466201753914	30	3184.5	False	0.0005685808889929
13105	0.0005282273336898575	30	3192.5	False	0.0004319525745862
13106	0.00027254365711920875	30	3182.0	False	0.000367107195301
13107	0.00025523422182529247	30	3295.0	False	0.0003893154536606
13108	0.000386390750849724	30	3369.5	False	0.0003933115771794
13109	0.00024647604556566054	30	3419.5	False	0.0002418583130908
13110	0.0002961110716705362	30	3457.0	False	0.0003830108795793
13111	0.00042770644799459853	30	3446.5	False	0.0005719396031779
13112	0.0003328554400021821	30	3440.5	False	0.0003863826232247
13113	0.00030247436465753464	30	3320.0	False	0.000398200563938
13114	0.00011015642211940956	30	3388.5	False	0.0003172085646312
13115	0.0010671256454388984	30	3334.0	False	0.0012747860180612
13116	0.00040995181554050045	30	3352.5	False	0.0004271861249946
13117	0.0003865139711169873	30	3331.0	False	0.000417992990579
13118	0.0015499871868793645	30	3332.5	False	0.0018553870573346
13119	0.0002371680654879481	30	3415.5	False	0.000399768555047
13120	0.000549841367214783	30	3412.5	False	0.0007076094418334
13121	0.0005237700250487975	30	3345.5	False	0.0006995340027335
13122	0.00031332058400955373	30	3305.0	False	0.0004902708474059
13123	0.0014964578026587022	30	3219.5	False	0.0015360134373549
13124	0.0034522915973124934	30	3210.5	False	0.0034986394180041
13125	0.00029402085310284453	30	3249.0	False	0.0003298515667949
13126	0.0005602691049410713	30	3246.0	False	0.0005405405405405
13127	0.0013945715931288766	30	3021.0	False	0.0015710919088766
13128	0.0005414980120638163	30	3224.0	False	0.0006330379156393
13129	0.0005637925738830316	30	3166.0	False	0.0005657388549445
13130	0.0008562890638362337	30	3181.5	False	0.0008113681695759
13131	0.0004733089247853875	30	3205.5	False	0.0005151348869502
13132	0.0005239316555993308	30	3208.0	False	0.0005251631357826
13133	0.0006270959975453363	30	3133.5	False	0.0007059252174705
13134	0.0005562883168623204	30	3139.5	False	0.0005575404501285
13135	0.00045487280376357647	30	3191.0	False	0.0004936886395511
13136	0.00036374848050492903	30	3291.0	False	0.0004566358981049
13137	0.00026463230075053233	30	3391.0	False	0.000327591672831
13138	0.000404195749043732	30	3434.0	False	0.0004786680541103
13139	0.00036822364818526413	30	3476.5	False	0.0003927851568556
13140	0.0004660189285732115	30	3497.0	False	0.0005343142795491
13141	0.0003239429392446634	30	3451.0	False	0.0003836264100862
13142	0.0002871129660363777	30	3422.0	False	0.0003750820491982
13143	0.0005696745107650391	30	3380.5	False	0.0006982205953917
13144	0.0004789325858804343	30	3307.5	False	0.0004346172651708
13145	0.00039745653095642956	30	3290.0	False	0.0005373749780663
13146	0.00044822455955798154	30	3201.5	False	0.0004731861198738
13147	0.00030161383174212147	30	3200.5	False	0.000338302622973
13148	0.0003501076402490907	30	3276.5	False	0.0004049646476807
13149	0.0005372151735076587	30	3215.5	False	0.0007574576157907
13150	0.00042929723562738445	30	3351.0	False	0.0005049962393897
13151	0.0005314528736794345	30	3284.0	False	0.0005021340697966
13152	0.0003328240206512619	30	3327.5	False	0.0003893154536606
13153	0.0003382451696472927	30	3347.0	False	0.0003761054814687
13154	0.000328673715645058	30	3319.0	False	0.0003903031354351
13155	0.00029163083295685255	30	3429.0	False	0.0003466131691997
13156	0.00033115852851229894	30	3458.0	False	0.0003961428199113
13157	0.00037257953441717333	30	3429.5	False	0.0004304913901721
13158	0.00038244698502343455	30	3374.5	False	0.0004470272686633
13159	0.00035430445867576724	30	3305.5	False	0.0004017721409025
13160	0.00025994297066097275	30	3381.0	False	0.0003185186758116
13161	0.0006207550002508636	30	3282.5	False	0.0007458675646327
13162	0.00037757330068492094	30	3403.5	False	0.000762001524003
13163	0.00041804918470440984	30	3454.0	False	0.000512487972221
13164	0.0004374179153982966	30	3501.0	False	0.0004324858669797
13165	0.00035988552003425286	30	3475.5	False	0.0003305990040705
13166	0.0004388877888068493	30	3498.5	False	0.0003467512467747
13167	0.0004965790332119501	30	3424.0	False	0.0004709477561955
13168	0.000492101677285894	30	3512.0	False	0.000488962686035
13169	0.00040638864590450733	30	3521.0	False	0.0005703344604228
13170	0.00032019062173232365	30	3569.0	False	0.0004540455458131
13171	0.0002860695786509334	30	3566.0	False	0.0004443322393335
13172	0.000250472969243199	30	3579.5	False	0.0003619254433586
13173	0.0002630590133781926	30	3630.5	False	0.0003662641061176
13174	0.00048345456508721814	30	3639.0	False	0.0005755167247144
13175	0.0004954291174817727	30	3574.0	False	0.0005566857964149
13176	0.00043540840886991566	30	3554.5	False	0.0004147488746143
13177	0.0004070756065114003	30	3543.0	False	0.0004258771040356
13178	0.00045613393368366473	30	3509.0	False	0.000554141696084
13179	0.0005551790149883693	30	3455.5	False	0.0006667361183456
13180	0.0015713571447677325	30	3427.0	False	0.0016540692196562
13181	0.00027368545606504046	30	3407.5	False	0.0003464457812352
13182	0.0	30	3375.5	False	0.0003398578969168
13183	0.0013863812742280416	30	3326.5	False	0.0014224291210034
13184	0.0014432623818226476	30	3295.0	False	0.0014685885232526
13185	0.00046329366271792083	30	3329.5	False	0.0004943100613589
13186	0.0008221996959973663	30	3207.0	False	0.0008652918141175
13187	0.00029572727220254595	30	3381.5	False	0.0005079848874495
13188	0.00048220644878559636	30	3371.5	False	0.0005420515055214
13189	0.0008542175165668824	30	3153.0	False	0.0009728823036063
13190	0.0004449451851288727	30	3436.0	False	0.0004473621240337
13191	0.0002805801728166319	30	3403.0	False	0.0003927429824465
13192	0.0002755694824705822	30	3459.5	False	0.0004243911022782
13193	0.0002953882444900409	30	3424.5	False	0.0004176237210273
13194	0.00025418870571747336	30	3498.0	False	0.0003772892278826
13195	0.00035409983961507617	30	3497.5	False	0.0004081965874765
13196	0.00036760930313005033	30	3502.5	False	0.0004272243639951
13197	0.0004971598278060689	30	3502.5	False	0.0005320394134797
13198	0.0004913203688800985	30	3485.0	False	0.0005895627071093
13199	0.0004916353118497704	30	3556.0	False	0.0006288680375324
13200	0.00045994678406220614	30	3538.5	False	0.0005116115764658
13201	0.0004906771344455348	30	3566.5	False	0.0006210495737796
13202	0.0007196369765305609	30	3539.5	False	0.0009571016945737
13203	0.0004928168006345441	30	3541.5	False	0.0009561287855151
13204	0.0005230983772457374	30	3552.5	False	0.0009309402496521
13205	0.0004928275513653216	30	3494.5	False	0.0009570059965588
13206	0.00035114400771703926	30	3547.5	False	0.0004508611447865
13207	0.00031145505767176285	30	3563.0	False	0.000491080376829
13208	0.00047923689504092	30	3586.0	False	0.0005091293887452
13209	0.0008210202761000863	30	3619.5	False	0.0009219148071413
13210	0.0005164825114542062	30	3505.0	False	0.0007007637309067
13211	0.0005219926524630268	30	3446.5	False	0.000613033083352
13212	0.00033961126237917576	30	3395.5	False	0.0003728908362077
13213	0.0005173353157049969	30	3406.5	False	0.0005791525756776
13214	0.0007722765670586287	30	3380.0	False	0.0007843301297804
13215	0.00059793730830505	30	3369.0	False	0.0007018425987031
13216	0.0015321023603422261	30	3410.0	False	0.0015580045078263
13217	0.0004725965456798669	30	3503.5	False	0.000616641226004
13218	0.00027005162485679716	30	3462.0	False	0.0003380593345353
13219	0.0004894770518928323	30	3517.0	False	0.0005243415480175
13220	0.00012354830738818879	30	3502.0	False	0.0002738836704469
13221	0.00047273433246494093	30	3521.5	False	0.0003636106537921
13222	0.0002848211725289655	30	3568.5	False	0.0004099590040995
13223	0.00024351741981240886	30	3568.0	False	0.0002996913179425
13224	0.0002813838829899088	30	3554.0	False	0.0003713330857779
13225	0.0003519275473869167	30	3512.5	False	0.0004000492368291
13226	0.0003749045352701083	30	3519.5	False	0.0004600004088892
13227	0.00032282416512704375	30	3556.5	False	0.0003434343434343
13228	0.00025474868484207043	30	3489.0	False	0.0002991356012625
13229	0.0005048696602897458	30	3467.0	False	0.0005630689342356
13230	0.0005326276041100673	30	3519.0	False	0.0005730893610053
13231	0.000266543186673139	30	3508.5	False	0.0004085968783198
13232	0.00043487829282644314	30	3586.0	False	0.0004768290865742
13233	0.0004091121459168048	30	3620.5	False	0.0004320630026414
13234	0.00041029990769093547	30	3643.0	False	0.000450049407598
13235	0.0003947137457797608	30	3619.0	False	0.000434580777702
13236	0.00012071463061323032	30	3596.0	False	0.0003075122260909
13237	0.00040995281602373935	30	3536.0	False	0.0003531964276704
13238	0.00029468057388045636	30	3449.5	False	0.0004870617739411
13239	0.0005220910899724712	30	3381.0	False	0.0005481589239218
13240	0.0004535148325059687	30	3353.0	False	0.0005016651011869
13241	0.0007532666612203402	30	3300.5	False	0.0007816995450942
13242	0.0005065167469259541	30	3378.5	False	0.0006084932852232
13243	0.0004552041242570574	30	3479.5	False	0.0004857730509648
13244	0.0	30	3453.5	False	0.0002286355653014
13245	0.0005010172205843779	30	3553.5	False	0.000527244337193
13246	0.00045444127066705526	30	3538.5	False	0.0004789418442318
13247	0.0005196963358336194	30	3518.5	False	0.0005930045906734
13248	0.0003511560973282925	30	3599.0	False	0.0004098237757764
13249	0.0008502799905193751	30	3578.0	False	0.000955888271754
13250	0.00046872672841814095	30	3667.0	False	0.0006002223774709
13251	0.00044320825818859914	30	3687.0	False	0.0004998480853858
13252	0.001363144323537028	30	3610.5	False	0.0014312496220291
13253	0.0003688766603986149	30	3734.0	False	0.0004657390696862
13254	0.0005582755057303255	30	3757.0	False	0.0005910222747575
13255	0.00026817632336263275	30	3730.5	False	0.0004286953048121
13256	0.0002746165789704576	30	3729.5	False	0.0004473750753729
13257	0.00039396979642188545	30	3749.5	False	0.0003881158914051
13258	0.0002456676155476496	30	3779.5	False	0.0002698457060802
13259	0.00025326093091752487	30	3816.0	False	0.0002759933380918
13260	0.0004901399057845518	30	3679.0	False	0.0005734003665666
13261	0.0003929100942523875	30	3734.5	False	0.0004192749468593
13262	0.0003146743258397576	30	3742.0	False	0.0004004453733908
13263	0.00032605048932767255	30	3712.0	False	0.0004423734811843
13264	0.0002442604171638585	30	3779.5	False	0.0002800065656711
13265	0.0007707513794651107	30	3679.0	False	0.0008690585528199
13266	0.00032311654853593003	30	3682.5	False	0.0005017364014678
13267	0.0002716930432717904	30	3700.0	False	0.0004017638412542
13268	0.00024952278184974083	30	3664.0	False	0.0003746499980281
13269	0.000270727163598679	30	3569.0	False	0.0003549119818285
13270	0.0003633748723143821	30	3677.0	False	0.0003364437891486
13271	0.00036353825430394726	30	3659.0	False	0.0004161794724429
13272	0.0002602495659572301	30	3698.5	False	0.000344206996253
13273	0.0002537871690512938	30	3717.5	False	0.0003723883814824
13274	0.0004525780878908489	30	3700.5	False	0.0005737348158113
13275	0.0004331851931880292	30	3707.0	False	0.0005211201132698
13276	0.00035377311359308084	30	3661.0	False	0.0003970302139992
13277	0.0002613142872750116	30	3627.5	False	0.0002698165247631
13278	0.0003127752208179456	30	3640.5	False	0.0003189315792096
13279	0.00032730326073706023	30	3699.5	False	0.0003043900906296
13280	0.0003222943187632806	30	3746.0	False	0.0004071463885145
13281	0.0002787292029688349	30	3760.0	False	0.0003783138841195
13282	0.0003075556725107727	30	3744.5	False	0.0003991666179878
13283	0.00025333903739252104	30	3756.0	False	0.0003871130079648
13284	0.0003469768000961654	30	3741.0	False	0.0003890596428432
13285	0.00048101543301980984	30	3754.5	False	0.0005233876751894
13286	0.0017725494237172265	30	3777.0	False	0.0019263739862456
13287	0.000484267065899719	30	3851.0	False	0.0005032664843512
13288	0.0007338637928694578	30	3814.5	False	0.0013779508722237
13289	0.0009308783645066831	30	3776.5	False	0.0010402018762159
13290	0.0003111298412714862	30	3811.5	False	0.0004306384933394
13291	0.00047506286674601367	30	3742.0	False	0.0006146941164991
13292	0.00025123939403405836	30	3715.5	False	0.0003850482791303
13293	0.0004142492123261354	30	3814.0	False	0.0004015411531879
13294	0.0004632030569149293	30	3880.5	False	0.0004985138643289
13295	0.0006941824547101056	30	3882.5	False	0.0006561556776213
13296	0.0005039557386461569	30	3971.5	False	0.0006098575151078
13297	0.0002247620664067216	30	3971.5	False	0.0003419403729922
13298	0.00048233484262902445	30	3919.5	False	0.0005630683471128
13299	0.0007760268385528294	30	3909.0	False	0.0008170778665815
13300	0.00046088259627874076	30	3986.5	False	0.0004674610449129
13301	0.0003886432079003771	30	3946.0	False	0.0004349918554716
13302	0.0007517641927077775	30	3790.0	False	0.0007844712950473
13303	0.0004487464081168208	30	3968.0	False	0.0004977142014452
13304	0.0012348852516865356	30	3787.0	False	0.0011925773982731
13305	0.00043409933562945816	30	4033.0	False	0.0004618226600985
13306	0.0002471801475158914	30	4050.0	False	0.0003333934042169
13307	0.0009161896332072786	30	4067.0	False	0.0008842530768397
13308	0.00046461821657403803	30	4093.5	False	0.000555053222442
13309	0.00041945247162358	30	4095.5	False	0.0005000982335815
13310	0.00032782645048166426	30	4132.5	False	0.0003903823973028
13311	0.0003959057006661554	30	4115.5	False	0.0004097484500819
13312	0.00023296485538594665	30	4126.0	False	0.0003197470445603
13313	0.000492166999314471	30	4118.5	False	0.0005771518886185
13314	0.000431892110804968	30	4230.5	False	0.0004239084357778
13315	0.00041374387121318986	30	4298.0	False	0.0005196486834146
13316	0.000682807157375805	30	4281.5	False	0.0007261047470165
13317	0.0006132268990291781	30	4291.5	False	0.0006999632946077
13318	0.0004525562362556521	30	4210.0	False	0.0006001826642891
13319	0.00044643577831992264	30	4119.0	False	0.0005649767388483
13320	0.00043179052119129437	30	4162.5	False	0.0004206614901933
13321	0.00041247303486243526	30	4125.0	False	0.0004237998958158
13322	0.0002631344458191994	30	4193.0	False	0.0003730954777357
13323	0.0003372026784008184	30	4214.5	False	0.0003641281731169
13324	0.0004030454124354612	30	4171.0	False	0.0004801187202653
13325	0.00023584738053952642	30	4190.5	False	0.0003838369739688
13326	0.0014580149380878738	30	4030.0	False	0.0017074610598973
13327	0.000684557997341887	30	3904.0	False	0.000840124338402
13328	0.0004713866210189328	30	4059.0	False	0.0005490104311981
13329	0.00033701789087219286	30	4021.0	False	0.0004364350530086
13330	0.0003833184061006542	30	4061.5	False	0.0004589839355622
13331	0.000921391564941374	30	4011.0	False	0.000891541274722
13332	0.0005127008644443723	30	4172.5	False	0.0005693862891781
13333	0.0007307881194883949	30	4164.5	False	0.0007814420679239
13334	0.00039969104616974726	30	4157.5	False	0.0005900848136829
13335	0.000439220517328799	30	4243.5	False	0.0005931707988033
13336	0.0007094070593795328	30	4257.0	False	0.0008149260132961
13337	0.00043837660915764846	30	4282.0	False	0.0005908293017082
13338	0.0003000404222373947	30	4347.0	False	0.0003702768661112
13339	0.00033018161447625127	30	4358.5	False	0.000427465048446
13340	0.0004742814767777809	30	4322.5	False	0.0006012719866534
13341	0.00041867640323752463	30	4382.5	False	0.0004764452171587
13342	0.00041951483582208804	30	4377.5	False	0.0005369487885092
13343	0.0003664287738253385	30	4381.5	False	0.000352313525484
13344	0.0003275276552567922	30	4355.0	False	0.0003538242504401
13345	0.0005866861747740749	30	4296.0	False	0.000709808180753
13346	0.00048784244952128163	30	4225.0	False	0.0005477832169656
13347	0.0003571122109988441	30	4221.5	False	0.0003657453367469
13348	0.0004604067180377686	30	4185.0	False	0.0005336879587747
13349	0.0004283101704305143	30	4132.5	False	0.0004856855230391
13350	0.0006006472505890369	30	4036.5	False	0.0006421736220401
13351	0.0003180399197722567	30	4086.0	False	0.0003298917598387
13352	0.00023583510040496564	30	4092.5	False	0.0003115375714311
13353	0.00022238394001241436	30	4118.5	False	0.0002831858407079
13354	0.00033957241198008715	30	4169.5	False	0.0004110547489942
13355	0.00022942878075893081	30	4180.5	False	0.0003154601775339
13356	0.00027784170191626304	30	4217.0	False	0.0003042922596743
13357	0.00021879765030328644	30	4254.0	False	0.0002859940894554
13358	0.00020339813143240666	30	4251.0	False	0.0003030355503991
13359	0.00037064772010133554	30	4263.5	False	0.0004151171841217
13360	0.0002331203924587779	30	4216.0	False	0.000262517719946
13361	0.0005616831228287607	30	4168.5	False	0.0007318062388686
13362	0.0003140823705550613	30	4191.0	False	0.0004486750888552
13363	0.0007217363338190047	30	4195.5	False	0.0008155462405949
13364	0.0006116165058847401	30	4284.5	False	0.0006010079762344
13365	0.0007898895386898471	30	4301.5	False	0.0007604302839224
13366	0.0006209526761393031	30	4240.0	False	0.0007918689848413
13367	0.00033698919303139685	30	4172.5	False	0.0003781981934439
13368	0.0006346989716325912	30	4086.5	False	0.000987033094639
13369	0.0007809879299093066	30	3873.5	False	0.0008523372982801
13370	0.00048603218104285655	30	3994.5	False	0.0006239333492375
13371	0.0004561613778164805	30	3952.0	False	0.0004796605479199
13372	0.0007775586803191672	30	3929.0	False	0.0007938485964572
13373	0.0005837004038053064	30	3866.5	False	0.0006303449962837
13374	0.0004493791681911837	30	3935.0	False	0.0004804494049818
13375	0.0004762235472701477	30	3913.0	False	0.0005596127479783
13376	0.008220424850987063	30	3820.0	False	0.008769504999571
13377	0.0005593896338540578	30	3965.0	False	0.0005888847994111
13378	0.0013140170351843942	30	4144.5	False	0.0012954281081462
13379	0.00047066946709184746	30	4073.0	False	0.0005723637729504
13380	0.0005820254123263007	30	4128.5	False	0.0005405118026511
13381	0.0004032806272298229	30	4071.5	False	0.0003946117558429
13382	0.0004748986184152689	30	3964.0	False	0.0005254812301792
13383	0.00044848172418117513	30	4028.5	False	0.0003816204330483
13384	0.00024521943862547706	30	4048.5	False	0.0003620532037182
13385	0.0003263383653371045	30	4026.0	False	0.0003896586409069
13386	0.0006120735630763064	30	4027.5	False	0.0006053979814043
13387	0.0003440734145121661	30	4047.5	False	0.000387394367466
13388	0.0003318198386662229	30	4068.0	False	0.0003949092606221
13389	0.0004092919266334222	30	4112.5	False	0.0004820567755757
13390	0.00023083418419092393	30	4067.0	False	0.0003061105058926
13391	0.00046490497005242557	30	4028.0	False	0.000435579593096
13392	0.00046572155934574496	30	4030.0	False	0.0005003547970378
13393	0.00035009538325474947	30	4051.5	False	0.0004000581902822
13394	0.00023929438219361202	30	4004.5	False	0.0004213032925768
13395	0.00042487735387466497	30	4030.5	False	0.0004392788505536
13396	0.0003248882438255142	30	4069.0	False	0.0004817349730501
13397	0.0002381803058669678	30	3996.0	False	0.0003311075547707
13398	0.0003611490994169576	30	4036.5	False	0.0005299707602339
13399	0.0003325195137759505	30	4039.5	False	0.0003835546382714
13400	0.0003974951331719243	30	3967.5	False	0.0004166589507601
13401	0.0004605228978537205	30	3936.0	False	0.0005308943240877
13402	0.000291317927848902	30	4003.5	False	0.0004047391272352
13403	0.00025287897401747475	30	4036.0	False	0.0003387440834225
13404	0.00042442284255623196	30	4041.0	False	0.0004910921343409
13405	0.00034932500669139857	30	4134.0	False	0.000445021984086
13406	0.0004460816632335604	30	4177.0	False	0.0004557965043914
13407	0.0002772833082294947	30	4144.0	False	0.0003806050735541
13408	0.00039510977766867917	30	4152.0	False	0.0003888918350391
13409	0.00034170576490806374	30	4113.0	False	0.0004731889363069
13410	0.00023479701717926915	30	4048.5	False	0.0002624648161388
13411	0.00023380885948071146	30	3971.5	False	0.0003042175616501
13412	0.0006474915675699583	30	3912.0	False	0.0006808367763777
13413	0.0004180175789092194	30	3883.0	False	0.0004663004653678
13414	0.00040282838261443003	30	3874.5	False	0.0004297378599054
13415	0.0006018266604979166	30	3870.0	False	0.00070073811081
13416	0.0005464322903783213	30	3844.0	False	0.0006030681090045
13417	0.00025187590520873667	30	3940.0	False	0.000339789330615
13418	0.0004739381469164455	30	3917.0	False	0.0005085341272629
13419	0.000519234455384793	30	3885.5	False	0.0005944309252688
13420	0.00032720131843671076	30	3959.0	False	0.0003923572458346
13421	0.00038898694562079745	30	3926.0	False	0.0004140367664648
13422	0.0004677855444802728	30	3873.0	False	0.0005780616288284
13423	0.0003711372413014816	30	4075.5	False	0.0004248238751017
13424	0.00031381010430164336	30	4080.5	False	0.0003429234665166
13425	0.0005308934540892877	30	4197.0	False	0.0006318575758869
13426	0.00038459745724682	30	4224.0	False	0.0005361519607843
13427	0.0003996263856446614	30	4207.5	False	0.0005028894836433
13428	0.00036094592437697936	30	4190.0	False	0.0003427445267983
13429	0.0004763151268682884	30	4111.0	False	0.0005615857778401
13430	0.00035560327811902923	30	4171.5	False	0.0004507511073741
13431	0.00033437015383367275	30	4071.5	False	0.0003895080690137
13432	0.00043259145621350346	30	4071.0	False	0.0004422743516258
13433	0.0006278452779592122	30	3986.0	False	0.0007226020901265
13434	0.0012377449730159864	30	3726.0	False	0.0013066834438368
13435	0.00037089527153734767	30	4019.0	False	0.000480803476031
13436	0.00044849218827077526	30	4033.5	False	0.0004360012457178
13437	0.0007082597591674393	30	4055.5	False	0.0007339287293306
13438	0.0005204299058510154	30	4287.5	False	0.0005950086318153
13439	0.0004723483601768578	30	4242.0	False	0.0005741400564008
13440	0.0005425994308520325	30	4255.0	False	0.0005903287287692
13441	0.0011392486285408854	30	4143.5	False	0.0010673006837666
13442	0.00043972032298683064	30	4353.0	False	0.0005379325184345
13443	0.0010929176738680717	30	4319.5	False	0.0011271629051548
13444	0.0006162273974017453	30	4328.5	False	0.0007011042391767
13445	0.00038409095767535825	30	4337.0	False	0.0005253370913002
13446	0.0005552551261726375	30	4320.0	False	0.0006701458404885
13447	0.0006987724191349005	30	4175.5	False	0.0007999165304489
13448	0.00022673288928457024	30	4333.0	False	0.0003358494051267
13449	0.00036609091279960566	30	4287.0	False	0.0004950030297599
13450	0.00186367327303866	30	4144.0	False	0.0020718901810038
13451	0.0014479730471623797	30	4317.5	False	0.001410282394271
13452	0.0006354407453972038	30	4336.5	False	0.0007405911263717
13453	0.0008742529775331029	30	4266.5	False	0.0009903121636167
13454	0.0014784920528661323	30	4108.5	False	0.0014926306945648
13455	0.0007365746319768349	30	4179.0	False	0.0008330848694249
13456	0.0016228562571106951	30	3995.5	False	0.0018253171488546
13457	0.00044802665284946256	30	4248.0	False	0.0006741456500319
13458	0.0003932385371758143	30	4275.5	False	0.0004022836013797
13459	0.0005332907445297214	30	4272.5	False	0.0005306992390457
13460	0.0005048977473386429	30	4241.5	False	0.0006048352256035
13461	0.0021097981896058497	30	4320.0	False	0.0020358306188925
13462	0.0006572374577125172	30	4399.0	False	0.0008220133514895
13463	0.0007222120740431959	30	4326.0	False	0.0008689050109667
13464	0.0006441037921723104	30	4273.0	False	0.000691438961305
13465	0.000673915228032452	30	4210.0	False	0.0007611074112834
13466	0.0004361111229968389	30	4185.5	False	0.000521036863358
13467	0.0003743328388909553	30	4142.0	False	0.0003954688062993
13468	0.00024878491980639944	30	4217.0	False	0.0002927879440258
13469	0.0006344615302612013	30	4183.0	False	0.0006773832165281
13470	0.0005139657130744789	30	4180.5	False	0.0006602208264922
13471	0.00042846443047641426	30	4193.0	False	0.0006851037628673
13472	0.0003093443907335742	30	4192.5	False	0.0004729333251591
13473	0.0003156597108604876	30	4177.5	False	0.0003857010115885
13474	0.00031047840542759394	30	4150.0	False	0.0003970845172334
13475	0.00045326491986327576	30	4162.5	False	0.0004487224607587
13476	0.00033532347179183694	30	4218.0	False	0.0003735622198283
13477	0.0005212260772501101	30	4272.0	False	0.0005685538058647
13478	0.0004359736467591834	30	4311.5	False	0.0005001653088732
13479	0.0002780460017910615	30	4283.0	False	0.0003576050677746
13480	0.000390934054569265	30	4311.0	False	0.0004905194431758
13481	0.00025668782382643667	30	4298.5	False	0.0004342199366549
13482	0.00043702827836495663	30	4282.0	False	0.0005480672067412
13483	0.00026391580534022396	30	4281.0	False	0.0003334245263661
13484	0.00024990418884199934	30	4265.5	False	0.000333749807452
13485	0.00045219622392127224	30	4128.0	False	0.0005149650622841
13486	0.0004287302379714746	30	4286.0	False	0.0004676274284742
13487	0.0004502011760594796	30	4353.0	False	0.000435762710444
13488	0.0006519963647722918	30	4392.5	False	0.0006964076969631
13489	0.000730658007016213	30	4398.0	False	0.0007987878188975
13490	0.0008273230495452718	30	4359.5	False	0.0007780877252522
13491	0.0004683931916315349	30	4392.0	False	0.0005519900477018
13492	0.0003829014335993701	30	4364.0	False	0.000382727348365
13493	0.00045782308136460505	30	4298.5	False	0.0004903286893006
13494	0.0004163855122948655	30	4347.0	False	0.0004805382027871
13495	0.0006142174795751233	30	4352.5	False	0.0006445186617448
13496	0.0004106044596625685	30	4412.5	False	0.0004037574159525
13497	0.00041509480768853093	30	4404.5	False	0.0004684302655259
13498	0.00021829595537289199	30	4376.0	False	0.0003155464766744
13499	0.0003408316489431116	30	4316.0	False	0.0003343056054692
13500	0.00037858775436833234	30	4175.0	False	0.000485955031804
13501	0.0001942622331432842	30	4283.5	False	0.0002196131430019
13502	0.00026117318671452705	30	4310.5	False	0.0003863111484358
13503	0.0003088432466006498	30	4325.5	False	0.0004607754431821
13504	0.00036532927440088305	30	4320.0	False	0.0003958928225473
13505	0.0004298971951228863	30	4280.0	False	0.0005794483311035
13506	0.00042476393409022985	30	4346.0	False	0.000417916061559
13507	0.00043802790083773493	30	4272.0	False	0.0005729531888693
13508	0.00040056116009204576	30	4365.5	False	0.0004357371499438
13509	0.0016463954469210702	30	4450.0	False	0.0016009195024834
13510	0.00041946913547683733	30	4467.0	False	0.000467872738615
13511	0.00025511651960132405	30	4440.5	False	0.0003792782170625
13512	0.0004325232821985554	30	4351.0	False	0.0005221844153219
13513	0.0004391299971344948	30	4218.0	False	0.0004530919166659
13514	0.0004356140291028455	30	4069.5	False	0.0004874966146068
13515	0.00023687044911422514	30	4222.5	False	0.0003482500435312
13516	0.00034294040822374866	30	4241.5	False	0.000407391997781
13517	0.0006039342973694554	30	4155.5	False	0.000665412733338
13518	0.00042770106473803953	30	4185.5	False	0.0005166239065523
13519	0.00034978407061814416	30	4161.5	False	0.0004127006427592
13520	0.00032312575071857287	30	4120.5	False	0.0003815371510709
13521	0.00038025768185150375	30	4175.5	False	0.0004805172112528
13522	0.00022176631323720885	30	4267.0	False	0.0003670977931446
13523	0.0006493572171296009	30	4293.5	False	0.0006899665238464
13524	0.00043957109137981104	30	4464.5	False	0.0005242120437717
13525	0.0006450432614281921	30	4542.5	False	0.0007582112666967
13526	0.0004271881202370676	30	4497.5	False	0.0005363063121627
13527	0.0005844560297679449	30	4479.0	False	0.0007271835934308
13528	0.0004325461772270283	30	4412.0	False	0.0004737800164576
13529	0.00033690144264379853	30	4478.0	False	0.0004185645697402
13530	0.0003678859683788863	30	4508.5	False	0.000432219077987
13531	0.001036362186555644	30	4484.0	False	0.0010324229984513
13532	0.0004197832492871086	30	4532.5	False	0.0004857159047673
13533	0.0003333761536481797	30	4442.5	False	0.0003707182047353
13534	0.00021809272358836113	30	4390.0	False	0.0002998026299352
13535	0.00028647853966504454	30	4331.5	False	0.0003290250733979
13536	0.00023381358133684282	30	4284.0	False	0.0003393367662902
13537	0.00025238270158901117	30	4205.0	False	0.0003370932192402
13538	0.00067875784361996	30	4206.5	False	0.0007114164996573
13539	0.0003604453609317044	30	4253.0	False	0.0004373890446908
13540	0.0004049938277087289	30	4199.5	False	0.000460105390178
13541	0.0002819084024389349	30	4285.0	False	0.000332483652887
13542	0.0003831580177430055	30	4282.5	False	0.0003752697251149
13543	0.000416042845923876	30	4264.0	False	0.0004898127540366
13544	0.0003674145029285216	30	4247.5	False	0.0003442222298716
13545	0.0006219023327138804	30	4370.0	False	0.000618439526643
13546	0.00031928661667419045	30	4335.5	False	0.000346676136844
13547	0.00027499953402546084	30	4437.0	False	0.0004107990863828
13548	0.0002991003392502322	30	4476.5	False	0.0003584901048583
13549	0.0002594770587714366	30	4466.5	False	0.0003914373088685
13550	0.0004207439560376337	30	4407.0	False	0.000479311114233
13551	0.0003866038353715468	30	4480.0	False	0.0004064842365413
13552	0.0004457609192951046	30	4398.0	False	0.0013488983996402
13553	0.00045066086094705803	30	4338.0	False	0.0004806111350011
13554	0.0003875940646916433	30	4380.5	False	0.0004849660523763
13555	0.0009895850444862498	30	4261.0	False	0.0010245284155969
13556	0.00043854904263027495	30	4250.5	False	0.0004751004189521
13557	0.0004358068187056452	30	4161.5	False	0.0004776647501105
13558	0.00038958133487348225	30	4171.5	False	0.0084511505889395
13559	0.0003836404639886394	30	4116.5	False	0.0005003976374082
13560	0.0004311203938811589	30	4131.0	False	0.0004084785948336
13561	0.00039298167847142475	30	4120.5	False	0.0005423234559339
13562	0.000417301248857752	30	4075.5	False	0.0004959467623693
13563	0.0006176605270804586	30	4027.0	False	0.0007828002403014
13564	0.00044984943629940773	30	3949.0	False	0.0004809960317827
13565	0.0002555727225182163	30	3992.5	False	0.0003473809306152
13566	0.0005370543211731888	30	4012.5	False	0.0006432091607479
13567	0.0004807547867484776	30	4019.0	False	0.0005880809561291
13568	0.0003954805440461178	30	4036.5	False	0.0003139548443232
13569	0.0002829249896210659	30	4013.0	False	0.0004028684231729
13570	0.0007179766608781235	30	3825.0	False	0.000911222271791
13571	0.0005644643779411211	30	4109.0	False	0.0005994622471018
13572	0.00045094321399342214	30	4045.0	False	0.0005309193002663
13573	0.00039341848399958903	30	4188.5	False	0.000390516523188
13574	0.0005206815967270162	30	4129.5	False	0.0006312467122567
13575	0.00040077774691480496	30	4205.0	False	0.0004396817049304
13576	0.0004260914534833838	30	4228.5	False	0.0004906855824523
13577	0.0007851967766578773	30	4164.5	False	0.0010538509105794
13578	0.0006220712623957487	30	4240.5	False	0.0007032891633431
13579	0.0007246128252182414	30	4192.5	False	0.0008377234648933
13580	0.000555944399420418	30	4197.5	False	0.0006831132670972
13581	0.0008664861165321015	30	4113.0	False	0.0008560737105941
13582	0.0010297609503958712	30	3767.0	False	0.0011976741939845
13583	0.0002252810049390285	30	4128.5	False	0.0002728224805723
13584	0.0002580546664602673	30	4050.5	False	0.0003219459846181
13585	0.0007634606605956038	30	3884.5	False	0.0007928734667226
13586	0.00040742160657764525	30	4057.0	False	0.0005796687861735
13587	0.00037761292173311	30	4058.0	False	0.0004633177112105
13588	0.0003178521755153865	30	4073.0	False	0.0004158629598824
13589	0.0006880765007839434	30	4006.5	False	0.0006470223492303
13590	0.0009704776722324151	30	3997.0	False	0.0011157542393398
13591	0.0004109218780784321	30	3878.5	False	0.0004262140150286
13592	0.0003342366958825882	30	3947.0	False	0.0004550294404047
13593	0.0004246394756757312	30	3916.5	False	0.0003379550976416
13594	0.0004049629982381363	30	3930.0	False	0.0003986987921238
13595	0.0006432632196171447	30	4002.5	False	0.0007415481380887
13596	0.0004219652685194681	30	4004.0	False	0.0005876068376068
13597	0.0006526400348926557	30	3989.0	False	0.0008945263930012
13598	0.00022280785175761718	30	3945.5	False	0.0003525806189145
13599	0.00039261155077131274	30	3843.5	False	0.0004319257455314
13600	0.0002489989529338367	30	3753.5	False	0.0003974224316575
13601	0.0002718875178542795	30	3745.0	False	0.000295238095238
13602	0.0003027612480143079	30	3787.0	False	0.0003766726620398
13603	0.00030087315110802323	30	3827.0	False	0.0002996563316446
13604	0.0003745207097191855	30	3801.0	False	0.0004325503545032
13605	0.0004351650474221962	30	3718.5	False	0.0005459874710243
13606	0.0004543229504597092	30	3637.5	False	0.0005229764265908
13607	0.0004119230726886703	30	3721.5	False	0.0003808653260207
13608	0.0009792236229444022	30	3662.0	False	0.0010672255047491
13609	0.00044723619492740966	30	3706.0	False	0.0004880896553704
13610	0.0005342163808858663	30	3729.0	False	0.0005794898589274
13611	0.00045529712432618174	30	3712.5	False	0.0004491289764637
13612	0.00043196834446405973	30	3697.5	False	0.0004988583817801
13613	0.0004922852107358687	30	3674.5	False	0.0005243736647892
13614	0.00027433309346734544	30	3644.5	False	0.0003420741421269
13615	0.00022731878334667605	30	3653.5	False	0.0002534829532713
13616	0.00023421451714477674	30	3635.0	False	0.0003024891933296
13617	0.000618009915830739	30	3602.0	False	0.0005248205912218
13618	0.0003646271517887135	30	3579.0	False	0.0004629720837683
13619	0.0004389879898857938	30	3552.0	False	0.0004569430509888
13620	0.00046187547275923415	30	3556.0	False	0.0004755912689369
13621	0.0002712795215949971	30	3586.0	False	0.0003550996251726
13622	0.0002822688183726213	30	3498.0	False	0.0004447948889023
13623	0.00024989114484284	30	3495.0	False	0.0002731659938689
13624	0.001064889599315589	30	3276.5	False	0.0010599685221469
13625	0.0004268779715662468	30	3513.0	False	0.0004032827213518
13626	0.0004453195556834788	30	3476.0	False	0.0004468865212931
13627	0.00026917852638355156	30	3451.5	False	0.000326127944069
13628	0.0004434548830849678	30	3431.5	False	0.0005038715847275
13629	0.0004336908179416349	30	3448.5	False	0.0004084425066116
13630	0.00040708203891644864	30	3439.0	False	0.0004818239599778
13631	0.0003354698047558332	30	3481.5	False	0.0003743575215508
13632	0.0004008845406076179	30	3444.0	False	0.0004382165605095
13633	0.00022071398163352185	30	3516.5	False	0.0003074603772836
13634	0.0004281397864717543	30	3575.5	False	0.0004894906360441
13635	0.0005800955635673264	30	3460.0	False	0.0006721845999498
13636	0.00026827632944146127	30	3563.5	False	0.0004303978245346
13637	0.00031593044839550233	30	3541.5	False	0.0003142550128743
13638	0.00048027843472741417	30	3483.5	False	0.0005493901769036
13639	0.0004130609849312077	30	3632.0	False	0.000529217623909
13640	0.0002816250550389523	30	3668.5	False	0.000390721787028
13641	0.0013315220910056198	30	3578.5	False	0.0013543006352546
13642	0.00045321969214227095	30	3683.5	False	0.0005241140090909
13643	0.0006710514521333812	30	3678.0	False	0.0008111770656385
13644	0.0003979330284888695	30	3683.0	False	0.0003816102042568
13645	0.0005203506191996529	30	3524.5	False	0.0005875323640709
13646	0.0012545835515976951	30	3445.0	False	0.0012805008180977
13647	0.0007921642734853347	30	3435.0	False	0.0008864164323266
13648	0.0005459894024425315	30	3461.0	False	0.0005973534206076
13649	0.0003292349857082447	30	3439.0	False	0.0004808626881247
13650	0.001326763694284239	30	3348.0	False	0.0006854792642522
13651	0.0009912771540830857	30	2945.0	False	0.0012604380022057
13652	0.00044697667970340323	30	3296.0	False	0.000489351290398
13653	0.0003391335829929741	30	3316.5	False	0.000327972915785
13654	0.00027051383140073624	30	3360.5	False	0.0003970161104958
13655	0.00026079282513355353	30	3338.5	False	0.0004525267832712
13656	0.00048714923683116333	30	3357.5	False	0.0005234067498534
13657	0.0005170385112601204	30	3293.5	False	0.0006771053745239
13658	0.0004302010183429053	30	3462.0	False	0.0004181198882294
13659	0.00043448882446425004	30	3411.0	False	0.0004337319536526
13660	0.0003407928393179383	30	3452.5	False	0.0004193815656229
13661	0.0002555471963171693	30	3422.5	False	0.0003816282116076
13662	0.0002517033317472691	30	3493.0	False	0.0002736671396715
13663	0.00024570464619073673	30	3499.0	False	0.0003030731618612
13664	0.00026648082356988447	30	3424.0	False	0.0003191467457326
13665	0.0006349878365119686	30	3428.5	False	0.0005893178387543
13666	0.00027213949181670993	30	3502.0	False	0.0004070128310794
13667	0.0003674818770142651	30	3482.0	False	0.0003788344186427
13668	0.0003881863967590904	30	3585.0	False	0.0004668070398474
13669	0.0005565904364616674	30	3570.5	False	0.0006612497620502
13670	0.0004381208311339316	30	3497.5	False	0.0004405692564625
13671	0.0004258056345498891	30	3513.5	False	0.0003977197401564
13672	0.0002806021924605088	30	3512.0	False	0.0002857988588459
13673	0.00028201056476064685	30	3420.5	False	0.000323364661458
13674	0.00046931351572343223	30	3335.5	False	0.0005884366842127
13675	0.00043342127496981343	30	3245.5	False	0.0004162558878299
13676	0.0009124762017536136	30	3071.5	False	0.0008915029350129
13677	0.0005176915579360301	30	3345.5	False	0.0005227781926811
13678	0.00047104201015791115	30	3279.5	False	0.0005517390598799
13679	0.0004719233448608238	30	3279.5	False	0.0005960831915377
13680	0.00045699124564725494	30	3249.0	False	0.0005457919441109
13681	0.0017970992451221098	30	2881.0	False	0.0025124396401696
13682	0.00039254745271675035	30	3365.0	False	0.0004623305663549
13683	0.0003686503798551013	30	3313.5	False	0.0004334404600811
13684	0.00046077817530356367	30	3325.0	False	0.0004872003982333
13685	0.0004690347431065531	30	3220.0	False	0.0005118320319731
13686	0.0006252432736752744	30	3187.0	False	0.0006037851842093
13687	0.00011263798152737103	30	3400.5	False	0.000269902731208
13688	0.0005691233528396686	30	3325.5	False	0.0005496944967124
13689	0.0004008931257412514	30	3409.0	False	0.0004669599867175
13690	0.0002232080598953664	30	3357.5	False	0.0002850356294536
13691	0.0008185543297923859	30	3132.5	False	0.0009035362148609
13692	0.0004019955604096795	30	3434.5	False	0.0005050609165309
13693	0.0002726656073741625	30	3379.5	False	0.0003452063392436
13694	0.0002944657094854723	30	3355.5	False	0.0004105695336351
13695	0.00039047842526653085	30	3310.0	False	0.0004364534431918
13696	0.0004250282542591879	30	3257.0	False	0.0004550477800169
13697	0.0004506262273194612	30	3225.5	False	0.000514133193314
13698	0.0005151424685706704	30	3201.5	False	0.0004926647689949
13699	0.0005753475327383995	30	3306.5	False	0.0005311802825879
13700	0.0003006432219481753	30	3324.5	False	0.0003592105819211
13701	0.0004408312540322894	30	3282.5	False	0.0005254635339031
13702	0.0004768865616507248	30	3442.5	False	0.0005853237764679
13703	0.0005907672122452468	30	3412.0	False	0.0006773443931515
13704	0.0004019385750951617	30	3445.5	False	0.0005147104239155
13705	0.0004514324689428115	30	3472.0	False	0.000604118243347
13706	0.001529936447894811	30	3368.5	False	0.0017005904534555
13707	0.0004252756744483528	30	3450.5	False	0.0004119464469618
13708	0.0007113065194232438	30	3350.5	False	0.0009327863813188
13709	0.000530442228602877	30	3309.5	False	0.000587424836322
13710	0.037008579781575096	30	3272.5	False	0.0393168494602721
13711	0.0011344416690927956	30	3349.0	False	0.0011972530947863
13712	0.0004414243265624239	30	3428.5	False	0.0004853516734306
13713	0.000567886223491321	30	3516.0	False	0.0006163546160919
13714	0.0007596581913043633	30	3481.5	False	0.000805579915567
13715	0.0006608996096477513	30	3410.0	False	0.0007602899516747
13716	0.0003355767631290802	30	3312.0	False	0.0004818967455906
13717	0.00041267999242137175	30	3309.0	False	0.0004087076234727
13718	0.00046231200878681295	30	3274.5	False	0.0004991806925589
13719	0.00029150275213267343	30	3248.5	False	0.0004390827561224
13720	0.00028223686645444514	30	3271.5	False	0.0003704187911273
13721	0.00027290389403956147	30	3252.0	False	0.0004146525102844
13722	0.0003224943612885298	30	3256.5	False	0.0004585453195624
13723	0.00029715109314165915	30	3269.5	False	0.000904444856106
13724	0.0005810107241979454	30	3277.0	False	0.0005446504433454
13725	0.00034162330015691917	30	3300.5	False	0.000391070555646
13726	0.0007941430444027839	30	3349.0	False	0.0008244199616698
13727	0.00046919471283832795	30	3435.0	False	0.0005119953188999
13728	0.0005790426294050067	30	3483.5	False	0.0005891168415068
13729	0.0002661261996215597	30	3497.0	False	0.0003923431143783
13730	0.0004420866489832007	30	3441.5	False	0.0004417100489036
13731	0.00046669344996042386	30	3352.0	False	0.0006193537364115
13732	0.0002888928281468662	30	3447.0	False	0.0003450150552024
13733	0.00042787109282761747	30	3467.0	False	0.0003427894753243
13734	0.0002298629276616139	30	3468.5	False	0.0002797869474207
13735	0.00040279556124626545	30	3534.5	False	0.0004589307932363
13736	0.0003830692121822673	30	3546.0	False	0.0004994394047497
13737	0.00029315821100523646	30	3504.0	False	0.0004498241596466
13738	0.0006421950721959464	30	3433.5	False	0.0008058439383791
13739	0.0003675812143105856	30	3452.5	False	0.0004569482090745
13740	0.0004865693919645533	30	3451.0	False	0.000632255389718
13741	0.0005156317630227538	30	3379.5	False	0.0006331184248013
13742	0.00044873885955691947	30	3454.5	False	0.0004876580997935
13743	0.0005578819635859609	30	3419.5	False	0.0005668101186102
13744	0.0003352356384079045	30	3390.5	False	0.0003904147893342
13745	0.00029269250378264586	30	3370.5	False	0.000381922342457
13746	0.0004345525854887569	30	3417.5	False	0.0004830664216329
13747	0.0003771675766627917	30	3415.5	False	0.0004322477939548
13748	0.0003152675674453438	30	3368.5	False	0.000395016387842
13749	0.0003257538069792989	30	3416.5	False	0.0003789593355579
13750	0.0004606672146817214	30	3420.0	False	0.0004843073877933
13751	0.0002978683422813497	30	3426.5	False	0.0004081760808816
13752	0.00030136954707489483	30	3391.5	False	0.0003244120032441
13753	0.0004385552528436427	30	3292.0	False	0.0006312512924326
13754	0.0008337445013516425	30	3401.5	False	0.0009981193330461
13755	0.0006715161032209574	30	3389.5	False	0.0006633813495072
13756	0.0007023925360522585	30	3441.5	False	0.0007869938904421
13757	0.0006108963457800198	30	3379.0	False	0.0008644135691847
13758	0.0010543371887909703	30	3373.0	False	0.0012759137018368
13759	0.001203511330513003	30	3313.0	False	0.0013542562338779
13760	0.000724438030263273	30	3318.0	False	0.000812582193758
13761	0.0009947482236638862	30	3206.5	False	0.0010544074230282
13762	0.0008918709044192359	30	3139.0	False	0.0010400594319675
13763	0.0007842082342935715	30	3275.5	False	0.0007518469283239
13764	0.0006631846646066341	30	3363.5	False	0.0008431613213085
13765	0.0010497221037499135	30	3427.0	False	0.0012610738043443
13766	0.0008635404786928747	30	3442.5	False	0.0008816491036567
13767	0.0007389926545795701	30	3476.0	False	0.0008668950534759
13768	0.0005976989349167315	30	3381.0	False	0.0007366128619011
13769	0.0008461847152481997	30	3415.0	False	0.0008805898891305
13770	0.00070153069058578	30	3536.0	False	0.0008136780306931
13771	0.0004897753213125335	30	3569.5	False	0.0006300108727682
13772	0.0008299987186629271	30	3550.0	False	0.0008670726606889
13773	0.000650627835813021	30	3511.5	False	0.000751755813235
13774	0.0007337496766431798	30	3478.0	False	0.0007262540851792
13775	0.0005413919413919414	30	3629.0	False	0.0007564296520423
13776	0.0005296579712437727	30	3615.5	False	0.000568743077798
13777	0.0004951519776055099	30	3601.0	False	0.000699133074987
13778	0.0005974230861032807	30	3629.5	False	0.0006228127409692
13779	0.0004240991938877918	30	3591.5	False	0.0004728179952517
13780	0.0013567566320781756	30	3530.5	False	0.0013394483615867
13781	0.0016927440863193231	30	3445.5	False	0.0016354848118671
13782	0.001515004197908212	30	3697.5	False	0.001419946872736
13783	0.0010073137420830366	30	3717.0	False	0.0011736976285535
13784	0.0013058180963777069	30	3703.5	False	0.0013276890513757
13785	0.0008377452714459459	30	3774.5	False	0.0008520226069998
13786	0.0005240942301659058	30	3723.5	False	0.000698437604646
13787	0.0009271668610811669	30	3549.5	False	0.0008704613445125
13788	0.0004678307550370213	30	3643.0	False	0.0007240137758296
13789	0.0008423520019221328	30	3562.0	False	0.0007487878229914
13790	0.0013560027289141391	30	3465.0	False	0.0014505041012492
13791	0.0005091154143973978	30	3700.5	False	0.0005111734807056
13792	0.0002461131266390886	30	3806.0	False	0.0002811647719285
13793	0.00048389014441575556	30	3770.0	False	0.000605052185751
13794	0.0005139560798647076	30	3846.0	False	0.0005659939689167
13795	0.00036886048142851705	30	3846.5	False	0.0003896103896103
13796	0.0002527774549457791	30	3840.5	False	0.0003154486329012
13797	0.0003120868351806308	30	3773.0	False	0.0003503920603053
13798	0.0002610286654705123	30	3894.5	False	0.0003390047918785
13799	0.0006053673030382788	30	3774.5	False	0.0007613139715212
13800	0.0004763810426555341	30	3931.5	False	0.0006438332562547
13801	0.00052620847655898	30	3829.5	False	0.0006373250819747
13802	0.0005717814852238466	30	3864.0	False	0.0007223979955741
13803	0.0005611082710978708	30	3757.5	False	0.0005439690155248
13804	0.0005118818394956451	30	3797.0	False	0.0006516174074936
13805	0.00038844119565440175	30	3898.5	False	0.0005132294043789
13806	0.00046863563612093903	30	3976.0	False	0.0004944220206578
13807	0.0004960321729332044	30	4061.0	False	0.0005450261964204
13808	0.0009400036125109468	30	3993.5	False	0.0010742773246913
13809	0.0011606314460104587	30	4143.5	False	0.0010442410108252
13810	0.00046970991551785105	30	4108.5	False	0.0007272344936958
13811	0.0004374380471259838	30	4174.5	False	0.0005818901877681
13812	0.0004390928997314948	30	4171.0	False	0.000609246623033
13813	0.00026898895728021507	30	4189.0	False	0.0004243416209849
13814	0.0003905376320638816	30	4106.5	False	0.0004482137364327
13815	0.00040126060830722086	30	4245.5	False	0.00048895141367
13816	0.0004949231926195297	30	4175.0	False	0.0006067855966436
13817	0.0004118590652617927	30	4346.0	False	0.0004787140229614
13818	0.000720383194272747	30	4317.5	False	0.0007090761750405
13819	0.00028514993300562095	30	4318.0	False	0.0004048173261815
13820	0.00036318676971478945	30	4292.5	False	0.0005181347150259
13821	0.0005136121681399065	30	4309.5	False	0.0005844535359438
13822	0.00025183908724185075	30	4308.5	False	0.0003627620534019
13823	0.00045763583266057045	30	4289.5	False	0.0005055995146244
13824	0.00032794986833069566	30	4329.5	False	0.0003423084950949
13825	0.000288019770200925	30	4342.5	False	0.0003327620917425
13826	0.00032969875756312596	30	4318.5	False	0.0003857636442923
13827	0.0009530165994696886	30	4250.0	False	0.001039979541386
13828	0.00020406190102319674	30	4370.5	False	0.0001991486395658
13829	0.0002372486426348935	30	4384.5	False	0.0002810079921978
13830	0.00042247030077040406	30	4379.5	False	0.0004719988738272
13831	0.0004325665130034084	30	4361.0	False	0.000565954507245
13832	0.0006629598416716151	30	4332.0	False	0.000670887668246
13833	0.00029424886023922105	30	4313.0	False	0.0003452079246267
13834	0.00032165574153431443	30	4280.0	False	0.0003654784367722
13835	0.0006619769830049856	30	4364.5	False	0.0006934001670843
13836	0.0004018603299178839	30	4322.0	False	0.0004206735825403
13837	0.0003182563380863664	30	4318.0	False	0.0004964992594587
13838	0.0006714774629905881	30	4283.5	False	0.000785778258445
13839	0.0002928829569524804	30	4322.0	False	0.0003104782203724
13840	0.00028984314183762316	30	4354.5	False	0.0003239014343019
13841	0.0004822966075936077	30	4411.0	False	0.0005595326256891
13842	0.0008274536934382192	30	4397.0	False	0.0009470164863217
13843	0.00029711744554564276	30	4358.5	False	0.0004147897430792
13844	0.0006294918480640802	30	4305.5	False	0.0006874984279761
13845	0.0004009049973600898	30	4469.5	False	0.0003809616444574
13846	0.00030355438271900697	30	4487.0	False	0.0003710275850943
13847	0.0007697942732117903	30	4434.5	False	0.0007011650754567
13848	0.0003966778242046482	30	4555.5	False	0.0004843884000889
13849	0.000881199479530335	30	4593.5	False	0.0008956419946104
13850	0.0005225561132830634	30	4505.5	False	0.0005454180870262
13851	0.00030062470399855665	30	4436.5	False	0.000339907577511
13852	0.00046613268614036486	30	4273.5	False	0.0006115593086866
13853	0.0006244970844785045	30	4183.5	False	0.0007677084755015
13854	0.0002970127641411763	30	4359.0	False	0.0004509120721459
13855	0.0002171084882537049	30	4361.5	False	0.0002869534561494
13856	0.0006333179989997605	30	4237.5	False	0.0006570080862533
13857	0.00048122672597327647	30	4177.0	False	0.0005442963693731
13858	0.0004993523313640501	30	4074.5	False	0.0005883014525854
13859	0.0004258187176058728	30	4126.0	False	0.000454097588142
13860	0.0003680633266982904	30	4109.5	False	0.0004303000051636
13861	0.0003782922483048793	30	4154.0	False	0.0003837953091684
13862	0.0003079623004539579	30	4128.5	False	0.0003757247645315
13863	0.00043988312340230445	30	4206.5	False	0.0004854775257386
13864	0.00041567406108330973	30	4182.5	False	0.0004525455688246
13865	0.00023731129345523722	30	4153.0	False	0.0003533360815028
13866	0.0002728799699688276	30	4155.5	False	0.0003046716316858
13867	0.000288664090984198	30	4254.5	False	0.0003068858550503
13868	0.00029717570496999986	30	4222.5	False	0.0003405541896471
13869	0.0004368318646391725	30	4238.5	False	0.0004713080866545
13870	0.00040826899858523944	30	4241.0	False	0.0004777201219009
13871	0.0002281068622550652	30	4259.5	False	0.0002216912579747
13872	0.0002677982525065328	30	4280.5	False	0.0003190340630214
13873	0.00040278812680104065	30	4303.5	False	0.0003832011153598
13874	0.0008475963471368676	30	4230.0	False	0.0009575381364326
13875	0.0004163359696078209	30	4296.0	False	0.0004915816640039
13876	0.0008134064036952575	30	4326.0	False	0.0008048060742535
13877	0.0002790192221956724	30	4339.5	False	0.0003736222678871
13878	0.00021374743455107007	30	4269.5	False	0.0002311031875732
13879	0.0006825998288659845	30	4127.0	False	0.0008567585397407
13880	0.0005094716131880787	30	4072.5	False	0.0005153948439899
13881	0.00043729218166981096	30	4137.0	False	0.0004569842425063
13882	0.0003929596694167926	30	4190.5	False	0.000489121268342
13883	0.00034143612401057197	30	4173.0	False	0.0004241853520314
13884	0.0027293357530679564	30	4052.5	False	0.0029909394707528
13885	0.0006323147938276001	30	4112.0	False	0.0006703104052799
13886	0.0005733174730334443	30	4061.5	False	0.0006053651616867
13887	0.000460942775107093	30	4043.0	False	0.0004796246718931
13888	0.0004934559586601947	30	4043.0	False	0.0006819075927787
13889	0.0004277538713737888	30	4099.5	False	0.0005412603634176
13890	0.0003611099412084938	30	4116.0	False	0.0004020736735846
13891	0.0004913352310952992	30	4055.5	False	0.0005379422839988
13892	0.0002554372837902355	30	4088.5	False	0.0003193950485135
13893	0.00023383426764194087	30	4107.0	False	0.0002741956214386
13894	0.0003123785790412406	30	4185.5	False	0.0004782922449527
13895	0.0003672266799157848	30	4251.5	False	0.0003632101170527
13896	0.00023574604759969453	30	4253.0	False	0.0003874275634103
13897	0.0002281743234140935	30	4261.5	False	0.0003122765784348
13898	0.0005041361400109633	30	4223.0	False	0.0006461660812512
13899	0.0005860636032694554	30	4233.5	False	0.0005952577796884
13900	0.00022747115382236083	30	4188.5	False	0.0002849575916054
13901	0.0002624058469353344	30	4118.5	False	0.0002950698050853
13902	0.0003304805513523522	30	4275.5	False	0.0004156479217603
13903	0.0005823296008133411	30	4216.0	False	0.0006920871370662
13904	0.0004370619358474401	30	4306.5	False	0.0004619574026647
13905	0.00026889055642722334	30	4295.0	False	0.0003961132398829
13906	0.0005293990624063974	30	4328.5	False	0.00052822819458
13907	0.0006036584958680596	30	4305.0	False	0.0006455160542233
13908	0.0004142931168213046	30	4345.5	False	0.0003625187169989
13909	0.00022697194418888018	30	4313.0	False	0.0003164056320202
13910	0.0004375478867068703	30	4210.5	False	0.0005905671062211
13911	0.00043838949432468066	30	4084.5	False	0.0005112088833019
13912	0.0002570610396256858	30	4406.5	False	0.000286479706397
13913	0.0022953547612859747	30	4360.0	False	0.0024930273142305
13914	0.00048532006307990243	30	4539.0	False	0.0006138353833363
13915	0.0002881697694841126	30	4556.0	False	0.0003248224807372
13916	0.00037159174233216167	30	4444.5	False	0.0003321181413741
13917	0.00043555099643435304	30	4380.0	False	0.0004396294551734
13918	0.00021423652206904232	30	4424.5	False	0.0002559806385553
13919	0.00044920898212933195	30	4404.0	False	0.000474420196301
13920	0.00040201084613141933	30	4399.5	False	0.00050168534922
13921	0.0004471024867079157	30	4336.0	False	0.0006295021355262
13922	0.0008882876791018193	30	4091.5	False	0.0009609920780826
13923	0.000380445340758763	30	4385.0	False	0.0005532459731596
13924	0.0004144601889917863	30	4295.5	False	0.0004983842703493
13925	0.0006403925035237473	30	4352.5	False	0.0006735233989952
13926	0.0011315481543472785	30	4306.5	False	0.0010725148071074
13927	0.0010495764504048445	30	4326.0	False	0.0011094969748247
13928	0.0006458218641042324	30	4388.5	False	0.0007750037563957
13929	0.0005092813032622013	30	4336.5	False	0.0006068058061734
13930	0.00022667793396814338	30	4308.0	False	0.0003608168894376
13931	0.0005420424370298393	30	4212.5	False	0.0006526456623537
13932	0.00031089860316930366	30	4388.0	False	0.0004184959413789
13933	0.0004363388554090798	30	4231.5	False	0.0004873690195759
13934	0.000409364281228319	30	4396.5	False	0.0004996293072881
13935	0.000670058871399877	30	4048.5	False	0.0282146043073786
13936	0.0005745776367984376	30	4301.5	False	0.0007482259803369
13937	0.0009477945679041921	30	3883.5	False	0.0013340734904376
13938	0.0005369555608368616	30	4380.5	False	0.0006046285909767
13939	0.0007925553789438106	30	4409.0	False	0.0007010026701112
13940	0.0008656344136494093	30	4428.5	False	0.0009405641817483
13941	0.0003787103844969707	30	4497.0	False	0.0004569357424431
13942	0.0007427325446227586	30	4277.5	False	0.0007206244332167
13943	0.0005087772629551678	30	4401.0	False	0.0005913940340169
13944	0.0003071837201085527	30	4401.5	False	0.0003861612420206
13945	0.00035425227189912615	30	4258.0	False	0.000629860219482
13946	0.0009438743753445608	30	4005.5	False	0.0009753509980236
13947	0.0004158904034954166	30	4557.5	False	0.0004877565485127
13948	0.00036519076442074235	30	4575.5	False	0.0004643727161997
13949	0.00029370996205638184	30	4588.5	False	0.0004401976335582
13950	0.00046941622231235717	30	4568.0	False	0.0004302661503472
13951	0.0004876826137079737	30	4393.5	False	0.000492176770844
13952	0.000758918055088658	30	4371.0	False	0.0007876333606485
13953	0.00043094619871378135	30	4313.5	False	0.0005669296368456
13954	0.00025282182183575664	30	4486.5	False	0.0003171950672298
13955	0.0014090303516867955	30	4401.5	False	0.0014385191157059
13956	0.0003535359590153043	30	4464.0	False	0.0004053632678515
13957	0.0002635749615457748	30	4572.5	False	0.0003464683327943
13958	0.0006817830057266677	30	4372.0	False	0.0007090672976568
13959	0.00035720183816754565	30	4468.0	False	0.0004326144068463
13960	0.00027093683873073704	30	4439.5	False	0.0004170666834542
13961	0.00030892179097420235	30	4532.5	False	0.0004109514689576
13962	0.00023811253509026833	30	4468.0	False	0.000352330470322
13963	0.0006824952146091366	30	4527.0	False	0.0006315247815002
13964	0.00023103434973528026	30	4653.5	False	0.0003626884279723
13965	0.000595077273789688	30	4504.0	False	0.000643360979769
13966	0.00046355430234812367	30	4396.0	False	0.0005638411079874
13967	0.0005913098489249082	30	4589.5	False	0.0006804489433927
13968	0.0005406738974649164	30	4650.5	False	0.0007369252742577
13969	0.0004145214978981392	30	4551.0	False	0.0004794271618685
13970	0.0005564451165164536	30	4548.0	False	0.0009112039475208
13971	0.0003780951769131387	30	4631.0	False	0.0005320078737165
13972	0.00038710186597374225	30	4630.0	False	0.0004326704114164
13973	0.00032848301743875776	30	4658.5	False	0.0003996621723524
13974	0.00022921224854854976	30	4666.5	False	0.000375804221033
13975	0.0005874379643399001	30	4620.0	False	0.0006738493454575
13976	0.0008109634840639968	30	4425.5	False	0.001073698338136
13977	0.0004142856567128639	30	4703.5	False	0.0004849117833563
13978	0.00034370216432542825	30	4679.0	False	0.0003663496620611
13979	0.0009729829206376133	30	4616.0	False	0.0009641603519185
13980	0.0014275592366297667	30	4480.5	False	0.0013073924873959
13981	0.0009536657043808718	30	4594.5	False	0.0010463344175784
13982	0.0005792966559794656	30	4627.5	False	0.0006208358570563
13983	0.0005065587238874171	30	4655.5	False	0.0006135619924857
13984	0.0006658919967953255	30	4687.5	False	0.0007295207725399
13985	0.0011341713866394984	30	4608.0	False	0.0010949904188338
13986	0.001684169513685667	30	4439.0	False	0.0016692913385826
13987	0.00040129341440791504	30	4707.0	False	0.0004799004206627
13988	0.000704176529429825	30	4491.5	False	0.0006995289838175
13989	0.000513668936060976	30	4600.5	False	0.0005114308614175
13990	0.0006598384015942288	30	4603.0	False	0.0007540846250523
13991	0.0012344490656740618	30	4538.5	False	0.0013888995464974
13992	0.0007203963639607204	30	4769.5	False	0.0008201403025731
13993	0.0005171751036813158	30	4797.0	False	0.0005538187992333
13994	0.0007760326248259402	30	4690.5	False	0.0007361415771275
13995	0.0005597698628798683	30	4684.0	False	0.0006929542203147
13996	0.0006756288387483971	30	4658.5	False	0.0007482901569912
13997	0.0006205629757927597	30	4582.0	False	0.0005552344154066
13998	0.00027116310271427615	30	4709.5	False	0.0003918002853488
13999	0.0004178110310479748	30	4672.5	False	0.0004762188225489
14000	0.0007141184883479334	30	4606.0	False	0.00084069891618
14001	0.0013045307590994193	30	4575.5	False	0.0015151170806724
14002	0.0004952703186502655	30	4506.0	False	0.0005144783419975
14003	0.0010764653799232185	30	4672.5	False	0.0014437853969293
14004	0.000389106000953234	30	4656.5	False	0.0004178979731948
14005	0.0009999582569606518	30	4641.5	False	0.0009287137314818
14006	0.0012024171717702327	30	4680.5	False	0.0014560257924568
14007	0.0012148133103618937	30	4623.5	False	0.0043865278480343
14008	0.0003616773861004101	30	4680.0	False	0.0004603846439444
14009	0.0003666512074956815	30	4641.5	False	0.0004116119472238
14010	0.0003815561407764624	30	4732.0	False	0.0004108523719387
14011	0.00039172613644496775	30	4757.5	False	0.0004325798623076
14012	0.00041545607048289044	30	4814.0	False	0.0004773304211356
14013	0.0005908022633123794	30	4850.0	False	0.0005393122689945
14014	0.00039917292612516494	30	4828.0	False	0.0004343199635171
14015	0.0005307001075754872	30	4717.0	False	0.0005176098257133
14016	0.0006973312507605122	30	4668.5	False	0.0007105725718987
14017	0.0003458718175084212	30	4686.0	False	0.0003642147826604
14018	0.00027887309678553663	30	4671.0	False	0.0003716366879738
14019	0.00031324695843037824	30	4667.5	False	0.000341383046621
14020	0.00039912714651653284	30	4652.0	False	0.0004693541537842
14021	0.0005788866264325146	30	4639.5	False	0.0005894466662687
14022	0.00048616516908204447	30	4541.5	False	0.0005821568912822
14023	0.00037903495366616393	30	4715.5	False	0.0003763754308022
14024	0.0003716090800904221	30	4716.0	False	0.0003613382789973
14025	0.008189803519891747	30	4654.0	False	0.0085113048926948
14026	0.0005073119185295019	30	4700.0	False	0.0005621218621026
14027	0.0002001603285834518	30	4775.0	False	0.0002475644031513
14028	0.00034168607459132477	30	4796.0	False	0.0002895068251234
14029	0.00038931149233297033	30	4731.0	False	0.0004100671484955
14030	0.00029990722055492315	30	4844.5	False	0.0003803754952058
14031	0.00020002088426874452	30	4800.5	False	0.0002467809601231
14032	0.0004310144782251133	30	4816.0	False	0.0005060179997831
14033	0.0004070322456954912	30	4852.0	False	0.0004720523548975
14034	0.0005123296808120209	30	4875.0	False	0.0005378102401976
14035	0.0005462126976151063	30	4835.0	False	0.000640347658414
14036	0.0005005557973154877	30	4884.5	False	0.0005407405299257
14037	0.0007113640630463638	30	4851.0	False	0.0008356725020891
14038	0.00035096167316259295	30	4953.5	False	0.000569528135393
14039	0.0008308215219247923	30	4825.0	False	0.0008379444356155
14040	0.0011516484528083534	30	4813.0	False	0.0013683059792799
14041	0.0005634213983360093	30	4802.0	False	0.0006654707482205
14042	0.0006593860209300586	30	4783.5	False	0.0007478291174164
14043	0.0005201100741556238	30	4971.5	False	0.0005832911677067
14044	0.0004517966831467115	30	5092.5	False	0.0005473940621429
14045	0.0006658682611160096	30	5117.5	False	0.0007982098268498
14046	0.0005746891075318428	30	5064.5	False	0.0006616491605326
14047	0.0005794027376366713	30	5000.5	False	0.000661693517493
14048	0.0005819032655659547	30	4941.0	False	0.0006564273412575
14049	0.0005315200265610289	30	5049.0	False	0.00060246386948
14050	0.0010521382717437518	30	5015.0	False	0.0011675260955981
14051	0.0009395334986921314	30	5184.5	False	0.000957137753692
14052	0.0007538412470050101	30	5082.0	False	0.0007351375119373
14053	0.002368643763798317	30	4619.0	False	0.0025750154730158
14054	0.0009432980220302317	30	5072.0	False	0.0011650808621598
14055	0.0005787316132143718	30	5127.0	False	0.0005676028694718
14056	0.0013056212347013732	30	5049.5	False	0.0013176692511477
14057	0.000861781506712407	30	5193.5	False	0.0010579355337488
14058	0.00059267679388104	30	5174.0	False	0.0006953960689669
14059	0.0012301785648620414	30	5132.0	False	0.0012704386103461
14060	0.0011481416466032311	30	5017.0	False	0.0014224452043275
14061	0.0002852084972462628	30	5123.0	False	0.0004256926087404
14062	0.0007421573360105803	30	5154.5	False	0.0009031013320744
14063	0.001079909577468106	30	5072.5	False	0.0013397474610744
14064	0.0006884168412549529	30	5128.0	False	0.0006606974487443
14065	0.0010315335866570101	30	4947.5	False	0.0011358359824266
14066	0.0007401993391859449	30	5239.0	False	0.0008087179798224
14067	0.0005265616403754927	30	5262.5	False	0.0006190617177616
14068	0.0012018332039162034	30	5149.0	False	0.0012340008363783
14069	0.0006435240998846055	30	5200.5	False	0.000829243756882
14070	0.0009330475306003388	30	5212.0	False	0.0009155583888885
14071	0.0008082765218971877	30	5155.5	False	0.0008705248510854
14072	0.0006000342221421757	30	5225.0	False	0.0006210467337667
14073	0.000684626714507965	30	5163.0	False	0.000739199474347
14074	0.0007200029327232322	30	5183.0	False	0.0007765508879246
14075	0.0009511177578588434	30	5208.0	False	0.000981879249167
14076	0.0006907634841211139	30	5235.5	False	0.0007745359519383
14077	0.0005345207815790889	30	5223.0	False	0.0006943976269129
14078	0.0005680787936501966	30	5168.5	False	0.0005688827964359
14079	0.0005565177055708119	30	5058.0	False	0.0005502427336616
14080	0.000582219552575834	30	5006.0	False	0.0005422764342155
14081	0.0003025809395469666	30	5042.5	False	0.0003932998560241
14082	0.00045578232241237773	30	5063.5	False	0.0004729645137507
14083	0.0003816389194584379	30	4983.0	False	0.0004325688919145
14084	0.00033805332804087316	30	4963.5	False	0.0004328267132132
14085	0.00034285652137253005	30	5007.5	False	0.0003314808023245
14086	0.00032570294216645865	30	5023.5	False	0.0003118459896605
14087	0.000225915651215836	30	5095.0	False	0.0002952566673075
14088	0.0005454437306685701	30	5085.0	False	0.0005757328599529
14089	0.00047814020264091593	30	5099.5	False	0.0005735471844978
14090	0.00035324633380769274	30	5063.0	False	0.0003490807540144
14091	0.0003983360239425216	30	5016.5	False	0.0004204113138887
14092	0.00034254129385455454	30	5111.5	False	0.0004153078384248
14093	0.0007594314959187518	30	5004.0	False	0.0007655330799947
14094	0.00040197208083087986	30	5017.5	False	0.0005662357750524
14095	0.0005267467990928	30	5015.5	False	0.0006488396813783
14096	0.0007285186033944723	30	4937.5	False	0.0007868096974295
14097	0.00039180854306393746	30	5077.0	False	0.0004495330985771
14098	0.0011840222630755451	30	5042.0	False	0.0011711779983879
14099	0.0007264023360856621	30	4993.5	False	0.0008083236610843
14100	0.0006224306416904187	30	5031.5	False	0.0006782076137367
14101	0.0009408756734758876	30	5088.0	False	0.0010089028862802
14102	0.000754499389228333	30	5074.5	False	0.0010704493815565
14103	0.0006781674760243052	30	5148.5	False	0.0007291808641133
14104	0.0007883260932223687	30	5017.5	False	0.0008110187643401
14105	0.0015348060895805584	30	5128.5	False	0.0014457532718773
14106	0.0012383420651566866	30	5102.5	False	0.0014057719341767
14107	0.0007808089108992072	30	5132.5	False	0.0009117092476326
14108	0.000575033637714599	30	5067.0	False	0.0006917658896528
14109	0.0007485903169356406	30	5066.5	False	0.0008704917233646
14110	0.0007046024178152088	30	5046.5	False	0.0009046473628477
14111	0.0008011216023330561	30	5019.0	False	0.0009514881980223
14112	0.0008351834913195255	30	4986.5	False	0.000971962086384
14113	0.0011331997318461255	30	4959.0	False	0.001093044521918
14114	0.0011070546341674643	30	4947.0	False	0.0011923972182158
14115	0.0011022588199327225	30	5072.5	False	0.0011557616469253
14116	0.001976919009966106	30	5050.0	False	0.0023184740225524
14117	0.0015139900126447717	30	5020.0	False	0.0017098606675522
14118	0.0018264050931927518	30	4799.5	False	0.0019222696038357
14119	0.0007244135165099351	30	5023.5	False	0.0008323551381922
14120	0.0008440009256267715	30	4869.0	False	0.0008552335947352
14121	0.0007930286988894299	30	4919.5	False	0.0008898648697137
14122	0.0012664327231608243	30	4924.5	False	0.0014255270130169
14123	0.000909834990381301	30	4906.0	False	0.0009525802657121
14124	0.00067122505326498	30	5059.5	False	0.0006965503169655
14125	0.0007259602180644629	30	5038.5	False	0.0008121870431447
14126	0.0009455637686734824	30	4980.0	False	0.0010458078149063
14127	0.001855117076315831	30	5016.5	False	0.0018920264599189
14128	0.0012446414876044094	30	4925.0	False	0.0012496319331231
14129	0.0007818155240037572	30	5112.5	False	0.0009294524616513
14130	0.0005782359832449472	30	5102.5	False	0.0006582817445866
14131	0.0015011350503394637	30	5083.5	False	0.0014924536498549
14132	0.0018886038379760375	30	5003.5	False	0.0019130558926404
14133	0.0018924624974421132	30	4798.5	False	0.0019633604464061
14134	0.0005241460676469445	30	5149.5	False	0.0006101746624971
14135	0.0006335311989532789	30	5043.5	False	0.0006207850108637
14136	0.0009751569812806104	30	5180.5	False	0.0008719180120269
14137	0.0003794381385719456	30	5140.5	False	0.0004798164180661
14138	0.0007850246289636119	30	5131.0	False	0.0008592205542321
14139	0.000880628870899086	30	5199.0	False	0.0009259067321711
14140	0.0005730800386461387	30	5181.0	False	0.0005670071014182
14141	0.0005567914929912511	30	5003.5	False	0.0006140050262737
14142	0.0003597253317084181	30	4983.5	False	0.0004756756756756
14143	0.0004684784235183075	30	4902.5	False	0.0005242120437717
14144	0.0005806310340321915	30	5001.0	False	0.0005808991745494
14145	0.00039817069775193684	30	5000.5	False	0.0004366906011296
14146	0.00037984807516766155	30	4975.5	False	0.0005544873872122
14147	0.00035819779469953197	30	5017.5	False	0.0004569111379229
14148	0.0005644514171626259	30	4961.5	False	0.0005391145582495
14149	0.0006656211076615178	30	5068.0	False	0.0006343835906111
14150	0.0007326275506213129	30	5069.5	False	0.0006185161235907
14151	0.0004478655841911869	30	5066.0	False	0.0005072279989855
14152	0.0005187967251626432	30	5162.0	False	0.0008007399942015
14153	0.0003939415101220544	30	5096.0	False	0.0005083884087442
14154	0.0009581375140745093	30	5044.5	False	0.0009216719551406
14155	0.0005504632556561223	30	5190.0	False	0.0005132310976986
14156	0.0006866473955300216	30	5258.5	False	0.0006946411470346
14157	0.0007277153096706701	30	5233.5	False	0.0007433236025516
14158	0.0007536569223051068	30	5286.0	False	0.0008436784379896
14159	0.0009440069407863422	30	5222.0	False	0.0009053809356503
14160	0.0010540390460198105	30	5229.0	False	0.0012036623794647
14161	0.0005615033315864342	30	5120.0	False	0.0005948305078884
14162	0.0003382358416970465	30	5155.5	False	0.0004790353596529
14163	0.00036863841392328705	30	5097.0	False	0.0004562453770591
14164	0.00037705670847644793	30	5061.5	False	0.0004495127972835
14165	0.00047722259170842745	30	5061.0	False	0.0004342371900028
14166	0.00048719704525268265	30	5086.0	False	0.0004822165427829
14167	0.0005735379626785229	30	5227.5	False	0.0006058728355537
14168	0.00037938750191330125	30	5168.5	False	0.0004726025547543
14169	0.0004728181089558442	30	5273.5	False	0.0004752788962967
14170	0.00021024616902439412	30	5324.5	False	0.0003204394598306
14171	0.0003327275191771993	30	5316.5	False	0.0003465297982935
14172	0.00033312321415337944	30	5357.5	False	0.0003253979617071
14173	0.0004859569344956893	30	5380.0	False	0.000476423560124
14174	0.00038367278956885886	30	5365.0	False	0.0005575086577815
14175	0.00044091516180281925	30	5494.5	False	0.0005031122004708
14176	0.0003194218612168862	30	5569.0	False	0.0003532615677106
14177	0.00024551100303227833	30	5473.0	False	0.0003370036487125
14178	0.0004947262179064571	30	5234.0	False	0.0004463769074346
14179	0.00017792805978509392	30	5295.0	False	0.0002542418241181
14180	0.00036550806221812893	30	5242.0	False	0.0004612191559689
14181	0.00034895569915616837	30	5254.0	False	0.0004255721581236
14182	0.0004409869863383972	30	5145.5	False	0.000484803905179
14183	0.00038363346360978335	30	5096.5	False	0.0004266563902116
14184	0.000374911331414801	30	5215.0	False	0.000541664127616
14185	0.0004561279513044891	30	4977.5	False	0.0005349785661184
14186	0.00036890325535093437	30	5256.5	False	0.0004736578566305
14187	0.00044055334276156305	30	5267.5	False	0.0004369953544032
14188	0.00039407991343998764	30	5288.5	False	0.0005246025127115
14189	0.00021664329898918712	30	5192.5	False	0.0003181393585769
14190	0.0004585310325472576	30	5183.5	False	0.0004327774847513
14191	0.000304985626585549	30	5285.0	False	0.0002942809178889
14192	0.0002566583253246847	30	5284.5	False	0.0002739067113824
14193	0.0002994538574180067	30	5250.5	False	0.0003277000140442
14194	0.00044612577815283884	30	5350.0	False	0.0005437488535415
14195	0.00021432705026455028	30	5358.0	False	0.0002964837032791
14196	0.0003160627294613918	30	5309.5	False	0.0003562592775853
14197	0.00036220300763617345	30	5285.0	False	0.0004956154552723
14198	0.00035611216940502864	30	5387.5	False	0.0004226295359527
14199	0.00031183057221734054	30	5331.5	False	0.0004351495332032
14200	0.0006836177079464179	30	5191.5	False	0.0007551819392277
14201	0.00035948991008390684	30	5470.0	False	0.000439713927292
14202	0.0003233706591915547	30	5452.0	False	0.0003502740570168
14203	0.0004881447610134363	30	5143.5	False	0.0005351799745384
14204	0.0003397099199993223	30	5321.5	False	0.0004199860879608
14205	0.0004616859257681453	30	5310.0	False	0.0004658405760451
14206	0.00033477465991541954	30	5352.0	False	0.0004043028427129
14207	0.0002942576274820492	30	5408.0	False	0.0003577631347856
14208	0.0004119113090313265	30	5284.0	False	0.0005649379565197
14209	0.00042682985424343433	30	5327.0	False	0.0004632540286555
14210	0.0003212085608732501	30	5273.0	False	0.0003006473940551
14211	0.0002623910798318495	30	5341.5	False	0.0002507638398542
14212	0.000610156989143856	30	5326.0	False	0.0007419388345624
14213	0.0003391262977394934	30	5252.0	False	0.0004440467460119
14214	0.00020086827111360535	30	5367.0	False	0.0003361078708554
14215	0.0005756886046877795	30	5396.0	False	0.000514943665163
14216	0.0009394300121999095	30	5318.5	False	0.0011383001384598
14217	0.00029790081164831424	30	5457.0	False	0.0003059716553066
14218	0.00037428010403404933	30	5436.0	False	0.000444081632653
14219	0.00027959594013749595	30	5513.0	False	0.0003223165535335
14220	0.0003144999329904223	30	5524.0	False	0.0003542262410799
14221	0.00036321121855335543	30	5455.5	False	0.0004154414389852
14222	0.0004440125279388614	30	5535.0	False	0.0005057877484122
14223	0.000409818223661759	30	5527.0	False	0.0004800891045378
14224	0.0004207699257660597	30	5471.0	False	0.0004738167562375
14225	0.00034579066444711843	30	5600.0	False	0.000444038466418
14226	0.0006244175936431443	30	5483.5	False	0.0006616716940741
14227	0.0005463152581496897	30	5443.5	False	0.0005667641674755
14228	0.00037839807906697536	30	5515.0	False	0.000471265703477
14229	0.0004231216945467439	30	5562.0	False	0.0004536857172068
14230	0.0006517802878616325	30	5555.5	False	0.000669740604312
14231	0.0003061586264069007	30	5474.0	False	0.0003731611990913
14232	0.00029871923070201605	30	5452.0	False	0.0003328851350469
14233	0.00036597857783068525	30	5435.5	False	0.0005759463846274
14234	0.00043358542356269485	30	5321.5	False	0.0005006174281613
14235	0.0003476060579551088	30	5381.5	False	0.0004450082691835
14236	0.0002953586335160507	30	5370.0	False	0.0003514472331819
14237	0.0006518286323040366	30	5320.0	False	0.0006432074612065
14238	0.0003765071715679853	30	5309.5	False	0.0004222972972972
14239	0.0005314713753136806	30	5502.0	False	0.0005648140333564
14240	0.0003539401537369216	30	5515.0	False	0.0004015309988407
14241	0.0003497842981534931	30	5481.0	False	0.0004617105400062
14242	0.00054045524593488	30	5391.0	False	0.000588659377873
14243	0.0006661353556428502	30	5307.5	False	0.0008112366330327
14244	0.0004083766212551864	30	5237.0	False	0.0005586820554049
14245	0.0009451472924034438	30	5252.5	False	0.0010298800731756
14246	0.0010381550926382758	30	5297.0	False	0.001020661684226
14247	0.0008704123499831339	30	5291.5	False	0.0010653217541399
14248	0.0012956542417454173	30	5301.0	False	0.00133236028629
14249	0.0009405161651022487	30	5289.0	False	0.0011778168896265
14250	0.0007266745393041823	30	5286.0	False	0.0007819130806707
14251	0.0005860563575695884	30	5084.0	False	0.0006090550750027
14252	0.0003594880517957441	30	5255.0	False	0.0004843193323027
14253	0.0003773485562958011	30	5272.5	False	0.0004591699519183
14254	0.00022101353638942834	30	5399.0	False	0.0002823680410717
14255	0.00034887919746234304	30	5471.0	False	0.0004161674758812
14256	0.0006641392483708767	30	5483.0	False	0.0006737865544948
14257	0.00046389213762355083	30	5571.5	False	0.0005518798018193
14258	0.00035054035291823	30	5631.0	False	0.0004614050090127
14259	0.00029664251849650784	30	5620.0	False	0.0003086114951609
14260	0.00035148849711350765	30	5659.0	False	0.0003790194400293
14261	0.00047800022322315314	30	5610.5	False	0.0005949909201906
14262	0.0003459511583178634	30	5628.0	False	0.0003810577425401
14263	0.0005530261493126813	30	5687.5	False	0.0006283859631997
14264	0.0017213200076972932	30	5575.0	False	0.0017905829064841
14265	0.0004177343392225006	30	5850.0	False	0.0005472053864043
14266	0.0005067571182468943	30	5859.5	False	0.0005449559000361
14267	0.0007829804864714456	30	5754.0	False	0.0008135568706384
14268	0.000720243552116589	30	5704.5	False	0.0008314216703686
14269	0.0004527303785437311	30	5601.5	False	0.0005202398057771
14270	0.0003483496091646617	30	5571.0	False	0.0003796129192855
14271	0.0002912490414695883	30	5520.0	False	0.0003325406734889
14272	0.0005203816288405338	30	5522.5	False	0.0005045114970408
14273	0.000358055377693794	30	5474.5	False	0.000353798915859
14274	0.0007347468263795877	30	5355.5	False	0.0007727122198918
14275	0.00035870658303105646	30	5500.5	False	0.000470709327576
14276	0.000481416780245095	30	5467.0	False	0.0005381552039608
14277	0.0003621890495085654	30	5446.5	False	0.0004565775706268
14278	0.0011520981991165477	30	5438.5	False	0.0011868981756226
14279	0.0008591012896503748	30	5401.0	False	0.0010339534913591
14280	0.0008649621490485898	30	5225.5	False	0.0008746745009013
14281	0.0005132923846905563	30	5432.0	False	0.0005691556033049
14282	0.0003984883132558969	30	5364.5	False	0.0004865738067588
14283	0.00042886811130596217	30	5396.0	False	0.0005467679581111
14284	0.0006795533245351476	30	5485.0	False	0.0006526563111865
14285	0.0007941282904688849	30	5367.0	False	0.0008450468001109
14286	0.0005739158429282033	30	5570.5	False	0.0005899961494988
14287	0.0005925902126534624	30	5493.5	False	0.0005614646024956
14288	0.0005748243250925079	30	5590.0	False	0.0005874169114237
14289	0.0004072279864351125	30	5612.5	False	0.0004260153365521
14290	0.0003377098021433508	30	5554.5	False	0.0004053607398768
14291	0.0006655092592592592	30	5531.0	False	0.000651604576269
14292	0.00035030811441422996	30	5529.0	False	0.0004066006930977
14293	0.00035665382268080647	30	5511.5	False	0.0004265408789251
14294	0.0003569183447241546	30	5462.5	False	0.0004620340892548
14295	0.0003304085882762944	30	5533.5	False	0.0003936048582085
14296	0.0003748373170632807	30	5549.5	False	0.0004614933675919
14297	0.00036975624935229424	30	5485.0	False	0.0005039624044046
14298	0.0003227038975652743	30	5438.5	False	0.0003300078694184
14299	0.00023470453683057188	30	5414.5	False	0.0003438329735821
14300	0.0003782455711379433	30	5358.0	False	0.0004891139957395
14301	0.00029960004793600767	30	5384.5	False	0.0004223594534924
14302	0.000319371281517656	30	5412.0	False	0.0002995595836759
14303	0.0004950482332052527	30	5438.5	False	0.0005006464042181
14304	0.00041737190336974916	30	5345.0	False	0.0004601843329919
14305	0.0003273469628202498	30	5355.5	False	0.0003946712905751
14306	0.00035161875526280644	30	5372.5	False	0.0003810261874778
14307	0.00036868010123702443	30	5358.5	False	0.0004216261797424
14308	0.0006120896414427209	30	5337.0	False	0.0006894443468815
14309	0.00036664428898460925	30	5405.0	False	0.000457958151655
14310	0.0002274729593556811	30	5433.5	False	0.0003268685988232
14311	0.0004339665233859043	30	5349.5	False	0.0004294861783538
14312	0.0006873115207582251	30	5309.5	False	0.000729653513183
14313	0.0005977834988539423	30	5411.0	False	0.0006250684675512
14314	0.0004457958689108111	30	5267.5	False	0.0004305177472662
14315	0.0003291219007123948	30	5315.0	False	0.0004198235429171
14316	0.00023991019419263143	30	5280.0	False	0.0003560854341274
14317	0.00035384814705876467	30	5336.5	False	0.0003850044047114
14318	0.00036872827998742465	30	5424.5	False	0.0004184989408757
14319	0.00031739694369452157	30	5477.5	False	0.0003512020688994
14320	0.0005134458428725082	30	5541.5	False	0.0006298468684801
14321	0.00024175999694130758	30	5508.5	False	0.0002935770448279
14322	0.00034432421684385604	30	5426.5	False	0.000335832703647
14323	0.0002839307070414735	30	5458.0	False	0.0003784841389485
14324	0.00020272341278743458	30	5298.0	False	0.0003642890733148
14325	0.0001915255351209172	30	5337.5	False	0.00030291057553
14326	0.0004103531752508204	30	5324.0	False	0.0004076078024022
14327	0.0005771018745253166	30	5199.5	False	0.0006313597743224
14328	0.0005653373599493676	30	5315.0	False	0.0006601705880799
14329	0.000611714113477993	30	5189.0	False	0.0006023199469417
14330	0.0006163597120050234	30	5052.0	False	0.0007487468888873
14331	0.0006484763284857621	30	5163.5	False	0.0006866777713566
14332	0.0009548908827665898	30	5154.0	False	0.0009217596733556
14333	0.0009080326344323601	30	5016.0	False	0.0010660312284442
14334	0.0010413352325681197	30	5154.0	False	0.0012880625903006
14335	0.0007469602981818669	30	5092.5	False	0.0007930159430683
14336	0.0012044332155211864	30	4647.0	False	0.0013242597020415
14337	0.0009186708484719727	30	5174.0	False	0.0009798820086905
14338	0.0009519131709536876	30	5125.5	False	0.0009897948735451
14339	0.002101221866115461	30	4426.5	False	0.0021964034863054
14340	0.0009401172191869866	30	5188.0	False	0.0009419386316816
14341	0.0009276474566781381	30	5145.5	False	0.0009697863738184
14342	0.0009190112388850361	30	5187.0	False	0.0009697150529613
14343	0.0005255351898473461	30	5211.5	False	0.0005455463882808
14344	0.0005616411647177984	30	5214.0	False	0.0006731196402848
14345	0.0006505288125336559	30	5139.0	False	0.0007274853483091
14346	0.0005871821019847597	30	5270.5	False	0.0007322057364991
14347	0.00036360742191463686	30	5287.0	False	0.0004117166592513
14348	0.000509184675736257	30	5297.5	False	0.0005252554802763
14349	0.0007394514205874169	30	5074.5	False	0.0007686607989917
14350	0.0005086052016468513	30	5558.0	False	0.0005147040134204
14351	0.0007260349631253091	30	5434.5	False	0.0006712708965339
14352	0.0006617743874116455	30	5640.0	False	0.0007114861322615
14353	0.0005149509380791928	30	5663.5	False	0.0006958120810372
14354	0.0005056546588623671	30	5725.5	False	0.0005181826593874
14355	0.000575309422393146	30	5670.5	False	0.0005829746592078
14356	0.0005485467437189613	30	5695.0	False	0.0006434369431795
14357	0.0007678124211834485	30	5170.0	False	0.0008525664263369
14358	0.0006863593368156683	30	5685.0	False	0.0007093169402307
14359	0.0006149591689613199	30	5571.0	False	0.0007049140766895
14360	0.0006181185392730327	30	5585.5	False	0.0007196742527066
14361	0.0012272089007390385	30	5402.0	False	0.0012603752391774
14362	0.0005872651600338513	30	5514.0	False	0.0007165936210371
14363	0.0007382880933612727	30	5491.5	False	0.0007265292476243
14364	0.0006532224644842845	30	5488.5	False	0.0008332478720131
14365	0.00046495747255744185	30	5558.0	False	0.0005938467370017
14366	0.0007924582383113583	30	5465.5	False	0.0008065703476574
14367	0.0006594390006966181	30	5733.0	False	0.0006883454510813
14368	0.0006542772202918069	30	5696.5	False	0.0006668230819574
14369	0.0006889327059739138	30	5704.0	False	0.0006840872673486
14370	0.0004857159523701998	30	5628.0	False	0.0005248425472358
14371	0.000874744222789637	30	5488.0	False	0.0008750694626307
14372	0.00039525473651863633	30	5740.5	False	0.000537001214355
14373	0.00041279958076629946	30	5706.0	False	0.0004908878934773
14374	0.0010112352991823435	30	5577.5	False	0.001065570174064
14375	0.0009586762391585117	30	5176.0	False	0.0011583661649324
14376	0.0003893807631247283	30	5771.0	False	0.0004951281831852
14377	0.00031447843489589537	30	5654.5	False	0.0003978590211424
14378	0.0011549919714108272	30	5525.5	False	0.0013060652395514
14379	0.0005475299949965665	30	5656.5	False	0.0005966253379323
14380	0.00036603128050818055	30	5646.0	False	0.0003913408081498
14381	0.00044918234088872904	30	5640.5	False	0.0005794717460792
14382	0.0007369080259264612	30	5533.5	False	0.000765464276225
14383	0.0004123455541041705	30	5661.0	False	0.0005986730442832
14384	0.0008375716326016654	30	5660.5	False	0.0008775399218865
14385	0.0006463082391286248	30	5675.5	False	0.0005874423378968
14386	0.0004985843236916198	30	5606.0	False	0.0005548974374961
14387	0.000539354686565329	30	5610.0	False	0.0005622329393538
14388	0.0005705998411522881	30	5455.0	False	0.0007340205654533
14389	0.0006338153757665631	30	5601.5	False	0.0007169173799475
14390	0.00040122841575598373	30	5606.0	False	0.000499740759481
14391	0.0005305770445866293	30	5598.5	False	0.0006321468583552
14392	0.00040542598811643227	30	5582.0	False	0.0004669123214375
14393	0.0007481651013022473	30	5347.0	False	0.00085840284649
14394	0.0004497557884150788	30	5526.0	False	0.0005405233537884
14395	0.0007390231384563734	30	5379.0	False	0.0007949073802589
14396	0.0005396063961833298	30	5529.0	False	0.0005452251589711
14397	0.00026959402388648834	30	5565.5	False	0.0003468346607641
14398	0.0004453633173288616	30	5529.0	False	0.0004259485301596
14399	0.0003584550615756347	30	5425.5	False	0.0004978630682589
14400	0.0006164923748237154	30	5443.0	False	0.0005893167128938
14401	0.0005668420680660229	30	5167.0	False	0.0006470267100713
14402	0.0005299005484372425	30	5539.0	False	0.0005625079003918
14403	0.0010786539146855278	30	5296.0	False	0.0011180562820378
14404	0.00048585757447921883	30	5452.0	False	0.0005427287122643
14405	0.000750315195950442	30	5178.0	False	0.0009506398537477
14406	0.0003587862351418008	30	5476.5	False	0.0004821233728336
14407	0.00038275055350724964	30	5541.0	False	0.0004635952437633
14408	0.0003576220464767338	30	5582.0	False	0.0005674484151976
14409	0.0005999710873559791	30	5547.0	False	0.0005708836777455
14410	0.00035887372753622853	30	5413.5	False	0.0004919813430451
14411	0.0007660085122051243	30	5154.0	False	0.000829159673418
14412	0.00033084121252418186	30	5462.5	False	0.0004327406483473
14413	0.000362166604245255	30	5476.0	False	0.0004955810688031
14414	0.0009432896319546758	30	5420.0	False	0.0010047856135311
14415	0.0005304696196751843	30	5540.5	False	0.0005860076496052
14416	0.0005705644312434051	30	5531.5	False	0.0007216057627183
14417	0.0007341484040205219	30	5357.5	False	0.0007981576950252
14418	0.0005247274262429485	30	5598.0	False	0.0005964339527875
14419	0.00047067879354997257	30	5568.5	False	0.0004860558774886
14420	0.0006307440123826134	30	5566.5	False	0.0006493711187466
14421	0.000564498785296109	30	5584.5	False	0.0005414014743747
14422	0.0009383394217198397	30	5424.0	False	0.0010401995115584
14423	0.0011372097716712505	30	5364.0	False	0.00122489933673
14424	0.0008869099666106025	30	4969.0	False	0.0010336898508533
14425	0.0006903375851266106	30	5227.0	False	0.0008024125871787
14426	0.0004526315391037537	30	5112.0	False	0.0005893317252343
14427	0.0006514570663463753	30	5034.5	False	0.0006962636150558
14428	0.000540264768981215	30	5013.5	False	0.0006300411950012
14429	0.0010295137885012189	30	4983.0	False	0.0011126255180662
14430	0.001534176152236646	30	4877.5	False	0.0015955862538471
14431	0.0006081415903022773	30	4755.0	False	0.0008112297373643
14432	0.0014033067985642135	30	4738.5	False	0.0014083177861825
14433	0.0008208607794092473	30	4795.0	False	0.0007823995980332
14434	0.0012311753967990703	30	4852.5	False	0.0012361993264845
14435	0.00125916390407374	30	4729.5	False	0.0013237272687817
14436	0.0008028098425050631	30	4877.0	False	0.0008732025407377
14437	0.0007482251160245508	30	4907.5	False	0.0008550602747406
14438	0.0003624905481986013	30	4949.5	False	0.0004236111111111
14439	0.0002636507703834678	30	4859.0	False	0.0003266813436545
14440	0.0004235775149987736	30	4684.5	False	0.0004830528942919
14441	0.0004890101927558449	30	4615.0	False	0.0004547826735256
14442	0.0006708246708246708	30	4435.0	False	0.0006795576697349
14443	0.00027338750940736296	30	4652.5	False	0.0003474070131866
14444	0.001003211424932727	30	4597.5	False	0.0009984724861219
14445	0.0003055144859116662	30	4798.0	False	0.0003457241841269
14446	0.00048435502035541034	30	4821.0	False	0.0005511732115502
14447	0.0007722887518537514	30	4596.0	False	0.0009610012291876
14448	0.0005006591462804126	30	4704.0	False	0.000616522811344
14449	0.00031322977746310284	30	4724.5	False	0.0004016914863315
14450	0.00026716073511107624	30	4710.0	False	0.0003374685457306
14451	0.0004987554733191928	30	4612.0	False	0.0005471402552821
14452	0.00032508554882863913	30	4566.0	False	0.0003545403798862
14453	0.0005115298287912994	30	4557.5	False	0.0006438028297027
14454	0.0003085807048988734	30	4499.5	False	0.0004968469329256
14455	0.0003918088691098962	30	4573.5	False	0.0003988591124255
14456	0.00034453672697215554	30	4523.5	False	0.0003880392604428
14457	0.00034342652054619266	30	4460.5	False	0.0004260395364689
14458	0.00043220056721188097	30	4537.5	False	0.0005100526039327
14459	0.0002899597338935574	30	4516.0	False	0.0004435641141336
14460	0.00027133922001471673	30	4576.5	False	0.0003619854904149
14461	0.00041106821654671616	30	4495.0	False	0.0004333809798972
14462	0.00022968105955667	30	4482.5	False	0.0003568852272295
14463	0.00043301493751540077	30	4411.5	False	0.0004552012529607
14464	0.0002559987548304274	30	4456.0	False	0.0003592640437843
14465	0.0003295500124665301	30	4465.5	False	0.0003504735202017
14466	0.0003549339708080688	30	4434.5	False	0.0003386230356015
14467	0.00034169577628942027	30	4464.5	False	0.0003433594286499
14468	0.00020557661463484187	30	4509.0	False	0.0002654491399447
14469	0.00021896767314124398	30	4516.5	False	0.000242174729067
14470	0.00045525677559674483	30	4562.5	False	0.0005927771233051
14471	0.00025403095734276835	30	4574.0	False	0.0003597472775375
14472	0.0004916413760482281	30	4625.5	False	0.0004944868407457
14473	0.0004929806220183451	30	4583.5	False	0.0006075424168333
14474	0.0005831292857778334	30	4612.5	False	0.0005080290680979
14475	0.00031013137897714253	30	4657.5	False	0.0004228699747736
14476	0.00037683583967000215	30	4542.0	False	0.0003864447086801
14477	0.0006367369893340983	30	4402.5	False	0.000661146859168
14478	0.0004955354060534279	30	4462.0	False	0.0005521644088437
14479	0.0004379242601026547	30	4433.5	False	0.0004725105552761
14480	0.0004598237034123898	30	4377.0	False	0.0005469911633962
14481	0.0004500479666378212	30	4401.0	False	0.0005509262447489
14482	0.0003810635137557516	30	4346.5	False	0.0004375923046267
14483	0.00039089815349193697	30	4306.0	False	0.0004286768966968
14484	0.0014522974915091547	30	4230.5	False	0.0018441121284597
14485	0.00033639402060045196	30	4309.5	False	0.0004262507301517
14486	0.00029038571169290957	30	4388.5	False	0.0004054707359293
14487	0.00045667528505057107	30	4234.0	False	0.0005058331392968
14488	0.0009452913866563458	30	4182.5	False	0.0009872554299048
14489	0.0005261275157356748	30	4305.0	False	0.0005757650878441
14490	0.000586999715042549	30	4240.0	False	0.0006386418755052
14491	0.0006523681427965555	30	4205.5	False	0.0006681006387693
14492	0.0007111098825733245	30	4181.0	False	0.00087268575157
14493	0.0006098297307088516	30	4107.0	False	0.0005507343124165
14494	0.0006567687773934409	30	3949.5	False	0.0006621776183964
14495	0.0002499969691656032	30	4044.5	False	0.0003557603530497
14496	0.00023652159710390393	30	4111.0	False	0.0002501250625312
14497	0.0002215762819367343	30	4172.5	False	0.0002641702577311
14498	0.0007190641544774633	30	4125.5	False	0.0008467962873794
14499	0.0003749963194416207	30	4222.5	False	0.0005039380318781
14500	0.00024152737936405938	30	4279.0	False	0.0003380880316836
14501	0.002904224505333659	30	4276.5	False	0.0031356531806779
14502	0.00100238331358961	30	4234.5	False	0.0015425708973703
14503	0.00440484537400837	30	4258.0	False	0.0041715172681412
14504	0.0006923224394374298	30	4317.5	False	0.0006987898230791
14505	0.0002247440326810799	30	4389.0	False	0.0002973023721599
14506	0.00022922079845735034	30	4463.5	False	0.0002920067007853
14507	0.00022062892361707405	30	4532.0	False	0.0003104014778138
14508	0.00022683521197837923	30	4509.0	False	0.000333505139011
14509	0.00022114147733852467	30	4480.0	False	0.0002678011232344
14510	0.0002523576068972577	30	4418.5	False	0.0003334729266514
14511	0.00045827563558060015	30	4412.5	False	0.000496050969237
14512	0.000428143644596006	30	4347.5	False	0.0004729735056007
14513	0.00041377019044888186	30	4388.5	False	0.0004550411498419
14514	0.0006937558000114974	30	4406.5	False	0.0007232232426841
14515	0.00038850920762674153	30	4408.5	False	0.0004424710065051
14516	0.0004419959442842867	30	4432.5	False	0.0005187163705338
14517	0.00025339360490367205	30	4449.5	False	0.000376923076923
14518	0.00040858020091294933	30	4335.5	False	0.0004618829165949
14519	0.0005526570407973029	30	4500.0	False	0.0005387971921836
14520	0.0004578601064498554	30	4338.0	False	0.0005742740939449
14521	0.0004378731949787739	30	4302.0	False	0.0005643744584787
14522	0.0003465319173995044	30	4261.5	False	0.0004254226132186
14523	0.0006547025136626927	30	4176.0	False	0.0006368230693239
14524	0.0002751203430358079	30	4277.5	False	0.0004647584858489
14525	0.0004493870457609572	30	4182.0	False	0.0005712373817742
14526	0.00039622352954931425	30	4197.5	False	0.0004380947745028
14527	0.0007240704500978473	30	4028.0	False	0.0009186218985976
14528	0.00024106990324569572	30	4329.0	False	0.0003688704715263
14529	0.0004560162880783608	30	4396.5	False	0.000510211969882
14530	0.0024870628762375573	30	4012.5	False	0.0025494800402549
14531	0.00076282210145054	30	4374.0	False	0.0008650990967118
14532	0.0006298983085569112	30	4410.0	False	0.0007123830762559
14533	0.0007008739334687202	30	4372.5	False	0.0007176566948788
14534	0.00043863867175478546	30	4395.5	False	0.0005029869687683
14535	0.00045812964218931197	30	4411.5	False	0.0006486185968217
14536	0.0006199364702103945	30	4387.5	False	0.0006452716360356
14537	0.00040932394751010506	30	4364.0	False	0.0005849412718963
14538	0.0002558235186587627	30	4338.5	False	0.0003438440198491
14539	0.000471812434082573	30	4330.0	False	0.0005470545022585
14540	0.0004177552605717951	30	4285.0	False	0.0003643189216159
14541	0.0006331142148449841	30	4206.5	False	0.0005542702911123
14542	0.00039541475239437783	30	4339.5	False	0.0004070481960719
14543	0.00025203778874536713	30	4364.5	False	0.0004131136296319
14544	0.000259000259000259	30	4336.5	False	0.0003834115805946
14545	0.0002326451129642619	30	4337.5	False	0.000305913544126
14546	0.0002425712588745188	30	4325.0	False	0.0002975141906439
14547	0.00046360696102520547	30	4273.0	False	0.0005153372287542
14548	0.00030678891274608667	30	4351.5	False	0.0003359558725867
14549	0.0002284495570019737	30	4371.5	False	0.0003647680618398
14550	0.0004331033448327584	30	4322.0	False	0.0004407852273979
14551	0.0003536478688283216	30	4355.0	False	0.0004670532829953
14552	0.00028450616649916007	30	4311.5	False	0.0003925848572168
14553	0.0004719566909020548	30	4326.5	False	0.0008526082773401
14554	0.00047086537795330147	30	4033.5	False	0.0004725819556602
14555	0.0002651265702761882	30	4289.0	False	0.0004809777252119
14556	0.0008574098863957306	30	3955.0	False	0.0010193508167443
14557	0.0007804125657766517	30	4358.0	False	0.0008543224834377
14558	0.0005527207961867841	30	4361.5	False	0.0007621417739238
14559	0.0006329368657484072	30	4424.5	False	0.000640293763693
14560	0.0011534055449459392	30	4351.5	False	0.001041390540387
14561	0.0007495068590340083	30	4127.0	False	0.0009692448035446
14562	0.00024311748235714042	30	4225.5	False	0.0003995269600792
14563	0.0002905493783753637	30	4160.0	False	0.0004768678671882
14564	0.0006048534597544737	30	4032.0	False	0.0007000291678819
14565	0.0004381619036437708	30	4179.5	False	0.0005414929040183
14566	0.0008161074495706012	30	4038.5	False	0.0008090922936338
14567	0.0005227196762075246	30	4230.0	False	0.0006063071903246
14568	0.00046797361675555776	30	4313.5	False	0.0005751382695428
14569	0.0006909592094707772	30	4279.0	False	0.0008145189988533
14570	0.00026059383579628346	30	4309.5	False	0.0003062739031075
14571	0.00047407677088433746	30	4213.5	False	0.000469790107335
14572	0.00025921712822402554	30	4274.5	False	0.0002759077364529
14573	0.0002336531722592461	30	4277.5	False	0.0003239749354025
14574	0.0003931328469138531	30	4274.5	False	0.0004424359257971
14575	0.00023926940137366227	30	4239.5	False	0.0003260904145324
14576	0.0004418317130641205	30	4233.5	False	0.0004148847896853
14577	0.0008060815893918957	30	4177.5	False	0.0008883863673073
14578	0.00028877476693925017	30	4246.0	False	0.000365656870772
14579	0.0002319935992263615	30	4241.0	False	0.0003433791704598
14580	0.0002357442003147702	30	4188.5	False	0.0003004661285345
14581	0.0007784787465266747	30	4123.5	False	0.0008166969147005
14582	0.0002475867798099632	30	4025.5	False	0.0003629886629354
14583	0.0011700108149752986	30	4110.0	False	0.0012174013863468
14584	0.0006011632636479044	30	4097.5	False	0.0005470786853015
14585	0.0002060395592557631	30	4205.5	False	0.0002515233389317
14586	0.0002529569196235863	30	4184.0	False	0.0002770195950625
14587	0.0007394160990976117	30	3989.5	False	0.0007419030238943
14588	0.0002935815396548381	30	4165.0	False	0.0003996118056744
14589	0.0002577074141237609	30	4132.5	False	0.0003710330384307
14590	0.0002706190659958898	30	4128.5	False	0.0003457046200953
14591	0.0008146673303467729	30	4108.0	False	0.0010400673567431
14592	0.0009043489280465695	30	4058.5	False	0.0010259832339325
14593	0.00025513478693657814	30	3983.5	False	0.000337481543978
14594	0.0006231558839403946	30	3880.5	False	0.0006553645033889
14595	0.0002912276032810486	30	3939.0	False	0.0003761551811101
14596	0.00042049129720482244	30	3930.0	False	0.0004279686042231
14597	0.0005795479208885355	30	3907.0	False	0.0006109734269585
14598	0.0007243866507611932	30	3830.0	False	0.0008744010352908
14599	0.0002636857822058327	30	3842.0	False	0.0003501002161868
14600	0.0002617458851327104	30	3837.0	False	0.0003760713661011
14601	0.0004171940333421054	30	3837.0	False	0.000349399905662
14602	0.00029047289238918176	30	3821.0	False	0.0003508618043068
14603	0.0004970895164926164	30	3791.0	False	0.0005396176676132
14604	0.00034329578748736836	30	3701.5	False	0.0004354926510615
14605	0.00025067790769097787	30	3703.5	False	0.0002716677684303
14606	0.0002626770845120568	30	3726.0	False	0.0003239769976331
14607	0.00023647668162436096	30	3730.5	False	0.0002963441903068
14608	0.0005070838880533476	30	3739.0	False	0.0006009022502443
14609	0.0002927032902504923	30	3671.0	False	0.0003919138154177
14610	0.0003315031021514708	30	3665.0	False	0.0004105052863958
14611	0.00026781872938476983	30	3665.0	False	0.0003468482447653
14612	0.0006151309008451866	30	3684.0	False	0.000691122710656
14613	0.00025785773165753833	30	3694.5	False	0.0003081496519721
14614	0.0002659237819516917	30	3760.5	False	0.0003396223042479
14615	0.0004602964544103322	30	3757.0	False	0.0005359152539345
14616	0.0002622815412469537	30	3738.5	False	0.0004215624719705
14617	0.0005338343239867799	30	3749.0	False	0.0005729632945389
14618	0.00025353890020758977	30	3706.0	False	0.0002627073349699
14619	0.0006801094720117578	30	3574.0	False	0.0007333170373991
14620	0.0005467126631564082	30	3677.0	False	0.0006025150142854
14621	0.00027693416774035215	30	3598.0	False	0.000328595302026
14622	0.0003987158567311239	30	3595.0	False	0.0004596838500867
14623	0.0004557979830212135	30	3598.5	False	0.0004681428772061
14624	0.0005541489543488532	30	3532.5	False	0.0005723115664167
14625	0.0002686087171876548	30	3629.0	False	0.0004106929510155
14626	0.0002855678877973216	30	3590.0	False	0.0004040404040404
14627	0.0004380367674956024	30	3556.5	False	0.0004549590536851
14628	0.000507449756726583	30	3409.0	False	0.0006382247533015
14629	0.000458954048147418	30	3574.0	False	0.0005089154446413
14630	0.00029116459059056344	30	3556.5	False	0.00037122351463
14631	0.0004575485569743189	30	3530.5	False	0.0004498726955989
14632	0.000283450560654443	30	3524.5	False	0.000433162955904
14633	0.00030395021733940677	30	3446.0	False	0.0003142677561282
14634	0.0004965865913852491	30	3334.5	False	0.0004830674784884
14635	0.0004784372132984741	30	3343.5	False	0.0005052087017146
14636	0.0003421704931382835	30	3291.5	False	0.000439807711977
14637	0.0007355603848694972	30	3380.0	False	0.0007984749129163
14638	0.0005538040662823874	30	3322.0	False	0.0005782868505686
14639	0.0002898272644612096	30	3393.0	False	0.0003391081455771
14640	0.00030148127953471464	30	3358.5	False	0.0003719751882496
14641	0.00027056338207873023	30	3247.0	False	0.0017656467460169
14642	0.0003051527094953654	30	3367.0	False	0.0003705855251297
14643	0.00037538277358386445	30	3281.0	False	0.0005048579700588
14644	0.000289285448240453	30	3262.0	False	0.0004142888214518
14645	0.0010267603813761679	30	3126.0	False	0.001148155369251
14646	0.0005574337362416833	30	3174.5	False	0.0005100631203111
14647	0.0004095907467750958	30	3029.0	False	0.0006730229949523
14648	0.0003115042633537866	30	3105.5	False	0.0003062653132656
14649	0.0006702084753694736	30	3018.5	False	0.0173662985969917
14650	0.000467253592585792	30	3093.0	False	0.0005232348997678
14651	0.0003348971211969802	30	3102.5	False	0.0004249199189383
14652	0.00030548942139641	30	3076.0	False	0.0004287598944591
14653	0.00033018115161604543	30	3114.5	False	0.0004026597307621
14654	0.00032022362052235243	30	3050.0	False	0.0003442493698015
14655	0.0006636928207660543	30	3022.5	False	0.0008150505219672
14656	0.000341744702168879	30	3015.5	False	0.0003929008430529
14657	0.00031247263668042187	30	3013.0	False	0.0003026736169497
14658	0.0003296185159996437	30	3003.5	False	0.0003149039542939
14659	0.00034310139655389926	30	2955.5	False	0.0004227315312021
14660	0.00032274831360490646	30	2870.5	False	0.0003639138345952
14661	0.0003560792274063009	30	2848.0	False	0.0005561603635158
14662	0.0	30	2852.5	False	0.0002831891821732
14663	0.00036652046147323897	30	2792.5	False	0.000421717232571
14664	0.00034689489668102125	30	2742.0	False	0.0003339806785992
14665	0.00037522660267976795	30	2750.5	False	0.0003947741768341
14666	0.000332987297399328	30	2714.0	False	0.000411877035983
14667	0.0001437607820586544	30	2696.0	False	0.0002883325602677
14668	0.0003495174693421417	30	2757.0	False	0.0005523505584877
14669	0.00031852282199600903	30	2732.0	False	0.0004073772313161
14670	0.0003107783789730273	30	2697.0	False	0.0003382907546389
14671	0.0003572781607693007	30	2741.5	False	0.0003926765817503
14672	0.0003014742677476571	30	2755.0	False	0.0003538009198823
14673	0.00032414664450817056	30	2759.0	False	0.0003418594713387
14674	0.0007283877590537856	30	2749.0	False	0.0007578165106216
14675	0.0	30	2751.0	False	0.0002203802784137
14676	0.0001515610791148833	30	2688.0	False	0.0003009102535168
14677	0.0003745176560326648	30	2663.0	False	0.0004412395048032
14678	0.0005185422978759532	30	2705.0	False	0.0005846280148769
14679	0.0011437234877966513	30	2659.5	False	0.0014433120212698
14680	0.00038015697643330236	30	2654.0	False	0.0004707618708331
14681	0.0011045037674586949	30	2589.0	False	0.0011967635351354
14682	0.0003995206390797905	30	2500.5	False	0.0004733247684089
14683	0.0006082470441360064	30	2404.0	False	0.0007772203773051
14684	0.0004144264367312695	30	2422.0	False	0.0005868544600938
14685	0.0003479633896820061	30	2393.0	False	0.0004257191105308
14686	0.0004466104305145707	30	2381.5	False	0.0006436663233779
14687	0.0004225348341323175	30	2302.5	False	0.0005446952732554
14688	0.00012926577042399174	30	2325.5	False	0.0003642828000233
14689	0.00046108417675970014	30	2237.5	False	0.0006064925022364
14690	0.0004024161160772121	30	2203.5	False	0.0004597419315291
14691	0.0005201058244687789	30	2242.0	False	0.000662471016893
14692	0.0004983479356637529	30	2219.5	False	0.0005944215820759
14693	0.000468824181041304	30	2156.0	False	0.0006234025310142
14694	0.0003573587625351661	30	2179.0	False	0.000325763216679
14695	0.000463072165921148	30	2118.5	False	0.0006077957806177
14696	0.0012101881329072504	30	2013.0	False	0.0014427835656885
14697	0.0004301422728573671	30	2054.5	False	0.0005067926564109
14698	0.0006579953894943742	30	1973.5	False	0.0008675239844866
14699	0.0008374584423728398	30	1784.5	False	0.0009789340913797
14700	0.00048174518660811015	30	1798.0	False	0.0005242267655208
14701	0.0	30	1751.0	False	0.0002522214892708
14702	0.000535119390827636	30	1742.0	False	0.0004297378599054
14703	0.0	30	1726.0	False	0.0002164076332874
14704	0.0	30	1691.5	False	0.0005224975382327
14705	0.00046794643256261724	30	1686.0	False	0.0005019072475406
14706	0.0	30	1659.5	False	0.0004264738733981
14707	0.0005401404744484236	30	1648.0	False	0.0006544234938034
14708	0.0	30	1633.0	False	0.0003484749098064
14709	0.0006867180484109133	30	1643.5	False	0.0008159268929503
14710	0.0004485724470063027	30	1628.0	False	0.0005507394186639
14711	0.0005433726093596375	30	1644.5	False	0.0005878537257763
14712	0.00022696323195642307	30	1625.5	False	0.0005720590038001
14713	0.0002564102564102564	30	1591.5	False	0.0004777334662678
14714	0.0004915646550695588	30	1547.5	False	0.0007036547400742
14715	0.009700218383958705	30	1441.5	False	0.0102885362842379
14716	0.0	30	1473.0	False	0.0003587846171095
14717	0.0	30	1384.5	False	0.0002402229268761
14718	0.0	30	1275.0	False	0.0005637123017398
14719	0.000753692755509754	30	1233.0	False	0.0008699549205177
14720	0.0007443477220244928	30	1259.5	False	0.0006814488651255
14721	0.0029705990622557197	30	1253.0	False	0.003092293054234
14722	0.0	30	1228.0	False	0.0004849660523763
14723	0.0	30	1226.0	False	0.0003229278794402
14724	0.0	30	1218.0	False	0.0004898625663355
14725	0.0002628811777076761	30	1177.0	False	0.0006256576515086
14726	0.0	30	1187.5	False	0.0004529883072393
14727	0.0	30	1204.0	False	0.0003375622380376
14728	0.0	30	1193.5	False	0.0004252665003402
14729	0.0005916354957763559	30	1178.0	False	0.000577117299091
14730	0.0008773438186618979	30	1193.0	False	0.0011503508570113
14731	0.000757380227242746	30	1175.5	False	0.0007882751372182
14732	0.0	30	1158.0	False	0.0003565062388591
14733	0.0	30	1108.5	False	0.0004670423763116
14734	0.0014726632156645486	30	1042.0	False	0.0017193492924216
14735	0.00040290088638195	30	1023.0	False	0.000610707742417
14736	0.0015634737343744273	30	1036.0	False	0.0017767943947165
14737	0.0	30	1048.5	False	0.0006343906510851
14738	0.0	30	1030.5	False	0.0006437840951445
14739	0.008245061023453827	30	954.5	False	0.0100502512562814
14740	0.0007290791101736947	30	891.5	False	0.0008918531156694
14741	0.0	30	857.5	False	0.000791702953052
14742	0.010701262272089762	30	846.0	False	0.0125249074864787
14743	0.001571437886413079	30	770.0	False	0.0018993771809708
14744	0.003155090765588003	30	759.0	False	0.0029552679890744
14745	0.022296108569876044	30	722.0	False	0.0235936343449296
14746	0.0014254252425607923	30	693.0	False	0.0015616866215512
14747	0.0009897605572826984	30	672.0	False	0.001269469264196
14748	0.0015506662831943246	30	595.5	False	0.0019167888149735
14749	0.0016002396217036083	30	586.0	False	0.0017120356103406
14750	0.0	30	565.5	False	0.0011802195208308
14751	0.0	30	622.0	False	0.0006500893872907
14752	0.0	30	623.5	False	0.0005420935653493
14753	0.0005336179295624333	30	625.5	False	0.0011155971100722
14754	0.0	30	631.0	False	0.0008398509264605
14755	0.0022338336722082684	30	632.0	False	0.0032936010037641
14756	0.0019195511880316807	30	628.0	False	0.0022978901190724
14757	0.0	30	638.5	False	0.0008868485575669
14758	0.0	30	629.5	False	0.0008413082343043
14759	0.0	30	785.5	False	0.0008500510030601
14760	0.0	30	959.0	False	0.0004946821667078
14761	0.0008927020709413327	30	1064.5	False	0.0009953443570396
14762	0.0	30	1106.5	False	0.0005238506101318
14763	0.0008573365557742002	30	1138.0	False	0.0011121798725501
14764	0.0008480561820173329	30	1188.5	False	0.0008617718028266
14765	0.0	30	1180.0	False	0.0004639698419602
14767	0.0	30	1268.0	False	0.0005093287583101
14768	0.0007563526803479052	30	1276.5	False	0.00096210380031
14769	0.0007507714853382558	30	1252.5	False	0.0007676390094119
14770	0.0005673836034669472	30	1287.5	False	0.0005567043104819
14771	0.0005968431337607981	30	1288.0	False	0.0006815381792445
14772	0.0013290646163694334	30	1419.0	False	0.0016357022533629
14773	0.0002658160552897395	30	1463.0	False	0.0005004170141784
14774	0.001318392135186904	30	1481.0	False	0.0013443713295124
14775	0.00177391441157961	30	1481.0	False	0.0018194277072847
14776	0.0008745818298072172	30	1511.0	False	0.0009987457611371
14777	0.0007844224655166293	30	1534.0	False	0.0008666499418432
14778	0.0012347932567434467	30	1529.0	False	0.001301964367291
14779	0.0005449824343400115	30	1569.5	False	0.0005532442241303
14780	0.0	30	1602.0	False	0.0004303944565194
14781	0.0	30	1691.5	False	0.0004484030735992
14782	0.0	30	1725.0	False	0.0003782072974102
14783	0.0004970536054905534	30	1741.5	False	0.0004155700235489
14784	0.0	30	1791.0	False	0.0003088624210953
14785	0.0004512068715326319	30	1856.5	False	0.0004862630683199
14786	0.0004320574306325921	30	1918.5	False	0.0004711083730453
14787	0.00017488632388947185	30	1936.5	False	0.0003937430647528
14788	0.0003858748458291813	30	2014.0	False	0.0003979307600477
14789	0.00041199554518678885	30	2057.0	False	0.0003894938273695
14790	0.00046222550156804396	30	2082.0	False	0.0005522273168446
14791	0.000891187998615638	30	2123.5	False	0.001199769907141
14792	0.0007848539358646374	30	2177.0	False	0.000913110342176
14793	0.0004529357126680868	30	2172.5	False	0.0005866380610774
14794	0.0007467673878124161	30	2309.0	False	0.0007151443222105
14795	0.00038870422207111825	30	2297.5	False	0.0004419047619047
14796	0.0005027862634904136	30	2399.0	False	0.0007046905967848
14797	0.001025710080678673	30	2416.0	False	0.0011318783375899
14798	0.0007816319638195741	30	2439.5	False	0.0009515738138781
14799	0.00038971971910423673	30	2491.0	False	0.0004576070013871
14800	0.00037750530132019973	30	2559.5	False	0.0004326527194316
14801	0.0007754421192032283	30	2631.0	False	0.0009118623768305
14802	0.0006399093872752489	30	2679.5	False	0.0006843616650116
14803	0.0006752567384758607	30	2744.0	False	0.0008385963992767
14804	0.0006857754211881444	30	2741.0	False	0.000797917565959
14805	0.0010049249146154603	30	2657.0	False	0.001275938486334
14806	0.0005844543345094153	30	2821.5	False	0.0007486454592749
14807	0.0006175900163432035	30	2850.0	False	0.0007153883805866
14808	0.000999389124019763	30	2839.5	False	0.0010569228446323
14809	0.0010654194688731315	30	2990.0	False	0.0012436323631406
14810	0.0007168129862449399	30	3064.0	False	0.0010742141889682
14811	0.0012468179580590168	30	3111.0	False	0.0015533667786624
14812	0.0008399824601228638	30	3081.5	False	0.0010675082963959
14813	0.0023685628783274197	30	2966.5	False	0.0024517061268965
14814	0.0011374866977010524	30	3174.0	False	0.0013894335817132
14815	0.0010373031015981408	30	3207.0	False	0.0010723682755875
14816	0.0009948612436878365	30	3235.0	False	0.0012183342845853
14817	0.00083018605017942	30	3227.5	False	0.0008113590263691
14818	0.000942975469894871	30	3227.0	False	0.0010127409343351
14819	0.0009475307644522006	30	3214.5	False	0.0010473260456895
14820	0.0006291665887689299	30	3376.0	False	0.0006873138524982
14821	0.0005136311061697719	30	3437.5	False	0.0006701392061896
14822	0.0005690103525889242	30	3501.0	False	0.0005904546500805
14823	0.0006054766945933448	30	3485.5	False	0.0007324463708787
14824	0.00045550283944972023	30	3522.0	False	0.0005049404962277
14825	0.0004437147626696904	30	3533.0	False	0.0004818661002281
14826	0.0004092644213658642	30	3523.0	False	0.0004250565918369
14827	0.00037093105344831784	30	3607.5	False	0.0004337433010756
14828	0.0007639140096119064	30	3590.0	False	0.0007457049332739
14829	0.0004979523589814766	30	3663.0	False	0.0005344072374008
14830	0.0004677338510775639	30	3724.0	False	0.0005623084636795
14831	0.0005988904392301773	30	3783.0	False	0.0006287796127457
14832	0.000558962373503638	30	3752.0	False	0.0005757212766155
14833	0.0003499005727485979	30	3747.0	False	0.0004271639102212
14834	0.00036795299297309264	30	3695.5	False	0.000378304251194
14835	0.00037381721487485806	30	3631.5	False	0.0003467406380027
14836	0.0020217994350455546	30	3573.0	False	0.0024278497865841
14837	0.0004063863771324798	30	3593.5	False	0.0004665675210684
14838	0.00042430261383597184	30	3652.0	False	0.0004390150792135
14839	0.00044309142611712927	30	3645.0	False	0.0005079498950556
14840	0.0003577775411930422	30	3647.0	False	0.0004020793245067
14841	0.0002741274417574996	30	3626.0	False	0.0003373428945948
14842	0.0003682302674828558	30	3715.5	False	0.0004530994836553
14843	0.00048140719524922054	30	3728.5	False	0.00058278344895
14844	0.0008775391138037567	30	3755.0	False	0.0009353312007781
14845	0.0007000886076445657	30	3764.5	False	0.0007080833302277
14846	0.0	30	3780.0	False	0.0002697548951211
14847	0.00042173027468651143	30	3688.0	False	0.000457727003986
14848	0.0004738016138976124	30	3693.5	False	0.0005158036507436
14849	0.0002730128561593742	30	3653.5	False	0.0003177660086663
14850	0.00048526542717839614	30	3665.5	False	0.0004605774489766
14851	0.0005359475857047613	30	3619.5	False	0.000617435193806
14852	0.0004237754219234528	30	3719.5	False	0.0004639360715029
14853	0.0003171331245200063	30	3697.5	False	0.0003432592465459
14854	0.0003708195152535102	30	3731.0	False	0.0004152627952848
14855	0.0002610992010841029	30	3778.0	False	0.0003531237512893
14856	0.0004511335970169777	30	3702.0	False	0.0005190344072627
14857	0.0004502269539164047	30	3701.5	False	0.0004927788939009
14858	0.0004724141247866557	30	3689.0	False	0.0008687769131978
14859	0.00025230311204559063	30	3663.0	False	0.0003424853016724
14860	0.0005274380332118966	30	3669.5	False	0.0006642500616803
14861	0.00041502905805521084	30	3665.5	False	0.000504665777947
14862	0.00031280193236714977	30	3702.5	False	0.0004421781507545
14863	0.00024296814488466344	30	3735.0	False	0.0004206197130438
14864	0.0003908750138633787	30	3697.5	False	0.0004814182013838
14865	0.0004591128934441143	30	3773.0	False	0.0005642349067162
14866	0.00034784580498866216	30	3803.0	False	0.0004672725940042
14867	0.00043117661428827527	30	3783.5	False	0.0004521337946943
14868	0.00041248019261438436	30	3786.5	False	0.0005794595390077
14869	0.0004025858679984275	30	3777.5	False	0.0004706273185316
14870	0.00048378806994527437	30	3741.0	False	0.0006033938583788
14871	0.0002752250226760581	30	3744.0	False	0.0003817966793001
14872	0.000239010801203172	30	3767.5	False	0.0003981297162168
14873	0.00036766847420987854	30	3877.0	False	0.0003693161346112
14874	0.00052562711943077	30	3906.5	False	0.0006535187058539
14875	0.0005052436982383671	30	3958.5	False	0.0005748397081583
14876	0.00028910707462017894	30	3964.0	False	0.0003965770989944
14877	0.001148272185183315	30	3917.5	False	0.0012986781946594
14878	0.0003897763311539102	30	3935.0	False	0.0003469689151438
14879	0.0	30	3895.5	False	0.0001972917227154
14880	0.00025820607430789575	30	3842.5	False	0.0003629467647832
14881	0.00030549627608455956	30	3883.5	False	0.0003692030616839
14882	0.00038987117647170576	30	3764.0	False	0.0004542210109661
14883	0.0003965403164257305	30	3928.0	False	0.0004203258867087
14884	0.00039057447660045927	30	3898.0	False	0.0003878451145045
14885	0.0004459475577997336	30	3851.0	False	0.0004750550424352
14886	0.00031485822383977956	30	3984.0	False	0.0003982970587974
14887	0.0002494113841569808	30	3996.5	False	0.0003354194066607
14888	0.00034764597807503833	30	4012.0	False	0.0002901200921351
14889	0.00022827851528631362	30	3986.0	False	0.0003624341430642
14890	0.000238449642538666	30	3917.0	False	0.0003047605388883
14891	0.0003456030477566439	30	4019.0	False	0.0003863953702809
14892	0.00029310147441075735	30	4012.0	False	0.0006689434214695
14893	0.0002024591156082034	30	4006.0	False	0.0003076706693155
14894	0.0003326539828030551	30	4074.0	False	0.0003208769480266
14895	0.0003821679493019983	30	4000.0	False	0.0004146595380516
14896	0.0003776450652264281	30	4031.0	False	0.0004109002211867
14897	0.0003855824057515128	30	4038.5	False	0.0004561483534798
14898	0.0003504351584448243	30	4041.5	False	0.0003763478504411
14899	0.0004049028478412212	30	4065.5	False	0.0005228712603811
14900	0.0005025897164626321	30	4073.5	False	0.0005580016565674
14901	0.00044434249943544224	30	4099.5	False	0.0004435592586472
14902	0.00035638456896057273	30	4073.0	False	0.0003630060531259
14903	0.00042430478187265	30	4064.5	False	0.0004733478843979
14904	0.0003748275898375396	30	4095.5	False	0.0004004945236727
14905	0.0007608565877590006	30	4153.0	False	0.0008626223720109
14906	0.000414386425193527	30	4138.5	False	0.0004843075699002
14907	0.0004518241193358578	30	4050.5	False	0.00047429996838
14908	0.00036497504641754366	30	4136.5	False	0.0004824882608882
14909	0.0005104024509699594	30	4123.5	False	0.0005864293352651
14910	0.0006445904840732939	30	4063.5	False	0.0006565011116752
14911	0.00032439987337211487	30	4250.0	False	0.0003269508064786
14912	0.0005982423981047919	30	4145.0	False	0.0006446067898581
14913	0.0004647835983656334	30	4224.5	False	0.0005897120520294
14914	0.0005789440284508698	30	4006.0	False	0.0006788806404401
14915	0.0002241398998548853	30	4309.0	False	0.0002974936162828
14916	0.00023108067366731197	30	4322.5	False	0.0003460777851021
14917	0.00043973517388887716	30	4267.0	False	0.0005231732533902
14918	0.0002888120831418639	30	4288.5	False	0.0003894210055347
14919	0.0004502105325027161	30	4145.5	False	0.0004699328423247
14920	0.0004740842195483291	30	4277.5	False	0.000455814955703
14921	0.00037631430653498326	30	4304.5	False	0.0005354994974543
14922	0.000402959828635518	30	4435.0	False	0.00049625408209
14923	0.00032091389196464953	30	4455.5	False	0.000396608206617
14924	0.0006301197852947234	30	4396.0	False	0.0007092141423747
14925	0.00044762199754916614	30	4423.5	False	0.000543404428746
14926	0.0003630901080937109	30	4423.0	False	0.0004224454009245
14927	0.00043016914034683425	30	4327.0	False	0.0005927104731128
14928	0.0003195846345538263	30	4540.0	False	0.0004277991677361
14929	0.0004173860729890963	30	4594.5	False	0.0005839685271699
14930	0.0004698227573646579	30	4553.0	False	0.0006191040017334
14931	0.0004317510414916246	30	4602.0	False	0.0004760515364179
14932	0.0004068915914088846	30	4607.5	False	0.0004889116368608
14933	0.0004983772381127983	30	4593.5	False	0.0005291613942252
14934	0.0004261902099161526	30	4615.5	False	0.0004279186343282
14935	0.0003088564865775592	30	4603.5	False	0.0003833562069203
14936	0.0004739481749791028	30	4529.0	False	0.0004887850974854
14937	0.00038868932569446066	30	4541.0	False	0.0004655132283342
14938	0.0009226877612130045	30	4475.0	False	0.0009817088016084
14939	0.00038952349089518715	30	4394.5	False	0.0004535075226554
14940	0.0004015682964711234	30	4436.5	False	0.0004202980150831
14941	0.00037392480501110815	30	4396.0	False	0.0003670720418781
14942	0.0002723103982273104	30	4405.5	False	0.0003019635577664
14943	0.0005009184043310151	30	4373.5	False	0.0005351309473415
14944	0.0003863723454581526	30	4464.5	False	0.0004846930798336
14945	0.0008281178082920075	30	4377.5	False	0.0009065325524015
14946	0.0005958699017085392	30	4464.0	False	0.0005821941734007
14947	0.0003823724194795758	30	4442.5	False	0.0004186500860558
14948	0.0005165088552359347	30	4353.5	False	0.0005149534561299
14949	0.0010151227740094774	30	4157.5	False	0.0009784574905443
14950	0.000695284648834755	30	4276.0	False	0.0006246646431803
14951	0.0005186085810772812	30	4238.0	False	0.0005027448245663
14952	0.0003386647956051316	30	4149.5	False	0.0004268312703155
14953	0.0003734911555945714	30	4230.5	False	0.0004210424038282
14954	0.0006811200038326019	30	3897.5	False	0.0007199049378539
14955	0.0003597419876546263	30	4308.0	False	0.0004544693472385
14956	0.0014592232564582068	30	4247.5	False	0.0016740259110097
14957	0.0004912647287365873	30	4457.0	False	0.0005585898709036
14958	0.0006357648889905663	30	4458.0	False	0.0006424496683256
14959	0.0005487243166986983	30	4384.5	False	0.0004885428814574
14960	0.00036389413363359586	30	4371.0	False	0.0004017804388072
14961	0.00040696457832531375	30	4184.0	False	0.0004595286548939
14962	0.0003968891514077574	30	4273.5	False	0.0004128017094847
14963	0.0003258307119719044	30	4328.5	False	0.0004949902199512
14964	0.0004064968119613979	30	4230.5	False	0.0004809691120005
14965	0.00021894880914360371	30	4313.5	False	0.0002568135854386
14966	0.00024210300499621356	30	4286.5	False	0.0002826090467193
14967	0.00022733473470121723	30	4288.5	False	0.0002495692917062
14968	0.0002600238924503222	30	4296.5	False	0.0003295396090534
14969	0.0002903432390762016	30	4235.0	False	0.0003574358849381
14970	0.0003208610467081569	30	4216.0	False	0.0003343281634783
14971	0.0005178118726801422	30	4183.0	False	0.0005424821022003
14972	0.0004963417048115029	30	4182.5	False	0.0005364983987586
14973	0.00034156252038657607	30	4161.5	False	0.0003965696723343
14974	0.0006238375395917477	30	4195.5	False	0.0006865717998806
14975	0.0006519084604268441	30	4163.5	False	0.0007335789586475
14976	0.0006014424007830024	30	4153.0	False	0.0005938095355914
14977	0.00040820861634187106	30	4064.5	False	0.0004742530514439
14978	0.0004344439343423321	30	4123.0	False	0.0005277001343986
14979	0.0006339924443372719	30	4041.5	False	0.0007211014405259
14980	0.0006386209184539199	30	3963.5	False	0.0006722088442262
14981	0.00029260693728638414	30	3972.5	False	0.0003057688387578
14982	0.0015106365535744234	30	3963.5	False	0.0019872915689368
14983	0.0004582670483402349	30	4054.0	False	0.0005916370848124
14984	0.0004800967497190844	30	4081.0	False	0.0005379414223171
14985	0.0008602783233720838	30	3999.0	False	0.0010702668082452
14986	0.00038169227974230093	30	4064.0	False	0.0004641217325001
14987	0.0005474056149669267	30	3906.0	False	0.0006436055641846
14988	0.0006804852450919866	30	3703.5	False	0.0007395649193693
14989	0.00033667346014492754	30	3908.5	False	0.0003596537048613
14990	0.0002631360332294912	30	3952.0	False	0.0002885929396586
14991	0.00045261580403159197	30	3888.5	False	0.0004992640159764
14992	0.0004173707376225654	30	3854.0	False	0.0005295276786721
14993	0.0005295913459178765	30	3854.5	False	0.0005830802300991
14994	0.0005185419412640001	30	3758.0	False	0.0005888178144153
14995	0.00022991884287433924	30	3930.0	False	0.0003170794412546
14996	0.0006632287016543497	30	3843.0	False	0.0007407730184321
14997	0.0005850446817655586	30	3817.5	False	0.0005659059358227
14998	0.0004451688259175259	30	3804.0	False	0.0005253082847348
14999	0.000292002045673664	30	3732.0	False	0.000395168171
15000	0.0004251447246027992	30	3747.5	False	0.0005945785249047
15001	0.0006456405268037717	30	3671.5	False	0.0007195161936682
15002	0.0004742050415459735	30	3694.0	False	0.0005269134680899
15003	0.0010630147697752385	30	3735.0	False	0.0009699057287889
15004	0.0007108329889008741	30	3700.0	False	0.0007973896944256
15005	0.0004407951598962835	30	3652.0	False	0.0005382980500617
15006	0.00028173076587272483	30	3687.5	False	0.0003773064004049
15007	0.00031240951917486834	30	3642.0	False	0.0003717713977675
15008	0.0008819444310294535	30	3530.5	False	0.0008660398187978
15009	0.0003888741364939911	30	3581.0	False	0.00046992481203
15010	0.00047993417519966023	30	3607.5	False	0.0005753633140926
15011	0.00041431306379082335	30	3648.5	False	0.0004055449048812
15012	0.00036985936179837	30	3641.0	False	0.0004333474709103
15013	0.0002550625998058794	30	3635.5	False	0.0003326188188336
15014	0.0002614498312395062	30	3682.5	False	0.0003018108651911
15015	0.0003380091359008089	30	3695.5	False	0.0003824823101931
15016	0.0002713760747460708	30	3765.0	False	0.0003129106952875
15017	0.0009329041258044023	30	3812.0	False	0.0009571498205344
15018	0.0003590868440895208	30	3833.0	False	0.0004248652380573
15019	0.0002130057532405183	30	3871.0	False	0.0003159668585872
15020	0.0004214816835316998	30	3803.5	False	0.0004710776122586
15021	0.00032720208124717247	30	3806.0	False	0.0003625944072023
15022	0.0004557037151722759	30	3829.5	False	0.0005336039259252
15023	0.0008032083824603996	30	3793.5	False	0.0008797241185164
15024	0.00046063049407756257	30	3791.5	False	0.0005272176090681
15025	0.000334888675293375	30	3777.5	False	0.0004069247985279
15026	0.0003241518674089622	30	3798.0	False	0.000386894817368
15027	0.0004656128704414483	30	3717.0	False	0.0004648958901415
15028	0.00039009462556116196	30	3762.0	False	0.0005756440571393
15029	0.00040712086739811207	30	3766.5	False	0.0005296656926703
15030	0.00044465320460185676	30	3750.5	False	0.0004696749494877
15031	0.00024381767775952392	30	3758.0	False	0.0003530699431557
15032	0.0004055813886550708	30	3728.0	False	0.0004159218420912
15033	0.00041274076544651047	30	3653.0	False	0.0004766487099008
15034	0.0005872513549416277	30	3649.5	False	0.0006685699830147
15035	0.00042271426963300736	30	3712.5	False	0.0005783175408158
15036	0.0004705916166817377	30	3654.0	False	0.0005124931442803
15037	0.0003248887919222065	30	3778.5	False	0.0004130161603557
15038	0.0003386542067607215	30	3759.5	False	0.000397726770547
15039	0.002126699395884186	30	3764.5	False	0.0022431265460284
15040	0.0006919927645188694	30	3889.0	False	0.0005753097656686
15041	0.0007317974423237581	30	3908.0	False	0.0007524068469023
15042	0.0006186071315135692	30	3935.5	False	0.000664633003289
15043	0.0005030303183540959	30	3885.0	False	0.0006289082153381
15044	0.0004414300605910571	30	3896.0	False	0.0006362635850873
15045	0.0003170865536000353	30	3879.0	False	0.0004573539056297
15046	0.0002177237350556479	30	3843.0	False	0.0002784594232409
15047	0.00024998266520804993	30	3870.0	False	0.0009358671068708
15048	0.0002659856190276983	30	3869.0	False	0.0003930989298973
15049	0.0004274354366992778	30	3877.0	False	0.0005343284105043
15050	0.0006180528730896634	30	3884.5	False	0.000545520669172
15051	0.0007390999150554052	30	3901.5	False	0.000711922973407
15052	0.0004499938534105708	30	3884.5	False	0.0005228849304563
15053	0.0004061617899382044	30	3882.5	False	0.0004032788322447
15054	0.00031832119006039997	30	3856.5	False	0.0003433400827537
15055	0.0	30	3839.5	False	0.000317754534622
15056	0.0004061434924876444	30	3855.5	False	0.0004499735309687
15057	0.0002448089497319243	30	3844.0	False	0.0003644088133604
15058	0.00037629576011318747	30	3846.0	False	0.0004496838986712
15059	0.0003018026880893612	30	3771.0	False	0.0003313868090137
15060	0.00032323006421705234	30	3707.0	False	0.0004002183008913
15061	0.000295517862781322	30	3581.5	False	0.0003751465416178
15062	0.00028208780625525135	30	3585.5	False	0.0003474406768519
15063	0.0003139975078667199	30	3659.5	False	0.0003684700203579
15064	0.00019480051255781674	30	3669.5	False	0.0002572819994486
15065	0.00038664580743788665	30	3720.5	False	0.0003789587656771
15066	0.00042066776309972236	30	3745.5	False	0.0004054675040321
15067	0.0002516240498018726	30	3745.0	False	0.0002701534471579
15068	0.00044876435117810075	30	3762.5	False	0.0004855241862974
15069	0.0003346637290443871	30	3760.5	False	0.0004226694724725
15070	0.0003503094993629398	30	3769.5	False	0.0004133085348212
15071	0.000419141497114453	30	3724.0	False	0.0004816036492835
15072	0.0006070139498585503	30	3619.5	False	0.0007041405316261
15073	0.0005293155912390202	30	3808.5	False	0.0004980256838959
15074	0.0013505014760602412	30	3768.5	False	0.001370218787222
15075	0.0003713007444350728	30	3920.5	False	0.0004063388866314
15076	0.0002626412977079969	30	3954.5	False	0.0003435275122596
15077	0.00038933316389360394	30	3964.5	False	0.0003889713065817
15078	0.00035874686804354054	30	3919.5	False	0.0003370174817016
15079	0.00036054026108310713	30	3881.5	False	0.0002970470033199
15080	0.0003233187606204189	30	3776.5	False	0.0003576090260518
15081	0.00021793361285042038	30	3840.0	False	0.0003189538314329
15082	0.0002858351877085151	30	3861.0	False	0.0002985520226899
15083	0.0005600410587010529	30	3850.5	False	0.0006955756108298
15084	0.00038080836053047847	30	3956.5	False	0.0004049734182341
15085	0.0003630850330702838	30	3894.5	False	0.0004801312940847
15086	0.00021183254128333994	30	3875.5	False	0.0002720586944693
15087	0.0024510821130255475	30	3794.0	False	0.0030076534037506
15088	0.00028157781779765043	30	3791.0	False	0.0003576282097131
15089	0.0004294032764511473	30	3790.0	False	0.0005374465912449
15090	0.00423268948937376	30	3787.5	False	0.0047175300552318
15091	0.0007105759475888199	30	3877.0	False	0.0007568639732748
15092	0.0023485601460418197	30	3839.0	False	0.0031124515597327
15093	0.000595715673203955	30	3777.0	False	0.0006625837183481
15094	0.00028952320076034875	30	3712.0	False	0.0005097860719162
15095	0.00039160100088855387	30	3665.0	False	0.0004058179537551
15096	0.0003373390344777764	30	3709.0	False	0.0003282126088343
15097	0.0003927225542840578	30	3740.5	False	0.000435512407567
15098	0.0002757823618225043	30	3721.0	False	0.0003657477255063
15099	0.0005915129326474646	30	3684.0	False	0.0006900358818658
15100	0.00035999377980510056	30	3736.0	False	0.0004003894697569
15101	0.0003421680653675343	30	3765.5	False	0.000404953025449
15102	0.0008567504701137961	30	3645.0	False	0.000920219737319
15103	0.00045444378968774706	30	3752.5	False	0.0004401955999578
15104	0.0005431115535645152	30	3792.0	False	0.000594664239956
15105	0.0004380797263841635	30	3744.0	False	0.0005294531114498
15106	0.0005396179979124193	30	3700.5	False	0.0006436899988965
15107	0.0003849065337552416	30	3716.0	False	0.0004052050429609
15108	0.0003978746586013074	30	3704.5	False	0.0004884837648273
15109	0.0004742013445154122	30	3740.0	False	0.000547970226951
15110	0.000500570180721478	30	3733.5	False	0.0006596064348272
15111	0.0003874702590395764	30	3736.0	False	0.000476758045292
15112	0.00027790979705209415	30	3708.5	False	0.0003897079973648
15113	0.000376925032805255	30	3658.0	False	0.0004800451807228
15114	0.00023209163371174538	30	3665.0	False	0.0003094987995198
15115	0.0005538837551232521	30	3572.0	False	0.0004816050368838
15116	0.00034796246189808055	30	3623.5	False	0.0003618771903093
15117	0.0002737856995189017	30	3652.5	False	0.0003033462887477
15118	0.0004536440705441923	30	3597.0	False	0.0004498554719653
15119	0.00027700967063013025	30	3608.0	False	0.0004120155224452
15120	0.0003700619885499554	30	3698.0	False	0.0004668926427057
15121	0.0003766725031766237	30	3732.0	False	0.0003884716415701
15122	0.00043583009654220723	30	3699.0	False	0.000525737226975
15123	0.00041024786470589573	30	3749.5	False	0.0005261408949933
15124	0.0002819459596953203	30	3718.0	False	0.0003884213446777
15125	0.0002741635045323758	30	3712.5	False	0.0004618084418583
15126	0.0003407612315656591	30	3821.5	False	0.000367107195301
15127	0.0001858201454337026	30	3912.0	False	0.0001660490806124
15128	8.435970980259827e-05	30	3923.0	False	0.0002869714941649
15129	0.00018656204862214833	30	3925.0	False	0.0002258414766558
15130	0.0003716791664882293	30	3905.5	False	0.0004795703050067
15131	0.0002468785581707298	30	3864.5	False	0.0003253004633333
15132	0.0002367086814771787	30	3830.5	False	0.0003185023312601
15133	0.0002837667552339738	30	3862.0	False	0.0003084325458022
15134	0.0003266557825765484	30	3849.0	False	0.0003191093304022
15135	0.00029813882473861875	30	3858.0	False	0.0004074149521287
15136	0.00026590693257359923	30	3887.5	False	0.0003437486228019
15137	0.00033326647431842376	30	3902.0	False	0.0003858261502442
15138	0.00035851239754045906	30	3885.5	False	0.0005131471847683
15139	0.0002450244694288225	30	3860.0	False	0.0002400640170712
15140	0.0007092150499727312	30	3839.5	False	0.0006961675086128
15141	0.0008449436870776174	30	3777.0	False	0.0007155473031112
15142	0.0002555915568278335	30	3869.5	False	0.0003184572515369
15143	0.0002922970879251501	30	3920.5	False	0.0003585106941116
15144	0.0013459817798650256	30	3885.0	False	0.0015972608300461
15145	0.0004188217761023933	30	3942.5	False	0.0004794072782741
15146	0.0006898757449494166	30	3952.0	False	0.0007762485390828
15147	0.0003477950937303253	30	3964.5	False	0.0004967147114697
15148	0.0003847240781637726	30	3985.5	False	0.0006249945746998
15149	0.0009092277894506306	30	3886.0	False	0.0009360236655039
15150	0.0004961552888510608	30	3891.0	False	0.0016196840288533
15151	0.0003659474215284633	30	3790.5	False	0.000506915779564
15152	0.0	30	3851.0	False	0.0002601666861044
15153	0.00045151033386327504	30	3878.5	False	0.0005145356315924
15154	0.0007469627187937048	30	3918.0	False	0.0006753675051748
15155	0.0003323543017792313	30	3988.5	False	0.0004664179104477
15156	0.0004268057404011675	30	4025.0	False	0.0005400725240246
15157	0.0005886021807852025	30	3996.5	False	0.0005642801955013
15158	0.0003292473797932958	30	3958.0	False	0.0003225750204878
15159	0.0005293428941469172	30	3962.5	False	0.0005859767883224
15160	0.0003017232038372076	30	3930.5	False	0.0003153634563834
15161	0.000350056562156407	30	3922.0	False	0.0004480640995229
15162	0.00037571513961233026	30	3939.5	False	0.0005077208585734
15163	0.0002109323087922646	30	3973.0	False	0.0002781012636226
15164	0.0002803519601768979	30	3915.5	False	0.0003250775353851
15165	0.0002980394482935965	30	3849.0	False	0.0004029117086142
15166	0.00040590920865066335	30	3866.0	False	0.0005002143775903
15167	0.0023114946114186933	30	3851.5	False	0.0023330521706358
15168	0.0006329966180085758	30	3894.5	False	0.0007166302453352
15169	0.0005451062351925101	30	3830.0	False	0.000694488288402
15170	0.0004865384524423296	30	3794.0	False	0.000609850450106
15171	0.001810096333305796	30	3644.5	False	0.0018443519099499
15172	0.0010714222791443702	30	3640.5	False	0.0011427483096847
15173	0.0007588135125184094	30	3640.0	False	0.0008261402159359
15174	0.00044146232042846544	30	3676.5	False	0.0005659256185095
15175	0.00036086452358514347	30	3660.0	False	0.0003796327053575
15176	0.0004830579995990059	30	3584.5	False	0.0005406762314866
15177	0.0004462773219899085	30	3593.5	False	0.000500375281461
15178	0.00028171846839297087	30	3593.5	False	0.0002891454787285
15179	0.0003270052814639576	30	3655.5	False	0.0004466873853581
15180	0.0005095305770046036	30	3587.5	False	0.0005183386287063
15181	0.00027074542897327706	30	3696.0	False	0.0003494126090733
15182	0.00028608299364041263	30	3730.0	False	0.0003645541222658
15183	0.0002437631453850971	30	3798.0	False	0.0002382916322976
15184	0.000284198560060629	30	3849.5	False	0.0004681943006347
15185	0.0003966702881891108	30	3832.0	False	0.0004519283783905
15186	0.0003637976695265408	30	3968.5	False	0.0004507042253521
15187	0.0002466331537163607	30	4030.5	False	0.0003242182500746
15188	0.0003453924256771087	30	4035.5	False	0.0004162207158996
15189	0.0003185103491121852	30	4064.0	False	0.0003968555530224
15190	0.000262037679639367	30	4182.0	False	0.0004011231448054
15191	0.00021482092527668937	30	4205.5	False	0.0002523053382926
15192	0.0003730828056105091	30	4221.0	False	0.0003732039559619
15193	0.00034683819916845406	30	4167.5	False	0.0003845744724374
15194	0.00038984633778456655	30	4284.5	False	0.0004467740520013
15195	0.00026964391845265873	30	4200.5	False	0.0007516831165435
15196	0.00040542600613987134	30	4181.0	False	0.0016550594018844
15197	0.002510830849886498	30	4131.0	False	0.002449666366988
15198	0.000479230714009719	30	4226.5	False	0.0005912319492026
15199	0.0007383693208909475	30	4228.0	False	0.0006923089307852
15200	0.0009642928277309388	30	4142.5	False	0.0009548136481226
15201	0.0004941557553064223	30	4048.5	False	0.0005258369571568
15202	0.0003301011829529416	30	3882.5	False	0.0003714100626214
15203	0.00041955331433916524	30	3747.0	False	0.0005657308535464
15204	0.0002979679332537628	30	3722.5	False	0.000380830919928
15205	0.0004965051786054923	30	3815.5	False	0.0005806144113696
15206	0.00024936204075384067	30	3829.5	False	0.0003798375331278
15207	0.0002508458316774558	30	3880.0	False	0.0003745956070151
15208	0.00036676782965874627	30	3943.5	False	0.0004159415984041
15209	0.00027501739697678197	30	3919.5	False	0.0010489273871557
15210	0.0004429004375408063	30	3905.0	False	0.0005136854361617
15211	0.00039816485189765236	30	3935.5	False	0.000416443571896
15212	0.0002308936193336339	30	3930.5	False	0.0003562915143237
15213	0.00037944858941201334	30	3955.5	False	0.0004200833445355
15214	0.0005533652466519347	30	3955.0	False	0.0005949238748816
15215	0.0003916725117859266	30	4005.0	False	0.0005002501250625
15216	0.0003737977812671158	30	4018.5	False	0.0003801998528791
15217	0.00037333025638967485	30	4053.5	False	0.0004212717450562
15218	0.00046468030405156764	30	4002.5	False	0.000583580783028
15219	0.0004652389706628357	30	4027.0	False	0.0006375702776328
15220	0.00028096176277433077	30	3973.0	False	0.0003267125181157
15221	0.0003607599298374272	30	3977.0	False	0.0004185991996383
15222	0.00039801902958683363	30	3884.0	False	0.0004696158542312
15223	0.00032300971506813586	30	3985.0	False	0.0003765060240963
15224	0.00038207538740883456	30	3985.5	False	0.000443629728214
15225	0.0005281823614406251	30	3956.5	False	0.0006916212614497
15226	0.0003890445066915655	30	3968.0	False	0.0005804660553545
15227	0.0002774321901695488	30	4088.5	False	0.0003697495563005
15228	0.00024300665458029083	30	4016.5	False	0.0003257982056037
15229	0.0002886080961468081	30	3972.0	False	0.0003193867773874
15230	0.00035936473139953695	30	3940.0	False	0.0004988880715016
15231	0.00026699822521163803	30	4008.5	False	0.0003161266170292
15232	0.00033883856143416115	30	4021.0	False	0.0003473370823685
15233	0.0005987356547440782	30	4019.5	False	0.0007114964590641
15234	0.0003724992899492314	30	3998.0	False	0.0004327239138213
15235	0.0003495986941211232	30	4017.0	False	0.000449367141276
15236	0.0004061957803557348	30	4017.5	False	0.0003979340590103
15237	0.00026345160358714	30	4010.0	False	0.0004234227502552
15238	0.0005190808493471179	30	4033.0	False	0.0005196990694911
15239	0.0004841377294584288	30	4055.5	False	0.0006428324185333
15240	0.0004601764797812585	30	4124.5	False	0.0005114964925954
15241	0.0005039031620334587	30	4109.0	False	0.0005725034759139
15242	0.0002803494158168943	30	4148.5	False	0.0003652953209728
15243	0.0009601571652362261	30	4041.0	False	0.0010790735024718
15244	0.0006363428334764506	30	4030.5	False	0.0006709383072226
15245	0.00023046136884334362	30	4084.0	False	0.0003391709338782
15246	0.000865796415572311	30	4084.0	False	0.0009770072116379
15247	0.0003662561442660157	30	4118.0	False	0.0004605035935726
15248	0.00037518836733316837	30	4097.5	False	0.0003717287866772
15249	0.0009080401512428674	30	4090.5	False	0.0009033498533092
15250	0.00032928063745351396	30	4194.5	False	0.0004017096763826
15251	0.00037839469727672507	30	4180.0	False	0.0004413239719157
15252	0.0004990450751580576	30	4217.5	False	0.0006450379855702
15253	0.0002576989598006889	30	4232.5	False	0.0003560211080959
15254	0.00018782601014729624	30	4259.5	False	0.0002592729358338
15255	0.000429473728471909	30	4187.5	False	0.0004214745246483
15256	0.00031880676268433825	30	4287.5	False	0.0003576454489616
15257	0.0004975076382418816	30	4301.5	False	0.0005046113716113
15258	0.0006781918947566284	30	4179.5	False	0.0006527259267514
15259	0.0003780923838363862	30	4206.0	False	0.0004348719894998
15260	0.00029837742304116065	30	4214.0	False	0.0003332804316775
15261	0.000515816202679199	30	4135.5	False	0.0005150698161039
15262	0.0027767500122159268	30	4042.5	False	0.0027319681796289
15263	0.0004097356170753531	30	4216.5	False	0.0005115784593494
15264	0.0004299360437788014	30	4245.0	False	0.0004985676073503
15265	0.0006057387837806459	30	4163.0	False	0.0006265915827864
15266	0.0034972154066950185	30	3831.5	False	0.0036265128675667
15267	0.0009354148563356604	30	4073.0	False	0.000971880793512
15268	0.0005476479991174076	30	4082.0	False	0.0007083248524323
15269	0.0003570312692434571	30	4117.5	False	0.0004681081168333
15270	0.0004793332204815834	30	4067.0	False	0.0006806626209611
15271	0.0004212844846815886	30	4168.0	False	0.0005058168942842
15272	0.00040808734965815823	30	4150.5	False	0.0005956261721359
15273	0.0002826586824003679	30	4296.0	False	0.0004657553387205
15274	0.00046431072696269583	30	4232.0	False	0.0004342333807042
15275	0.0006898363672455702	30	4403.0	False	0.0006591208691304
15276	0.0003067840246112203	30	4438.0	False	0.000475453756462
15277	0.0005540264344520147	30	4411.5	False	0.0006842285323297
15278	0.00022077351417772314	30	4440.5	False	0.0002855489678907
15279	0.00027690584683555424	30	4482.0	False	0.0003210464621426
15280	0.0004878659598419827	30	4556.0	False	0.0005828150705648
15281	0.0006950269804806418	30	4596.0	False	0.0006694511955525
15282	0.00033835339641325943	30	4651.5	False	0.0003893715975051
15283	0.00022597253975365292	30	4647.5	False	0.0003526346848597
15284	0.0005162443303551091	30	4486.0	False	0.0005738731218697
15285	0.0004055799184731361	30	4576.0	False	0.0004579553384508
15286	0.0004680738997197251	30	4581.5	False	0.0005308859249778
15287	0.0007171405653326426	30	4621.0	False	0.0007896512612884
15288	0.0004297167779135166	30	4613.0	False	0.0021908962495315
15289	0.0005709824782805578	30	4620.0	False	0.0006125905372779
15290	0.0003924532589207778	30	4655.0	False	0.0004868026373248
15291	0.000531668261985399	30	4479.5	False	0.0005568590181461
15292	0.0003257805643914907	30	4606.5	False	0.000439633302583
15293	0.0003934281952183128	30	4540.5	False	0.0004792053903345
15294	0.0004174460672186299	30	4537.5	False	0.0004735089930284
15295	0.0005402926648816714	30	4539.0	False	0.0005463207121108
15296	0.0004967461944707912	30	4523.5	False	0.0005469541944093
15297	0.00035375861114724926	30	4553.5	False	0.0003560322027494
15298	0.0003555057805366205	30	4603.5	False	0.0004102608395232
15299	0.0006606494849305431	30	4574.5	False	0.0006580945631264
15300	0.0006048712895985171	30	4594.5	False	0.0006687375959962
15301	0.0012686113011076434	30	4558.5	False	0.0009359771296023
15302	0.000489008707072795	30	4629.0	False	0.0006035133096238
15303	0.0004599014757245639	30	4595.0	False	0.0004943764676801
15304	0.00038876186992759806	30	4673.5	False	0.0004871548722651
15305	0.0003586530075881942	30	4655.0	False	0.0004659464806703
15306	0.00039986460280854266	30	4671.5	False	0.0004886496741137
15307	0.00034052779055034657	30	4746.0	False	0.0003328399747891
15308	0.000372474550404939	30	4748.0	False	0.000429940795038
15309	0.0003337450635862285	30	4739.5	False	0.0003318576260176
15310	0.000688781890846608	30	4732.5	False	0.0007439263725441
15311	0.000390205305049315	30	4724.0	False	0.0004956537821342
15312	0.00038159425742136045	30	4732.5	False	0.0005018696411278
15313	0.00042267240883033403	30	4821.0	False	0.0004310584570888
15314	0.0005731692595063761	30	4805.0	False	0.0007106429228325
15315	0.0006357280226460539	30	4754.0	False	0.0006633405548067
15316	0.0004940318715896699	30	4720.5	False	0.0005354198048216
15317	0.0006385318113663996	30	4738.5	False	0.00074731500395
15318	0.0003818601281330203	30	4708.0	False	0.0005503695338298
15319	0.0003931603494644391	30	4812.5	False	0.0004284098969709
15320	0.00030351462107476666	30	4823.0	False	0.0002945528757477
15321	0.000598621322314581	30	4787.5	False	0.0006731382413377
15322	0.0005584024011952768	30	4792.0	False	0.0006585282954738
15323	0.0004910297819325837	30	4804.0	False	0.0005782629545005
15324	0.0005486557658031408	30	4944.5	False	0.0005010879786934
15325	0.00018549321314281157	30	4864.0	False	0.000287092730952
15327	0.0003654415600291926	30	4848.5	False	0.0004737962393307
15328	0.0006745942328393337	30	4826.5	False	0.0006896012398603
15329	0.00035688957362777103	30	4999.5	False	0.0003418219107844
15330	0.0008843575718995088	30	4955.0	False	0.0008736410028844
15331	0.0005127839698421548	30	5018.0	False	0.0005954051150089
15332	0.0005425282818619845	30	4962.0	False	0.0005619419604143
15333	0.0014399213796706736	30	4587.5	False	0.0015541525012141
15334	0.00038878792419269864	30	5044.5	False	0.000462688902951
15335	0.0005189134237079196	30	5017.0	False	0.0005200101265129
15336	0.0008593984721381077	30	4929.0	False	0.0008952801947234
15337	0.0003771930447377576	30	5023.5	False	0.0004522468445504
15338	0.0004783890962658711	30	5006.5	False	0.0005103870665158
15339	0.0005547235805923034	30	4939.5	False	0.0006222601327022
15340	0.0006992914940444838	30	4912.0	False	0.0007469628209826
15341	0.0003947897874861686	30	4865.0	False	0.0004101896773646
15342	0.0003535097716432401	30	4858.5	False	0.0004327131112072
15343	0.0003654647833860678	30	4963.0	False	0.0003969359331476
15344	0.0005603203280737012	30	4831.0	False	0.0007330048117048
15345	0.00039469776114249946	30	4854.5	False	0.0004636231446293
15346	0.00041383534177769565	30	4904.0	False	0.0006464669177581
15347	0.00043544183842691303	30	4885.0	False	0.0009211081423147
15348	0.00045484660548174164	30	4814.5	False	0.000495586408004
15349	0.0005710236836104204	30	4878.0	False	0.0007144676155173
15350	0.0003555604835471032	30	4843.0	False	0.0004373324156521
15351	0.0007396730231319906	30	4795.0	False	0.0008321914614286
15352	0.0002089293435418217	30	4790.0	False	0.000294474650042
15353	0.00038679483047063777	30	4899.5	False	0.0004036055428494
15354	0.00048917146402291	30	5004.0	False	0.0005951770138532
15355	0.00036905937494232917	30	4811.0	False	0.0004897759275131
15356	0.0004042373548083076	30	4935.0	False	0.0003890293717175
15357	0.00031235875552612733	30	4960.5	False	0.0003962653726632
15358	0.0002953301733789539	30	4902.5	False	0.00035801533148
15359	0.0002260998865609747	30	4942.5	False	0.0003007434658236
15360	0.0005800228805162949	30	5075.5	False	0.0006130539623721
15361	0.00032175293628991666	30	5186.5	False	0.0003402608666644
15362	0.00046429751064486685	30	5189.5	False	0.0004083381307485
15363	0.0005976810575874319	30	5195.5	False	0.0006082847039792
15364	0.00045777901315702176	30	5340.5	False	0.0005238039809102
15365	0.0004188034188034188	30	5240.0	False	0.0004830917874396
15366	0.0008067160061025092	30	5137.0	False	0.0008532596550393
15367	0.0003886187904015612	30	5310.0	False	0.0004437889131087
15368	0.0006480269333352289	30	5262.5	False	0.0007699242578785
15369	0.000529713229528397	30	5241.5	False	0.0006460800084385
15370	0.00047841941953099	30	5268.0	False	0.0005159621714823
15371	0.00033293804039411846	30	5339.5	False	0.0004559699958898
15372	0.0008668462369752045	30	5279.0	False	0.0008187613310719
15373	0.000553232448733573	30	5279.5	False	0.0005376587874822
15374	0.00029551085478435915	30	5321.0	False	0.0003408513566527
15375	0.0004043206486118297	30	5309.0	False	0.0004714148256733
15376	0.0006809090184657959	30	5353.5	False	0.0007126988815122
15377	0.00031414192859260443	30	5399.5	False	0.0003305953258907
15378	0.0003865859206356703	30	5373.0	False	0.0005238210831597
15379	0.0005802315653946504	30	5316.0	False	0.0006507144974035
15380	0.0011565101565101565	30	4797.0	False	0.0011682656565298
15381	0.00038517635179652777	30	5397.0	False	0.000444594053872
15382	0.0003077714501171522	30	5410.0	False	0.0003564631219804
15383	0.0012432052351767427	30	5333.5	False	0.0013283310330527
15384	0.000399818686145624	30	5490.0	False	0.0004884524823405
15385	0.0005545170531384952	30	5527.0	False	0.0005792479741892
15386	0.0008237957882244232	30	5512.0	False	0.0008607730740202
15387	0.0005818165838274367	30	5476.5	False	0.0006329827903886
15388	0.0004085301732457454	30	5460.0	False	0.0004406534260803
15389	0.00044211162047981425	30	5396.0	False	0.0004390094927849
15390	0.00039383712876579877	30	5438.5	False	0.0004539321875748
15391	0.0005921445458539276	30	5463.5	False	0.0006453431910027
15392	0.0005713844847453998	30	5496.5	False	0.0005345433073313
15393	0.00016619820703705915	30	5516.0	False	0.0002909766290047
15394	0.00037552173484180505	30	5545.0	False	0.0004090740052063
15395	0.0005383195370408562	30	5571.0	False	0.000570666501256
15396	0.00032865033829031616	30	5629.5	False	0.0004783397929647
15397	0.0002473736077047558	30	5669.5	False	0.0003101906760332
15398	0.0003991414635948861	30	5647.5	False	0.0003650278942149
15399	0.0007554794246761518	30	5555.5	False	0.0008176206614613
15400	0.0005434936467568498	30	5525.5	False	0.0005371273678885
15401	0.0008805939768728979	30	5212.0	False	0.0010616481262899
15402	0.0005608947136410518	30	5605.5	False	0.0005821042763218
15403	0.00048252136647787503	30	5522.0	False	0.0004912018901946
15404	0.0005641529291093685	30	5448.0	False	0.0006194768581145
15405	0.0018180747060920766	30	5416.0	False	0.0020219746680909
15406	0.0007194732201396626	30	5489.5	False	0.0007649862051667
15407	0.00042805247056192786	30	5468.5	False	0.0005381592450752
15408	0.0015833565001653342	30	4982.0	False	0.0016234430635325
15409	0.0007382960392515305	30	5391.5	False	0.0013513770722701
15410	0.0005504046496246649	30	5378.0	False	0.0005057305594012
15411	0.000461709177993924	30	5428.5	False	0.0004273477416557
15412	0.0006005094982102638	30	5366.0	False	0.0005388955810562
15413	0.0005981974555118337	30	5354.0	False	0.0006785680312014
15414	0.0004929129629891327	30	5304.5	False	0.0006088533688818
15415	0.0004464369966839365	30	5380.0	False	0.0004440440999226
15416	0.0003579810751502704	30	5332.5	False	0.0004099253167313
15417	0.0003483548526294475	30	5356.0	False	0.0003637593572308
15418	0.0005534177895428489	30	5446.5	False	0.0006272305887813
15419	0.0004381481034016726	30	5351.0	False	0.0004916609199805
15420	0.000490869691762867	30	5433.5	False	0.0005141452648475
15421	0.0003896342563624914	30	5453.0	False	0.0004379872608276
15422	0.0002715615040901255	30	5499.0	False	0.0002552672211983
15423	0.00039419334709773015	30	5444.5	False	0.0004339759111921
15424	0.000402150602308342	30	5593.0	False	0.0004596038827336
15425	0.0003487049660146029	30	5639.5	False	0.0003528774724238
15426	0.00031367282994181045	30	5651.0	False	0.0003640268651826
15427	0.00030579760757112217	30	5708.5	False	0.000378824321724
15428	0.001463068181818182	30	5689.5	False	0.0015313475858755
15429	0.0003404266981958166	30	5478.0	False	0.0004151230588279
15430	0.0010874754699632676	30	5546.0	False	0.0014825796886582
15431	0.0018340622223270275	30	5473.5	False	0.0020256752773544
15432	0.0004687195124578445	30	5535.0	False	0.0005027090431771
15433	0.00034349816525668705	30	5558.0	False	0.0003211740145516
15434	0.00036291512310264565	30	5569.5	False	0.0004107254514914
15435	0.0016857903280370129	30	5440.0	False	0.0017991721291881
15436	0.0006819136840023729	30	5492.0	False	0.0007924770836843
15437	0.00043062538001809253	30	5509.0	False	0.0006851746884012
15438	0.0003901522008274499	30	5454.0	False	0.0004715379682372
15439	0.00041818608923945716	30	5406.5	False	0.0004627780630519
15440	0.00024374634771570593	30	5317.0	False	0.0003987728088398
15441	0.0002578203971808008	30	5351.5	False	0.000359255315054
15442	0.00041793111349562964	30	5257.5	False	0.0004389499269508
15443	0.00036942502543287656	30	5418.5	False	0.0004011282527999
15444	0.00027630714708472276	30	5450.0	False	0.0003353984596983
15445	0.0003740429612465477	30	5428.0	False	0.0004009342404205
15446	0.0003541077486305206	30	5422.5	False	0.0004229169737086
15447	0.0005386435406719383	30	5396.0	False	0.0005338032516978
15448	0.000683695759824944	30	5480.5	False	0.000667221625606
15449	0.0005052585338034505	30	5484.5	False	0.0006103763987792
15450	0.0005815277639571452	30	5405.0	False	0.0006306712143638
15451	0.0005350361003297025	30	5326.5	False	0.0005914506138737
15452	0.0008634719707298548	30	5254.0	False	0.0010237783029121
15453	0.00034330396704187647	30	5265.5	False	0.0004206651768108
15454	0.0004993296314207572	30	5275.0	False	0.0005871758162733
15455	0.00045982332862623066	30	5278.0	False	0.0005062059535079
15456	0.0013353219662968878	30	5191.0	False	0.0014044098469193
15457	0.0008937718550234352	30	5245.0	False	0.0010343455775096
15458	0.0014114502929800973	30	5159.0	False	0.0014476554714643
15459	0.0003851372161567619	30	5223.5	False	0.0005318441696582
15460	0.00042452811099155034	30	5222.0	False	0.00043831395233
15461	0.0003054164465298983	30	5237.0	False	0.0003837882547559
15462	0.00028787857136898206	30	5234.5	False	0.0003638456500598
15463	0.000372058570899185	30	5241.0	False	0.0004443648567089
15464	0.00029450854569863403	30	5275.0	False	0.0002959455460195
15465	0.00020071193942462122	30	5358.0	False	0.0002856975891019
15466	0.00036932336156849114	30	5377.5	False	0.0005050014567349
15467	0.0006815835460299132	30	5309.5	False	0.0007560666127558
15468	0.000535636601794618	30	5359.0	False	0.0005667014069828
15469	0.00019441822194019812	30	5352.5	False	0.0002607629925161
15470	0.0003422002225060334	30	5399.0	False	0.0003447737503577
15471	0.0005010481215402575	30	5420.0	False	0.0005123482411538
15472	0.0003093585625629535	30	5386.0	False	0.0003713403431966
15473	0.0002893070726792443	30	5340.5	False	0.0003230527828689
15474	0.0004249811473001716	30	5400.5	False	0.0004359566646061
15475	0.000308027554704414	30	5243.5	False	0.0003505365906271
15476	0.0004647849189122576	30	5349.5	False	0.0004880300732045
15477	0.0004362963329887853	30	5294.5	False	0.000474031740097
15478	0.00036690472753845346	30	5353.5	False	0.0003839178151104
15479	0.00045272033892747294	30	5416.0	False	0.0004723913499895
15480	0.0003202122415010644	30	5448.5	False	0.000363974339809
15481	0.0005468073105240623	30	5516.5	False	0.0005631279196262
15482	0.0008281265511652649	30	5410.0	False	0.0009479733777476
15483	0.0003476603110475422	30	5562.5	False	0.0004590168114907
15484	0.0007210069910594094	30	5380.0	False	0.0007336514692857
15485	0.00043142205581551344	30	5563.0	False	0.0004435348459983
15486	0.000419539173924052	30	5539.5	False	0.0004296048267365
15487	0.0003898563237403591	30	5490.5	False	0.0004513811627833
15488	0.0003607582951958109	30	5470.0	False	0.0004216417195315
15489	0.0004286740358603058	30	5187.5	False	0.0006524780713555
15490	0.0002854929171430316	30	5448.5	False	0.0003234234691289
15491	0.0002527742912358297	30	5429.0	False	0.0003181147248943
15492	0.0006826849365937444	30	5386.0	False	0.0007617670413097
15493	0.00031105229013941746	30	5474.5	False	0.0003556820202738
15494	0.0003993460136740279	30	5505.5	False	0.0004852227613586
15495	0.0012684163832227882	30	5454.5	False	0.0012563214652407
15496	0.0005435818924489886	30	5519.0	False	0.0005424087996367
15497	0.000468123671415916	30	5518.0	False	0.000523029031262
15498	0.0004866994607142575	30	5465.0	False	0.0006605439325228
15499	0.0005658805473520152	30	5431.0	False	0.0006176413819725
15500	0.0005178957948558378	30	5382.5	False	0.0006235831346744
15501	0.0004953670269410137	30	5258.0	False	0.0005198475113966
15502	0.00034152803499759305	30	5442.5	False	0.0003401316887217
15503	0.0004380899508447466	30	5374.0	False	0.0004366954538047
15504	0.00035211729147545986	30	5388.0	False	0.0004482469645884
15505	0.0004802293183300705	30	5391.5	False	0.0005591895652626
15506	0.00038055645682274683	30	5397.0	False	0.0004403032912671
15507	0.00046370520162002213	30	5262.5	False	0.0005648553638
15508	0.0003832765936811664	30	5335.5	False	0.0004130578739976
15509	0.00031606889160290123	30	5223.0	False	0.0003285745897846
15510	0.0002488909158343893	30	5244.0	False	0.0003008685070904
15511	0.0002840152061213725	30	5282.0	False	0.0003176181401386
15512	0.00033886853049334476	30	5284.5	False	0.0004261439301123
15513	0.0002929427967136173	30	5249.5	False	0.0002936994786834
15514	0.0003905505229457012	30	5108.0	False	0.0004066974102336
15515	0.0007105431309904153	30	4754.0	False	0.0009434032343131
15516	0.00038485640505155175	30	5342.0	False	0.0004979818629763
15517	0.0004158101237055617	30	5355.0	False	0.0004900103228841
15518	0.0004773913725112098	30	5405.5	False	0.000486198446758
15519	0.0015737728088807473	30	5279.0	False	0.0015404770212177
15520	0.0004152315731114935	30	5377.0	False	0.0005167457933662
15521	0.0003609075656027937	30	5367.0	False	0.0004920463300465
15522	0.0004182715924128907	30	5333.5	False	0.0005208095985209
15523	0.00036874605267004366	30	5344.5	False	0.0004487629751034
15524	0.00040660654677942935	30	5280.0	False	0.0004931647367486
15525	0.0005058729197410285	30	5160.0	False	0.00052705195516
15526	0.00040802755950237915	30	5374.0	False	0.0004470041007767
15527	0.0003993198353611069	30	5352.5	False	0.0004251394784519
15528	0.0003752913802027915	30	5416.5	False	0.0004595320539788
15529	0.00032373102468781804	30	5531.5	False	0.000355005578659
15530	0.0005392517187490348	30	5480.5	False	0.0005704323749214
15531	0.0003482377389390371	30	5493.0	False	0.0004586571537775
15532	0.000450402769443716	30	5541.0	False	0.0004679279643868
15533	0.0002765038599709547	30	5488.5	False	0.0002933898002398
15534	0.00045428713777599704	30	5263.5	False	0.0004531762322394
15535	0.0003934237282235693	30	5313.5	False	0.0004676775527948
15536	0.002020897450679533	30	4300.0	False	0.0023275172341336
15537	0.00056608957243008	30	5490.0	False	0.000586671087956
15538	0.0008488399867008667	30	5483.0	False	0.0009337545888282
15539	0.00048167625269370765	30	5459.0	False	0.0005788414167465
15540	0.0008148274429952721	30	5385.0	False	0.0007607826307473
15541	0.0010802362970861634	30	5098.0	False	0.0011656297849447
15542	0.0009786615285827908	30	5339.0	False	0.0008970606530863
15543	0.0007031585182817302	30	5428.0	False	0.0006736296448367
15544	0.0007060565760715169	30	5446.5	False	0.0007034507456577
15545	0.0006497924010388657	30	5349.0	False	0.0006528849758885
15546	0.000649748648476378	30	5174.0	False	0.0007807703600886
15547	0.0004854368932038835	30	5264.0	False	0.0005037783375314
15548	0.0003618515390154655	30	5229.5	False	0.0004986516721234
15549	0.00042930575179559637	30	5209.0	False	0.0004952194812741
15550	0.0005441410327162901	30	5339.5	False	0.0005464164722066
15551	0.0007244030608121795	30	5365.5	False	0.000804515502886
15552	0.0007149100733175057	30	5364.0	False	0.0007840037734165
15553	0.0009023120778354308	30	5386.5	False	0.0011217836359812
15554	0.0004091524460563922	30	5411.5	False	0.0004443485215889
15555	0.0002637381153033477	30	5375.5	False	0.0004099594524479
15556	0.0004602274515600874	30	5346.0	False	0.0005777860522446
15557	0.00046273154465189	30	5350.5	False	0.0005238846687068
15558	0.0007041264028362581	30	5189.5	False	0.0006440377222094
15559	0.0002658524459909253	30	5140.5	False	0.0002827330865028
15560	0.00020728851589410947	30	5129.0	False	0.0002988563762668
15561	0.0003052969652614835	30	5140.5	False	0.0004256790911751
15562	0.0002526664673751261	30	5132.0	False	0.0003257848756033
15563	0.0003314551697681904	30	5126.0	False	0.0003988963866635
15564	0.00038009144109768533	30	5188.0	False	0.00041999986875
15565	0.00032126863930926545	30	5240.5	False	0.0003453961302599
15566	0.00021267339913863428	30	5341.5	False	0.0002370837418222
15567	0.0003209520616483402	30	5366.0	False	0.0003515050808461
15568	0.00033752405566039753	30	5346.5	False	0.0004347409135952
15569	0.00036938425605847385	30	5338.0	False	0.0004295229730682
15570	0.0003255799533689589	30	5298.5	False	0.0004470475425343
15571	0.000314957357387502	30	5261.5	False	0.0003522550848673
15572	0.0002994044451161622	30	5274.0	False	0.0003902591320636
15573	0.00048632744649691046	30	5230.5	False	0.0005383297335267
15574	0.0005033506110929964	30	5296.0	False	0.0006230731786467
15575	0.0006232482061074183	30	5284.0	False	0.0006838118931169
15576	0.00039052020583859714	30	5303.5	False	0.0004789179044105
15577	0.0003201663666115746	30	5232.0	False	0.0003862697472224
15578	0.0005488049024469447	30	5112.0	False	0.0006713436944043
15579	0.0008381325959058842	30	5046.0	False	0.0007884719956498
15580	0.0004702813819128835	30	5178.5	False	0.0005071862361511
15581	0.0004363972603865327	30	5074.0	False	0.0004784495538963
15582	0.00034880528584232615	30	5179.0	False	0.0004020007776408
15583	0.00042236270960537453	30	5195.0	False	0.0004953764861294
15584	0.00034116802474376084	30	5194.5	False	0.0003832253034417
15585	0.00034651398555570585	30	5205.5	False	0.0003645136062987
15586	0.00028117314574333733	30	5081.0	False	0.0004006655122067
15587	0.00035533650275269786	30	5330.5	False	0.000418453139686
15588	0.001257175775025828	30	5224.5	False	0.0013217110871734
15589	0.00034766374192342255	30	5412.5	False	0.0004757886990668
15590	0.000580069329718456	30	5383.0	False	0.0005736283907811
15591	0.0007299980436132364	30	5220.5	False	0.000811115580673
15592	0.0003445395686118417	30	5110.5	False	0.0003719307262116
15593	0.0009900201687411871	30	5028.0	False	0.0010615347738246
15594	0.00031516529093491056	30	5070.0	False	0.0003655267646819
15595	0.00047323665668123454	30	5075.0	False	0.000514817950889
15596	0.0010620474329222458	30	5047.0	False	0.0010843028410098
15597	0.0009554821501153923	30	4884.5	False	0.0009774827358265
15598	0.0004469755334686534	30	4992.5	False	0.0005039104834089
15599	0.00029580559222927604	30	4880.5	False	0.0004210467221512
15600	0.00033563094111816914	30	4892.0	False	0.0003987017710752
15601	0.0004178048095967133	30	4905.0	False	0.0004807156392821
15602	0.0005050890768542468	30	4948.5	False	0.0005159816723309
15603	0.0003599005101722095	30	4914.0	False	0.0004493978069387
15604	0.0004884485275771413	30	4895.5	False	0.0004601679956593
15605	0.0002883751356032424	30	4987.0	False	0.0003183699458771
15606	0.00039087326735525704	30	5033.5	False	0.000470483859043
15607	0.0004547767128332842	30	4961.0	False	0.0005158133639873
15608	0.00021987772999739947	30	5049.5	False	0.0003920161590389
15609	0.0009046617738342293	30	5026.5	False	0.0009397619269784
15610	0.00032000396497712763	30	5076.0	False	0.0004220884143325
15611	0.00033662163956610966	30	5108.5	False	0.0004383497114742
15612	0.0004854940500692239	30	5046.5	False	0.0005047586788605
15613	0.00039943108382422925	30	5009.0	False	0.000414103565966
15614	0.00039914457768355815	30	5089.5	False	0.0004151209451579
15615	0.00035958664990923055	30	5068.5	False	0.0004253848403477
15616	0.0006398350008585188	30	5123.0	False	0.0007511662844943
15617	0.0005390203731609551	30	5154.5	False	0.0005299521080317
15618	0.0005070875289678926	30	4965.0	False	0.0004959441281573
15619	0.0003271182296451297	30	5109.5	False	0.0004048368043111
15620	0.000401830790904089	30	5109.0	False	0.0005131041468144
15621	0.00039348545678990175	30	5083.5	False	0.0005011861405325
15622	0.0005543489245216197	30	5063.5	False	0.0005710983901744
15623	0.0005868853978591116	30	5000.5	False	0.000680198073679
15624	0.00047760201426428906	30	5007.0	False	0.0005592993752216
15625	0.000426965432110765	30	5033.5	False	0.0004148615654563
15626	0.0003780283933530154	30	5109.5	False	0.0004896993110202
15627	0.00029646470725313114	30	5025.5	False	0.0003242631637046
15628	0.0002494220812528749	30	5003.5	False	0.0003539675599142
15629	0.00022844804950690646	30	5023.0	False	0.0002775618963028
15630	0.000359932153982084	30	4990.0	False	0.0003583901955686
15631	0.0008726669266278279	30	4868.5	False	0.0009412855063753
15632	0.0004299298251305365	30	4930.0	False	0.0004442374520832
15633	0.0003087098561556491	30	4877.5	False	0.0003679520940803
15634	0.000335034463882245	30	4896.0	False	0.0003736034773862
15635	0.00074551009072394	30	4844.0	False	0.0007664109553384
15636	0.0004813484070182428	30	4950.0	False	0.0004594873534942
15637	0.000441978135333947	30	4951.0	False	0.0004380139599287
15638	0.0006748678586985387	30	4884.5	False	0.0007480763750356
15639	0.0006212987662602447	30	4819.5	False	0.0006829373494842
15640	0.00020415940766550523	30	4968.5	False	0.0002585080591634
15641	0.0004125122786659134	30	4894.0	False	0.0005477143459026
15642	0.000761614693685531	30	4807.0	False	0.000826493797703
15643	0.00036629879699763513	30	4852.5	False	0.0004268518255029
15644	0.0006337716703193261	30	4830.5	False	0.0006491422049434
15645	0.0006712743233489512	30	4711.5	False	0.0006776696906765
15646	0.000313053018215973	30	4812.5	False	0.0003209860692045
15647	0.00033988825931646397	30	4777.0	False	0.0004501672049618
15648	0.0012488365586073296	30	4743.5	False	0.0017561158172775
15649	0.00038610735066403753	30	4766.0	False	0.0005303214894867
15650	0.0003622789375819452	30	4788.0	False	0.0004495055439017
15651	0.0004984363389615206	30	4775.0	False	0.0007141071874888
15652	0.0002906443678795179	30	4763.5	False	0.000386991357193
15653	0.00035816788792857567	30	4797.5	False	0.0004338734227634
15654	0.00046210947825667346	30	4859.5	False	0.0004936843664266
15655	0.00040511696475986804	30	4818.5	False	0.0004186119112826
15656	0.0003202748853688354	30	4831.0	False	0.0003346982374933
15657	0.0009371844958518064	30	4914.0	False	0.0008902957760411
15658	0.0004517831103631831	30	5075.5	False	0.0004478774056184
15659	0.000521484940906379	30	5110.0	False	0.0005909434480863
15660	0.0006859830368478445	30	5171.5	False	0.000708379309875
15661	0.00047661505370401487	30	5192.0	False	0.0005373564782064
15662	0.0008603803674909242	30	5061.0	False	0.0009622746205336
15663	0.0006935311416846085	30	4960.5	False	0.000780450083415
15664	0.00036743615291382533	30	5137.0	False	0.0004695743446675
15665	0.0004360459282420456	30	5170.0	False	0.0004865379739462
15666	0.0010752887092373082	30	5091.0	False	0.0011639009499383
15667	0.0004233159219376106	30	5186.0	False	0.0005262294633826
15668	0.0004127174734816853	30	5230.0	False	0.0004597452470454
15669	0.0007084694375080144	30	5187.0	False	0.000756094736627
15670	0.00078154218163585	30	5140.0	False	0.0008504451119981
15671	0.0003263135684700133	30	5162.0	False	0.0002874999144345
15672	0.0004934090818915459	30	5146.0	False	0.0005907039680195
15673	0.00025532833050158235	30	5155.0	False	0.0003016798080219
15674	0.0006141869278551154	30	5098.0	False	0.0007567394941647
15675	0.0002054543234099589	30	5205.5	False	0.0003462980064099
15676	0.000396216332000355	30	5190.5	False	0.0005093413198052
15677	0.0005121287827121678	30	5210.5	False	0.0005275224704283
15678	0.0003074987967029661	30	5191.0	False	0.0003744247474334
15679	0.00032827318400765657	30	5109.5	False	0.0004064396574884
15680	0.0002562440032353875	30	5018.5	False	0.000349574567751
15681	0.0002673284955919125	30	4973.0	False	0.000284549664587
15682	0.0002789672436004541	30	4961.5	False	0.0003918271970819
15683	0.0005899743574829246	30	4965.0	False	0.0005747126436781
15684	0.00026517594335484263	30	4945.5	False	0.0003490575446295
15685	0.00033122349423548225	30	4931.5	False	0.0003146858148217
15686	0.00026224150140002905	30	4898.5	False	0.0003025195557284
15687	0.0003413510072124953	30	4843.0	False	0.0016613223835986
15688	0.0003406290152917859	30	4781.5	False	0.0003752372823991
15689	0.00031382664873709146	30	4805.5	False	0.0003505107964627
15690	0.00039670100860562664	30	4810.5	False	0.0004660646664724
15691	0.00020659040683009523	30	4838.5	False	0.0002681373152932
15692	0.0003113500588111049	30	4797.0	False	0.0003288391976323
15693	0.0003691765767887279	30	4739.0	False	0.0004822706249752
15694	0.00028665666777044093	30	4752.0	False	0.0003663164681231
15695	0.00031769262885614035	30	4780.5	False	0.0004736573635502
15696	0.00021683428975508424	30	4840.5	False	0.0003456768785377
15697	0.0005970952159955328	30	4859.5	False	0.0007326849311132
15698	0.00038161824777443966	30	4948.5	False	0.0005191743724304
15699	0.0004535261400344982	30	4892.5	False	0.0006348982399209
15700	0.0004994414581757737	30	4855.0	False	0.0005378665100248
15701	0.000454271899616641	30	4689.0	False	0.0006395116456524
15702	0.000541298869467846	30	4681.0	False	0.0005785195684244
15703	0.0007165259803521033	30	4548.5	False	0.0008758243052284
15704	0.000428408365203221	30	4607.0	False	0.0004524951877495
15705	0.0003432595524128734	30	4555.0	False	0.0005145897053067
15706	0.00037721901485325646	30	4610.0	False	0.0004077340715465
15707	0.00022106778157613728	30	4650.5	False	0.0003697304522798
15708	0.0004240998791407511	30	4669.0	False	0.0004881810656497
15709	0.0005539045626739845	30	4681.5	False	0.0006856625833221
15710	0.0002682126129753521	30	4644.0	False	0.0002996896071925
15711	0.0002705679706928986	30	4622.0	False	0.0002661851353587
15712	0.000224526161078516	30	4587.0	False	0.0003478739826497
15713	0.0005724166475466828	30	4515.5	False	0.0005727166594465
15714	0.0005112559669684188	30	4520.0	False	0.0005345518185745
15715	0.000713203275776087	30	4327.5	False	0.0008032374293342
15716	0.000694828483392188	30	4554.5	False	0.0007711726917564
15717	0.0008095134891238339	30	4581.5	False	0.0008073431863144
15718	0.00034615208903664293	30	4590.0	False	0.0003848639542229
15719	0.000601177900289581	30	4532.5	False	0.0005521567241645
15720	0.0004556577390137385	30	4582.0	False	0.000503653311338
15721	0.0002244902175068612	30	4557.5	False	0.0002779606466242
15722	0.0003025523392210238	30	4535.5	False	0.0003086760004409
15723	0.00038992713685428077	30	4441.5	False	0.0005147256288604
15724	0.0006343766153573849	30	4298.0	False	0.000619449154839
15725	0.00035819120656462597	30	4418.5	False	0.0004410621374319
15726	0.0007932996136966251	30	4315.5	False	0.0009212273819485
15727	0.00027572464238331736	30	4318.5	False	0.000398922908148
15728	0.00026153360842342784	30	4312.0	False	0.0004074916963956
15729	0.0015689762890454863	30	4239.5	False	0.0018080645915488
15730	0.0010429556630335633	30	4252.5	False	0.0011307277207648
15731	0.0010615978327770015	30	4202.5	False	0.0012630249447426
15732	0.0005349492549340091	30	4105.5	False	0.0006987836289621
15733	0.0007153115621528365	30	4100.5	False	0.0007698915668509
15734	0.0008189318901712525	30	4029.0	False	0.0009765705141356
15735	0.000335582061876808	30	4007.5	False	0.000471994965387
15736	0.00045646881143645765	30	3914.0	False	0.0005096580194689
15737	0.00039544591413210174	30	3901.5	False	0.0004275952896102
15738	0.00028084701195050014	30	3763.0	False	0.0003361076959817
15739	0.00028035611704775625	30	3859.0	False	0.000321423297108
15740	0.00037404419858915925	30	3821.5	False	0.0004019608699831
15741	0.0005604531533305191	30	3745.5	False	0.0006450016787714
15742	0.0003001738155312588	30	3928.0	False	0.0003661038883638
15743	0.0003236567329006772	30	3950.5	False	0.0003727834213045
15744	0.0005712479232288	30	3847.0	False	0.0006152459684058
15745	0.0003748238951532827	30	3861.5	False	0.0004573262807293
15746	0.00028021358937931713	30	3859.0	False	0.0003276652985203
15747	0.00024143242756925168	30	3863.5	False	0.0003790848546984
15748	0.0008302562764654382	30	3872.5	False	0.0007839218490218
15749	0.0003567622483174708	30	3917.0	False	0.0003387304383171
15750	0.0002661260997940351	30	3916.0	False	0.0003230138895972
15751	0.00020523552993688223	30	3939.5	False	0.0002949728203615
15752	0.0004239408010771014	30	3842.0	False	0.0005081038254189
15753	9.589566551591868e-05	30	3941.0	False	0.0003706636564284
15754	0.0003986886548778065	30	3918.5	False	0.0005569667254575
15755	0.0005396649754010297	30	3864.5	False	0.0006762598549893
15756	0.0005657611751756927	30	3889.5	False	0.0006049091358319
15757	0.00039460548165520196	30	3875.0	False	0.0004185494272706
15758	0.00021603176734782186	30	3859.5	False	0.0002579513503753
15759	0.00040948147120429943	30	3791.0	False	0.0005135391551845
15760	0.00024201885950916007	30	3876.5	False	0.0004022560573771
15761	0.0006837222884282279	30	3893.5	False	0.0008679373723621
15762	0.000688778534452099	30	3887.5	False	0.0006713690830288
15763	0.00033839570573683867	30	3867.0	False	0.0004536894367402
15764	0.0002162399539293138	30	3869.0	False	0.0003089651384335
15765	0.0003929719748325303	30	3737.0	False	0.0004602258646935
15766	0.0004258994752120612	30	3683.5	False	0.0004557844407703
15767	0.00032604973132651803	30	3773.0	False	0.0004976384002235
15768	0.00032051314961284807	30	3847.5	False	0.0003690923760965
15769	0.0003790999146379488	30	3818.0	False	0.000423282251516
15770	0.00037711148360895905	30	3833.5	False	0.000361613830868
15771	0.0004408701570471436	30	3820.5	False	0.0004247425540029
15772	0.0003848712506019506	30	3765.0	False	0.0004478791604461
15773	0.0006469498990448492	30	3771.0	False	0.0008095812177157
15774	0.0005398164915249102	30	3680.5	False	0.000584821629403
15775	0.0002642350899874642	30	3737.5	False	0.0003012208303063
15776	0.0005322839378276499	30	3701.0	False	0.000543308839902
15777	0.0002952031126237085	30	3620.5	False	0.0003891543585288
15778	0.0002871654326867734	30	3525.5	False	0.0003712744925141
15779	0.0007157140237535973	30	3438.5	False	0.0008441219708825
15780	0.0009325911631046303	30	3208.0	False	0.0010048534421254
15781	0.00028856623412948146	30	3542.5	False	0.0003811223588685
15782	0.00027529047212675455	30	3522.0	False	0.000299488062593
15783	0.0002712117268602764	30	3555.0	False	0.0003898237439786
15784	0.0006766038422723638	30	3493.0	False	0.0007857878585157
15785	0.0006363117169297328	30	3550.0	False	0.0006724007508475
15786	0.00048734884834861	30	3531.5	False	0.0005427662361968
15787	0.0002907095645812988	30	3505.0	False	0.0003400364594648
15788	0.0004408574787023909	30	3320.0	False	0.0006343731105097
15789	0.00027522249135889833	30	3430.0	False	0.0004338645764035
15790	0.0005265856809585218	30	3346.5	False	0.0005606373561522
15791	0.0002970738250295618	30	3311.0	False	0.0003872120730738
15792	0.0004214243396797388	30	3261.0	False	0.0005119608099019
15793	0.0003761925494779135	30	3320.0	False	0.0004356953301382
15794	0.00033110773277917217	30	3337.5	False	0.0003751715422512
15795	0.0	30	3274.5	False	0.000330883458835
15796	0.00038931290190568555	30	3278.5	False	0.0005016403639902
15797	0.0004122014343114707	30	3342.0	False	0.0004528183017344
15798	0.0004444549703170393	30	3292.0	False	0.0004775406655723
15799	0.0005914093231972499	30	3256.0	False	0.000621441744848
15800	0.00045925478145517436	30	3273.5	False	0.0004871065868739
15801	0.00027731722343658533	30	3249.0	False	0.0003011141222523
15802	0.0002356728943083988	30	3240.5	False	0.0002519983468908
15803	0.0002236646105551501	30	3242.0	False	0.0002716899112479
15804	0.0004623343239734918	30	3148.0	False	0.000467362517526
15805	0.000335377060680463	30	3178.5	False	0.000390167772142
15806	0.00030780481759241473	30	3181.5	False	0.0004100755564212
15807	0.0004199287628720553	30	3210.0	False	0.0004274200113978
15808	0.0003280979678260645	30	3122.5	False	0.0004077535913681
15809	0.0006223408370078131	30	3132.5	False	0.0007255062772064
15810	0.0003103387680330848	30	3223.0	False	0.0003694657115293
15811	0.0003199910361616451	30	3285.0	False	0.0003734280696796
15812	0.0006166152034245075	30	3235.5	False	0.000697711295523
15813	0.00030355542233348763	30	3148.5	False	0.0038104809161903
15814	0.000539321456966336	30	3046.5	False	0.0005076471096517
15815	0.00026617628274901856	30	3035.0	False	0.0002925402242808
15816	0.0003252999013640832	30	2992.0	False	0.0003629724140965
15817	0.0002990348902318246	30	2968.5	False	0.000300080021339
15818	0.00047396090249343865	30	2925.5	False	0.0004169624846456
15819	0.0003089256353486395	30	2852.5	False	0.0004038679005792
15820	0.0001207437816952427	30	2960.5	False	0.0002671445585992
15821	0.0004961233793026397	30	2929.5	False	0.0006310925790274
15822	0.0004270484605674771	30	2923.0	False	0.0006198370392075
15823	0.0003440187831652095	30	2936.5	False	0.0003393051031487
15824	0.0004955632484993196	30	2822.0	False	0.000525884525542
15825	0.00040089210641314123	30	2882.5	False	0.0004017723902013
15826	0.00028778130539883185	30	2790.0	False	0.0003063111886052
15827	0.0	30	2774.5	False	0.0002614720878546
15828	0.0010826445066474642	30	2761.5	False	0.0016316905266668
15829	0.00010629251700680272	30	2720.0	False	0.0003274672229566
15830	0.0003048514735370707	30	2735.0	False	0.0003512256564286
15831	0.0008360045828282982	30	2673.5	False	0.0009134674731514
15832	0.0	30	2722.0	False	0.0002672984630338
15833	0.000315566619055385	30	2723.0	False	0.0004018313769421
15834	0.0015247895519172436	30	2653.0	False	0.0019091113273938
15835	0.0013722494154598237	30	2670.0	False	0.0017558715847675
15836	0.00016155088852988692	30	2598.5	False	0.0003057675402275
15837	0.0004361225298259194	30	2503.0	False	0.000620290084597
15838	0.00015733165512901197	30	2572.5	False	0.0003231686035238
15839	0.000395883066861923	30	2570.0	False	0.0004550122853317
15840	0.0006782218469524971	30	2523.5	False	0.0007240176397024
15841	0.00034106415972876794	30	2559.5	False	0.000299408992684
15842	0.00038559688941435064	30	2515.5	False	0.0005046279696692
15843	0.00043423719910030127	30	2394.0	False	0.0004900931176923
15844	0.0006581993294790579	30	2275.0	False	0.000631081497571
15845	0.00016518004625041294	30	2356.5	False	0.0003276119934477
15846	0.0004217025580621207	30	2368.0	False	0.0005677140991796
15847	0.0003787602769475637	30	2342.5	False	0.0004587550534736
15848	0.00037645262978054357	30	2266.5	False	0.0004020190289007
15849	0.00046245662935578676	30	2240.5	False	0.0004222145151318
15850	0.00047905909351692483	30	2085.5	False	0.0006144691310112
15851	0.0	30	2065.0	False	0.0003258018798768
15852	0.0004778879226100124	30	2041.0	False	0.0005661005661005
15853	0.0003615202875334034	30	2075.5	False	0.0002891519814942
15854	0.0029308250441725018	30	2019.5	False	0.0031583298883836
15855	0.00045105559397279246	30	2086.0	False	0.0006670796207175
15856	0.0	30	2085.0	False	0.0002211026706043
15857	0.0	30	2018.0	False	0.0003727473097368
15858	0.0005708967084043291	30	1858.0	False	0.0008536882818216
15859	0.0	30	1853.5	False	0.0002445671162043
15860	0.0005393510277120405	30	1839.0	False	0.0005815695328058
15861	0.00041999690996668274	30	1835.0	False	0.0003908054144313
15862	0.0005396660361340341	30	1853.0	False	0.0005440600923147
15863	0.0005354212972259716	30	1875.5	False	0.0005522097016341
15864	0.00019342359767891682	30	1905.0	False	0.0003081136597055
15865	0.0	30	1915.5	False	0.0002896328477723
15866	0.0	30	1911.5	False	0.0003934515969002
15867	0.0	30	1866.0	False	0.0002973743593331
15868	0.0006618310717176371	30	1875.0	False	0.0008676036786395
15869	0.0	30	1855.0	False	0.0003471559250837
15870	0.0	30	1875.0	False	0.000413088004957
15871	0.0	30	1870.5	False	0.0003108486167236
15872	0.0	30	1802.5	False	0.0001611892182322
15873	0.0	30	1745.0	False	0.000333296300411
15874	0.0005368133514672322	30	1683.5	False	0.0006043238396007
15875	0.0004829002267288248	30	1768.0	False	0.000454297655824
15876	0.0005189649786165962	30	1747.5	False	0.0004798907325716
15877	0.0	30	1745.0	False	0.0003130409162891
15878	0.00020112630732099757	30	1729.5	False	0.0004475774868524
15879	0.0002248201438848921	30	1689.0	False	0.0004969418960244
15880	0.0003659551922494702	30	1672.0	False	0.0004826720725938
15881	0.0024920122177641657	30	1613.5	False	0.002788029525032
15882	0.0008704504975951168	30	1573.5	False	0.000864126409349
15883	0.0006454737831340452	30	1536.5	False	0.000823879840294
15884	0.0008121108292425789	30	1515.0	False	0.0011531316064831
15885	0.0	30	1449.0	False	0.0004024684733029
15886	0.0	30	1323.0	False	0.0005149078069831
15887	0.0	30	1288.5	False	0.000324019839984
15888	0.0007375417450803355	30	1220.5	False	0.0005493643070161
15889	0.0005932716429147318	30	1193.5	False	0.0005851530707237
15890	0.0	30	1194.5	False	0.0004766949152542
15891	0.0	30	1214.0	False	0.0004197051571271
15892	0.0	30	1225.0	False	0.0003887521057405
15893	0.0	30	1251.0	False	0.000358606557377
15894	0.0005204487750019908	30	1239.5	False	0.0004876045783503
15895	0.0	30	1222.5	False	0.0002874238979906
15896	0.0029665137029394554	30	1224.0	False	0.0033806803291577
15897	0.0	30	1233.5	False	0.0002865926736491
15898	0.0	30	1224.5	False	0.000366770584999
15899	0.0	30	1238.0	False	0.0001809627216793
15900	0.0007109534805161885	30	1234.0	False	0.0006237006237006
15901	0.0	30	1246.5	False	0.0002312970625273
15902	0.0	30	1245.0	False	0.0003087928771776
15903	0.0	30	1216.0	False	0.0003683628900699
15904	0.0	30	1250.0	False	0.000308261405672
15905	0.0	30	1218.0	False	0.0003668282457749
15906	0.0	30	1249.0	False	0.0003319968332609
15907	0.0	30	1248.0	False	0.0002548290097344
15908	0.0	30	1225.0	False	0.0003381629945633
15909	0.0	30	1189.0	False	0.0002676229727559
15910	0.0	30	1228.0	False	0.000309111048144
15911	0.000607130787273425	30	1180.0	False	0.0005609873377143
15912	0.0	30	1242.0	False	0.0004331430900937
15913	0.0	30	1242.0	False	0.0004338616236633
15914	0.0	30	1213.0	False	0.0004155088685174
15915	0.0	30	1223.5	False	0.0002603827626611
15916	0.0	30	1160.0	False	0.0003534914074396
15917	0.0	30	1186.5	False	0.0003459470967055
15918	0.0	30	1179.5	False	0.0004525368684448
15919	0.0	30	1196.0	False	0.0002637756851573
15920	0.0005507015043316802	30	1205.5	False	0.0006554798112218
15921	0.0	30	1164.5	False	0.0006747092003346
15922	0.0	30	1166.5	False	0.0002702191477288
15923	0.0	30	1165.0	False	0.0007339150289488
15924	0.0007564250155742756	30	1136.5	False	0.000900030001
15925	0.0	30	1163.5	False	0.000460442566561
15926	0.0	30	1171.5	False	0.0005069776129359
15927	0.0007273481310326915	30	1160.5	False	0.0009705073596808
15928	0.0008715432481717518	30	1143.0	False	0.0011827832910223
15929	0.0	30	1053.0	False	0.000498226898391
15930	0.0	30	1040.0	False	0.0004460303300624
15931	0.0008005470563913362	30	980.5	False	0.0007591573353577
15932	0.0	30	985.5	False	0.0003785130744724
15933	0.0008916402763925919	30	990.5	False	0.0011948182618538
15934	0.0	30	990.0	False	0.0004990175591803
15935	0.0	30	990.0	False	0.0003109549426288
15936	0.0	30	969.5	False	0.0006960703663861
15937	0.0011152763013111025	30	915.5	False	0.0012897678417884
15938	0.0	30	899.0	False	0.0020937188434695
15939	0.0009111619203225223	30	875.5	False	0.0012555140821174
15940	0.0006892614064616309	30	828.5	False	0.0026170702770605
15941	0.00033829499323410016	30	864.5	False	0.000712033363849
15942	0.0	30	849.5	False	0.0004838932669708
15943	0.0	30	832.5	False	0.0005131212432194
15944	0.0	30	809.0	False	0.0005511666360462
15945	0.0	30	808.0	False	0.0006642066420664
15946	0.0	30	790.5	False	0.0007874606269686
15947	0.0	30	792.0	False	0.000565461605157
15948	0.0	30	800.5	False	0.0003750093752343
15949	0.0	30	800.5	False	0.0004486819966348
15950	0.0	30	783.5	False	0.0005770118479766
15951	0.0	30	775.5	False	0.0002713283460599
15952	0.00041893590280687055	30	785.0	False	0.0010761780305942
15953	0.0	30	790.5	False	0.0004206983592763
15954	0.0	30	792.5	False	0.000419591089411
15955	0.0	30	802.0	False	0.0001882955486932
15956	0.0	30	800.0	False	0.0004529498358056
15957	0.0	30	801.0	False	0.0006426006426006
15958	0.0	30	799.5	False	0.0004149690659423
15959	0.0	30	802.5	False	0.0004156118940567
15960	0.0	30	789.0	False	0.0001926856526263
15961	0.0	30	795.0	False	0.0005335365853658
15962	0.0	30	790.0	False	0.0003477051460361
15963	0.0	30	795.5	False	0.0003828337353087
15964	0.0	30	821.5	False	0.0002984072512962
15965	0.0	30	825.0	False	0.0001490701747847
15966	0.0	30	819.0	False	0.000715065296752
15967	0.0	30	820.0	False	0.0004175523838445
15968	0.0	30	789.0	False	0.0005934248526328
15969	0.0	30	885.5	False	0.0006801260022909
15970	0.0	30	957.5	False	0.0005661005661005
15971	0.0	30	957.5	False	0.0003342022592072
15972	0.0	30	944.0	False	0.0006440023048503
15973	0.0	30	922.0	False	0.0005525815921257
15974	0.0	30	915.0	False	0.0005613838110943
15975	0.0	30	957.5	False	0.0004045171077026
15976	0.001201282116052834	30	909.5	False	0.0018558172733761
15977	0.0009374450887366017	30	947.0	False	0.0012099004424778
15978	0.0	30	941.5	False	0.0006253908692933
15979	0.0010127332619548676	30	913.5	False	0.0010789814415192
15980	0.0008700576721805231	30	909.5	False	0.0008681183534688
15981	0.0	30	873.0	False	0.0003400589435502
15982	0.0	30	867.0	False	0.0004574042309891
15983	0.0	30	888.0	False	0.0002247275178845
15984	0.0	30	905.5	False	0.0005112847856255
15985	0.0	30	922.5	False	0.0002891322418591
15986	0.0006232918000550136	30	903.5	False	0.0007668991710185
15987	0.0	30	883.5	False	0.0005974607916355
15988	0.0	30	868.0	False	0.0006507675228725
15989	0.0	30	945.5	False	0.0004295378888212
15990	0.0	30	968.5	False	0.0004542913055633
15991	0.0	30	996.5	False	0.0005407232173031
15992	0.0	30	984.5	False	0.0005086297514495
15993	0.0	30	976.0	False	0.0003057065217391
15994	0.0	30	964.0	False	0.000375529154718
15995	0.00040032025620496394	30	957.0	False	0.000618726797745
15996	0.0	30	971.5	False	0.0004049812696162
15997	0.0	30	987.5	False	0.0005613525293884
15998	0.0	30	990.5	False	0.0003605848029895
15999	0.0	30	989.0	False	0.0002267794084297
16000	0.0	30	981.5	False	0.0001637518831466
16001	0.0	30	955.5	False	0.0002361036157582
16002	0.0	30	972.0	False	0.000299052998837
16003	0.0	30	995.0	False	0.0004582951420714
16004	0.0	30	1018.0	False	0.0002887947631882
16005	0.0	30	1032.0	False	0.0004761451290353
16006	0.0	30	1042.5	False	0.0003471017007983
16007	0.0007563625965112954	30	1051.5	False	0.0007162654542057
16008	0.0008990741758419375	30	1060.5	False	0.0008963343017864
16009	0.00038226299694189603	30	1081.5	False	0.00070323488045
16010	0.0	30	1097.5	False	0.0005767187737137
16011	0.0	30	1125.0	False	0.0004157016449907
16012	0.0	30	1137.0	False	0.0004108342870557
16013	0.0	30	1129.0	False	0.000177247348675
16014	0.0	30	1132.5	False	0.0003823641871819
16015	0.0003351206434316354	30	1104.0	False	0.000541923829595
16016	0.0	30	1112.0	False	0.0004185226151684
16017	0.0	30	1112.5	False	0.0005965519298454
16018	0.0	30	1107.5	False	0.0002388487490296
16019	0.0011291986701822767	30	1124.5	False	0.0014720602955897
16020	0.0	30	1111.0	False	0.0015749435397598
16021	0.0010035327575650156	30	1121.0	False	0.0013498048651662
16022	0.0	30	1112.0	False	0.0002945768403688
16023	0.0009368420177691567	30	1131.0	False	0.0012818645302257
16024	0.0	30	1122.5	False	0.0002935909104254
16025	0.0	30	1123.0	False	0.0002933841865923
16026	0.000778714452819279	30	1133.5	False	0.0009608105747394
16027	0.0003671071953010279	30	1134.0	False	0.000696823645549
16028	0.0	30	1138.0	False	0.0004943010002326
16029	0.0	30	1133.5	False	0.0006113359145294
16030	0.00023353573096683791	30	1107.5	False	0.0006833848347991
16031	0.0	30	1097.0	False	0.0003306580094387
16032	0.0014278725616094906	30	1105.5	False	0.0015159621901194
16033	0.0	30	1136.0	False	0.0004652650556864
16034	0.00033046926635822867	30	1135.5	False	0.0006962374169591
16035	0.0	30	1132.5	False	0.0006682938168293
16036	0.0	30	1121.0	False	0.0006696753530353
16037	0.0	30	1109.5	False	0.0002945247842605
16038	0.0	30	1118.0	False	0.0080631025416301
16039	0.0	30	1158.5	False	0.0002845112097416
16040	0.0	30	1156.5	False	0.0005951368814827
16041	0.0	30	1158.5	False	0.000367771868281
16042	0.0	30	1168.0	False	0.0003092059030217
16043	0.0	30	1166.0	False	0.0001968614657742
16044	0.0	30	1153.0	False	0.0002870593638764
16045	0.0	30	1101.5	False	0.0002995895622996
16046	0.000723875766253745	30	1089.5	False	0.0006946961459465
16047	0.0008751585889962781	30	1092.0	False	0.0010255791505791
16048	0.00024295432458697764	30	1083.0	False	0.0009534100298735
16049	0.0	30	1090.5	False	0.0002727520683698
16050	0.0	30	1014.5	False	0.000417925802096
16051	0.0	30	1038.5	False	0.0005687922644252
16052	0.0	30	1049.0	False	0.0005625703212901
16053	0.0	30	1045.5	False	0.0004392156862745
16054	0.0008505284602404997	30	1027.5	False	0.0009316969735912
16055	0.0	30	1085.0	False	0.0006073120369245
16056	0.0	30	1084.5	False	0.000576001940217
16057	0.0006871661804745694	30	1135.0	False	0.0005806357961968
16058	0.0	30	1127.5	False	0.0005245672320335
16059	0.0007274660066320783	30	1117.0	False	0.0007080272590494
16060	0.0	30	1112.0	False	0.0004160104596915
16061	0.0	30	1103.5	False	0.0003911774441067
16062	0.0	30	1127.0	False	0.000497978791962
16063	0.0	30	1142.0	False	0.0004645086369574
16064	0.0	30	1113.5	False	0.0004429221047658
16065	0.00034153005464480874	30	1088.5	False	0.0024490536372981
16066	0.0	30	1052.5	False	0.0005601543536441
16067	0.0	30	1082.5	False	0.0004538852578068
16068	0.0	30	1052.5	False	0.0004317389829463
16069	0.0008043580169083297	30	1084.0	False	0.0007845503922751
16070	0.0010041385428901245	30	1035.0	False	0.0010934766308422
16071	0.0	30	1099.5	False	0.000650637328838
16072	0.000741443657956828	30	1087.5	False	0.0007797037125892
16073	0.0008657152785266663	30	1100.0	False	0.0008018769861304
16074	0.0009510586915820226	30	1064.0	False	0.0008506759835941
16075	0.0007733961294332811	30	1065.0	False	0.0006975827242121
16076	0.0	30	1081.5	False	0.0004434589800443
16077	0.0	30	1089.5	False	0.0005298793052693
16078	0.0006752391490983665	30	1061.0	False	0.0007486374797867
16079	0.0007994340696945471	30	1074.0	False	0.0007740398928252
16080	0.0006761476680905846	30	1058.5	False	0.0006943815475651
16081	0.0009001366814204821	30	1047.5	False	0.0009222823413674
16082	0.0	30	1081.0	False	0.0004406968886799
16083	0.0	30	1070.5	False	0.0003290359247405
16084	0.0	30	1051.0	False	0.0004572891896835
16085	0.0	30	1041.0	False	0.0005246913580246
16086	0.0	30	1012.0	False	0.0004476418864908
16087	0.0	30	1012.0	False	0.0005160125133034
16088	0.0	30	1003.5	False	0.0003222272346458
16089	0.0	30	998.0	False	0.0005798221878623
16090	0.0	30	982.0	False	0.000524521374246
16091	0.0	30	993.5	False	0.0003876595057341
16092	0.0	30	996.0	False	0.0001598823266076
16093	0.0	30	1031.5	False	0.0005282969028594
16094	0.0	30	1030.0	False	0.0005318316909119
16095	0.0	30	1029.0	False	0.0005309845077461
16096	0.0006103730241661276	30	1041.5	False	0.000614118586299
16097	0.0	30	1039.0	False	0.0002790697674418
16098	0.0	30	1026.5	False	0.00040513587634
16099	0.0	30	1044.5	False	0.000461197884639
16100	0.0	30	1048.5	False	0.0004573310161895
16101	0.0	30	1051.0	False	0.0002440959297003
16102	0.0007646143821074979	30	1049.5	False	0.0007928521330771
16103	0.0	30	1049.0	False	0.0004593758613297
16104	0.0	30	1082.5	False	0.0005673165925173
16105	0.0	30	1079.5	False	0.0004791566842357
16106	0.0007505667883026374	30	1079.5	False	0.0008933623179774
16107	0.0	30	1073.0	False	0.0003600900225056
16108	0.0	30	1066.0	False	0.0003894897684033
16109	0.0013246020057507539	30	1068.5	False	0.0018471071918012
16110	0.0	30	1091.5	False	0.0006438961571106
16111	0.0008936390414775894	30	1093.5	False	0.0011401482192685
16112	0.0	30	1093.0	False	0.0003492331422251
16113	0.0007061864203662385	30	1091.0	False	0.0007625527921163
16114	0.0	30	1082.5	False	0.0005284636387657
16115	0.0	30	1104.0	False	0.000375548879131
16116	0.0	30	1113.0	False	0.0003167472932504
16117	0.0	30	1116.0	False	0.000312864415939
16118	0.0	30	1132.0	False	0.0003911379319978
16119	0.0	30	1128.0	False	0.0005622399640166
16120	0.0	30	1138.0	False	0.0005595970900951
16121	0.0	30	1125.5	False	0.0005078433585374
16122	0.0	30	1137.0	False	0.000419556947863
16123	0.0	30	1140.0	False	0.0004705100882898
16124	0.0005748130783850131	30	1142.0	False	0.0005907197920666
16125	0.0	30	1148.0	False	0.0004406135543744
16126	0.0022014549307421954	30	1126.0	False	0.001438413203119
16127	0.0006213044011175025	30	1123.0	False	0.0006406863700938
16128	0.00024813895781637717	30	1161.0	False	0.0005423875901719
16129	0.0006138991424572873	30	1146.5	False	0.0008060904612628
16130	0.0	30	1139.5	False	0.0006059771381352
16131	0.0007280823694695725	30	1095.5	False	0.0007490636704119
16132	0.0	30	1098.0	False	0.0003167290526921
16133	0.0	30	1101.0	False	0.0003425928569389
16134	0.0	30	1112.0	False	0.0005359812688651
16135	0.0	30	1117.5	False	0.0003365586874211
16136	0.0	30	1117.0	False	0.0002536139994927
16137	0.0	30	1136.5	False	8.256501995321316e-05
16138	0.0	30	1135.0	False	0.0003851020520437
16139	0.0	30	1133.0	False	0.0003025968309859
16140	0.0	30	1130.0	False	0.0003557063507264
16141	0.0	30	1113.5	False	0.0003900481988131
16142	0.0	30	1164.5	False	0.0004805895231483
16143	0.0006673328891849878	30	1155.0	False	0.0006708347868087
16144	0.0	30	1148.0	False	0.0005298973672467
16145	0.0	30	1125.0	False	0.0003823047515019
16146	0.00028042624789680314	30	1096.0	False	0.0005609626118419
16147	0.0	30	1117.5	False	0.0004941796617614
16148	0.0	30	1090.5	False	0.0003645847940095
16149	0.0006996801741165714	30	1053.5	False	0.0010189821823686
16150	0.0	30	1104.5	False	0.0004731158855616
16151	0.0	30	1104.0	False	0.0004739997211766
16152	0.0	30	1091.5	False	0.0004796027760537
16153	0.0	30	1106.5	False	0.0003933136676499
16154	0.0	30	1076.0	False	0.0004581901489117
16155	0.0	30	1091.0	False	0.0002555874250986
16156	0.0	30	1095.0	False	0.0004529626588908
16157	0.0	30	1034.5	False	0.0005326389299875
16158	0.0	30	1046.5	False	0.0003232346977755
16159	0.0	30	1062.5	False	0.0003187851388164
16160	0.0	30	1080.0	False	0.0004289145602196
16161	0.00027412280701754384	30	1117.0	False	0.0005580668564093
16162	0.0	30	1163.0	False	0.0004338159535816
16163	0.0	30	1170.5	False	0.0005484988452655
16164	0.0	30	1165.5	False	0.0003508961347441
16165	0.0	30	1155.0	False	0.0005460899956312
16166	0.0007334909615589656	30	1112.0	False	0.0008706153284466
16167	0.0007780298585148334	30	1158.5	False	0.0008627895063226
16168	0.0	30	1144.0	False	0.0003579492262789
16169	0.00022123893805309734	30	1133.0	False	0.0008091743631239
16170	0.0	30	1125.5	False	0.0005084889403655
16171	0.0	30	1098.0	False	0.0005213009354455
16172	0.0012834861410673565	30	1072.5	False	0.0091694772344013
16173	0.0	30	1102.0	False	0.0004872595947146
16174	0.0	30	1101.5	False	0.0002021660649819
16175	0.0	30	1077.5	False	0.0010195819713917
16176	0.0	30	1093.5	False	0.000438711941739
16177	0.0	30	1093.5	False	0.0004395346792861
16178	0.0	30	1085.0	False	0.0003859513701273
16179	0.0	30	1140.5	False	0.0003413357606098
16180	0.0	30	1172.0	False	0.0004428575382656
16181	0.0	30	1192.5	False	0.0004561921373943
16182	0.0005682279405795924	30	1166.5	False	0.0008079794940376
16183	0.0011598488625678286	30	1063.5	False	0.0206850901869932
16184	0.0011135148499551873	30	1180.5	False	0.0163898541603962
16185	0.0	30	1149.0	False	0.0003862921472324
16186	0.0008581804808532156	30	1149.0	False	0.0286038655369108
16187	0.001610165381444299	30	1122.5	False	0.0012079440082424
16188	0.0007842956404107483	30	1152.5	False	0.0007279242958732
16190	0.0	30	1161.5	False	0.0005344134109639
16191	0.00025746652935118434	30	1195.5	False	0.0004979804127704
16192	0.0007916788539696995	30	1197.5	False	0.000669792364367
16193	0.0	30	1197.0	False	0.0003362003754237
16194	0.00045551156662267773	30	1195.5	False	0.0008478284651569
16195	0.0	30	1185.0	False	0.0006604838043867
16196	0.0	30	1193.0	False	0.0003819397080889
16197	0.0	30	1228.0	False	0.0005056149874926
16198	0.0	30	1253.5	False	0.0002086158339417
16199	0.0	30	1256.0	False	0.00031328320802
16200	0.0004464625855052043	30	1252.0	False	0.0006323444169257
16201	0.0	30	1272.0	False	0.0004907405015884
16202	0.0	30	1283.5	False	0.0004084758743936
16203	0.0	30	1279.5	False	0.000484693877551
16204	0.0	30	1282.0	False	0.0003565062388591
16205	0.0	30	1273.5	False	0.0005099049027356
16206	0.0	30	1284.5	False	0.0004017778670617
16207	0.0	30	1291.5	False	0.0004232751537484
16208	0.0	30	1301.0	False	0.0001724477729601
16209	0.0007069910848324486	30	1245.0	False	0.000922060292498
16210	0.0	30	1261.5	False	0.0003788931268786
16211	0.00045676585994307317	30	1317.0	False	0.0005787316132143
16212	0.0005629902799427188	30	1335.0	False	0.000595933350814
16213	0.00040703464385089016	30	1321.0	False	0.0005509641873278
16214	0.0	30	1309.5	False	0.0004110847801905
16215	0.0	30	1298.0	False	0.0002185049406394
16216	0.0	30	1303.5	False	0.0003140096618357
16217	0.0	30	1292.0	False	0.000605943089825
16218	0.0	30	1323.5	False	0.0004737989197384
16219	0.00021978021978021978	30	1311.5	False	0.0005690440060698
16220	0.0007295069795069795	30	1297.0	False	0.0007462506920873
16221	0.0	30	1323.0	False	0.0004210132385273
16222	0.00021088148460565162	30	1321.0	False	0.0004464810245564
16224	0.0008399357254307778	30	1320.5	False	0.0012207381875628
16225	0.00020644095788604458	30	1384.5	False	0.000471623958497
16226	0.0008473797625183222	30	1397.0	False	0.0011195450169051
16227	0.0	30	1378.0	False	0.0005674338372145
16228	0.00022153300841825432	30	1406.0	False	0.0004258466503799
16229	0.0004841637994840336	30	1361.5	False	0.0005067723210172
16230	0.0	30	1368.5	False	0.0002966275726737
16231	0.000486417832918477	30	1364.0	False	0.0006233550353234
16232	0.0	30	1418.5	False	0.0004213794632956
16233	0.0005322885890120691	30	1374.0	False	0.0005226678786501
16234	0.0003881914651079294	30	1399.5	False	0.0004047217537942
16235	0.0	30	1357.0	False	0.0004623315379458
16236	0.0	30	1382.0	False	0.0005748844482259
16237	0.0	30	1390.0	False	0.0004145650521661
16238	0.0005658886484818176	30	1372.0	False	0.0006095273818454
16239	0.0	30	1385.0	False	0.0003926822507622
16240	0.0	30	1388.5	False	0.0004149760236075
16241	0.0	30	1366.5	False	0.0003498950314905
16242	0.0	30	1388.5	False	0.0004840940525587
16243	0.0006315569665168829	30	1374.0	False	0.000744688278141
16244	0.0	30	1381.5	False	0.0004824480793971
16245	0.00027277686852154935	30	1382.5	False	0.0006141388408698
16246	0.00018268176835951772	30	1389.5	False	0.0004972987635344
16247	0.0004409376491064194	30	1351.5	False	0.000646054453161
16248	0.0	30	1365.0	False	0.0003403135422102
16249	0.000503702128774428	30	1326.5	False	0.0005322718752169
16250	0.0	30	1358.5	False	0.0005817205503971
16251	0.0	30	1359.5	False	0.0003768816369964
16252	0.0002050020500205002	30	1357.5	False	0.0004230495190594
16253	0.00047264340415597054	30	1343.0	False	0.0006510416666666
16254	0.0	30	1325.5	False	0.0005662001177696
16255	0.0007734067700906316	30	1314.5	False	0.000646755826577
16256	0.0008223689772123991	30	1278.5	False	0.0008425890463423
16257	0.0006319006810154245	30	1288.0	False	0.0006956438303588
16258	0.0012870508362311643	30	1241.0	False	0.0012937280066238
16259	0.0007704480104766695	30	1281.0	False	0.0008946057689982
16260	0.0006091130283044661	30	1259.5	False	0.0005677890787005
16261	0.0002188183807439825	30	1266.0	False	0.0005212211466865
16262	0.0	30	1287.0	False	0.0006668148477439
16263	0.0007751979909752532	30	1263.5	False	0.0008726675393342
16264	0.0006289464761213742	30	1280.0	False	0.0005743660434795
16265	0.0009429516476090552	30	1238.5	False	0.0012281324199667
16266	0.00019223375624759708	30	1274.0	False	0.0005942359116569
16267	0.0	30	1252.0	False	0.0004549590536851
16268	0.0	30	1256.5	False	0.0003299994923084
16269	0.0	30	1236.0	False	0.0005979928240861
16270	0.000692058105359856	30	1255.5	False	0.1409168081494057
16271	0.0	30	1267.5	False	0.0005400540054005
16272	0.0	30	1263.5	False	0.0004066073697585
16273	0.0	30	1238.0	False	0.0003353454057679
16274	0.0	30	1220.5	False	0.0003235111746151
16275	0.0	30	1222.5	False	0.0003383830496121
16276	0.0	30	1226.5	False	0.0004697531186387
16277	0.0	30	1207.0	False	0.0003684307481775
16278	0.000981805665541004	30	1178.0	False	0.000576923076923
16279	0.0	30	1226.5	False	0.0003675215918935
16280	0.0	30	1249.5	False	0.0003843099075094
16281	0.0	30	1237.0	False	0.0005689458984172
16282	0.0	30	1260.5	False	0.0004567021033669
16283	0.0	30	1250.5	False	0.0003332222592469
16284	0.0	30	1241.0	False	0.0005984129049043
16285	0.0	30	1226.5	False	0.0004022957678485
16286	0.0	30	1225.0	False	0.0003390979993218
16287	0.0	30	1201.0	False	0.0005643492515653
16288	0.0012247301099335725	30	1179.5	False	0.0018916934891862
16289	0.0008691567895417256	30	1116.5	False	0.0009683951052029
16290	0.0	30	1244.0	False	0.0004721063813045
16291	0.0	30	1231.0	False	0.0005023132848645
16292	0.0	30	1220.5	False	0.0007742417770183
16293	0.006204695618705498	30	1113.5	False	0.0050609777527852
16294	0.001728776943094221	30	1166.0	False	0.0015987210231814
16295	0.0008297712708475299	30	1205.5	False	0.0008327065649511
16296	0.0	30	1228.5	False	0.0005244113482615
16297	0.0004900698328568666	30	1187.0	False	0.0006135296628254
16298	0.0	30	1172.0	False	0.0005655499299795
16299	0.0	30	1182.0	False	0.0006737454859052
16300	0.0	30	1166.5	False	0.0004344284550638
16301	0.0	30	1169.5	False	0.0005686587776544
16302	0.0	30	1157.5	False	0.0003007518796992
16303	0.0	30	1175.0	False	0.0002978930834642
16304	0.0006749110437308792	30	1158.5	False	0.0005797901711761
16305	0.0	30	1173.5	False	0.0003556285049924
16306	0.0	30	1191.5	False	0.0004330996399859
16307	0.0	30	1170.5	False	0.0001643880654264
16308	0.0	30	1154.5	False	0.0003602804644846
16309	0.0	30	1177.0	False	0.0004017677782241
16310	0.0	30	1171.5	False	0.0003824091778202
16311	0.0017729939570586832	30	1123.5	False	0.0010645999233488
16312	0.0	30	1154.5	False	0.0003202422195697
16313	0.0	30	1190.0	False	0.0003791263844883
16314	0.0	30	1190.0	False	0.000189419564335
16315	0.0002126754572522331	30	1191.5	False	0.0005933757686913
16316	0.0	30	1197.0	False	0.0004550930263686
16317	0.0	30	1208.0	False	0.0002112043930513
16318	0.0	30	1194.0	False	0.0004001066951186
16319	0.0006365865842767769	30	1187.0	False	0.0007741384373081
16320	0.0	30	1177.5	False	0.0004794269437942
16321	0.0	30	1168.0	False	0.0004106776180698
16322	0.0	30	1176.0	False	0.0004877784401929
16323	0.0	30	1174.0	False	0.0003248774941115
16324	0.0	30	1178.5	False	0.0003245611662564
16325	0.0002448579823702253	30	1172.5	False	0.0004919645785503
16326	0.0007302101089808661	30	1162.5	False	0.0006115867897253
16327	0.00045486185010739223	30	1199.5	False	0.0011810178226325
16328	0.0002990430622009569	30	1200.5	False	0.0006705828706311
16329	0.0	30	1190.5	False	0.0004851621250101
16330	0.0002554931016862545	30	1155.5	False	0.0005592528382081
16331	0.0005783975066390522	30	1148.5	False	0.0005878894767783
16332	0.0	30	1155.0	False	0.0003606802985323
16333	0.00047091805673395203	30	1154.0	False	0.0006089796822233
16334	0.0	30	1170.5	False	0.0004680487872029
16335	0.0	30	1161.5	False	0.000248330666078
16336	0.0	30	1194.5	False	0.0005377066810055
16337	0.0	30	1196.0	False	0.0003753351206434
16338	0.0	30	1179.5	False	0.0006004530691339
16339	0.0006762074688205588	30	1204.0	False	0.0006412654304494
16340	0.0	30	1218.0	False	0.0003451663436263
16341	0.0	30	1219.5	False	0.0004218296862641
16342	0.0	30	1223.0	False	0.0003954132068011
16343	0.000450241875295191	30	1212.0	False	0.000557058729906
16344	0.0	30	1238.5	False	0.0003229365698754
16345	0.0	30	1224.5	False	0.0005542066927055
16346	0.0	30	1242.0	False	0.0004159301237392
16347	0.0007579617542023557	30	1203.5	False	0.0007835508362378
16348	0.0	30	1238.0	False	0.0003420692558678
16349	0.0	30	1231.5	False	0.0003418353931107
16350	0.0	30	1230.0	False	0.0003420962606247
16351	0.0	30	1221.5	False	0.0004527417507789
16352	0.0005341333096573124	30	1191.0	False	0.0007189867817045
16353	0.0	30	1229.0	False	0.0005251135558064
16354	0.0	30	1245.5	False	0.0004150561622869
16355	0.0	30	1280.0	False	0.0075654952076677
16356	0.0002035002035002035	30	1243.0	False	0.000524861878453
16357	0.0002477700693756194	30	1208.0	False	0.0008847659391924
16358	0.0	30	1257.0	False	0.0006471989230609
16359	0.0007734263713616722	30	1213.0	False	0.0007765846343357
16360	0.0	30	1263.0	False	0.0004653086547409
16361	0.0008105345522161889	30	1253.5	False	0.0008875894115804
16362	0.0009448042429572773	30	1212.0	False	0.0009708443311792
16363	0.0008695678474641889	30	1240.0	False	0.0011124059752092
16364	0.0	30	1249.0	False	0.000524232654452
16365	0.0	30	1237.0	False	0.0005529371494773
16366	0.0004876857563183363	30	1244.5	False	0.0005495368189668
16367	0.0011934966711658608	30	1243.5	False	0.0014727540500736
16368	0.00048276247806419584	30	1249.0	False	0.0005750731911334
16369	0.0	30	1289.5	False	0.0002773225765788
16370	0.0	30	1284.5	False	0.0003288391976323
16371	0.0	30	1258.5	False	0.0005437033968516
16372	0.0003045066991473812	30	1259.0	False	0.0005447612130016
16373	0.0	30	1249.5	False	0.0005515574933025
16374	0.0007162038004182123	30	1156.5	False	0.0009043821425635
16375	0.0004725414671045052	30	1290.5	False	0.0005541701302299
16376	0.0	30	1289.5	False	0.0003005635566687
16377	0.0	30	1296.5	False	0.0003735152767748
16378	0.000234192037470726	30	1283.0	False	0.0005043118664582
16379	0.0005484474577491547	30	1288.5	False	0.0007513336171704
16380	0.0007719914818841119	30	1326.5	False	0.0007826448504414
16381	0.0007880296465505468	30	1285.0	False	0.0008834368216467
16382	0.0005560499595206753	30	1324.5	False	0.0005863669679941
16383	0.0008357406738701703	30	1364.0	False	0.0008603589608775
16384	0.0	30	1358.5	False	0.0004071368698359
16385	0.0	30	1339.5	False	0.0004132432301035
16386	0.0006319305059381186	30	1338.5	False	0.0006338217010799
16387	0.0	30	1353.5	False	0.000410469383813
16388	0.0	30	1353.0	False	0.0003366031929217
16389	0.0	30	1346.5	False	0.0003872123133515
16390	0.0	30	1335.5	False	0.0006466486729644
16391	0.0	30	1328.5	False	0.0009870642630786
16392	0.0006547432677951083	30	1268.5	False	0.0007157281255591
16393	0.0	30	1326.5	False	0.0003430699862772
16394	0.0	30	1333.5	False	0.0004578864923484
16395	0.0004934738921921143	30	1371.0	False	0.0004946064345941
16396	0.0006001903235104817	30	1384.0	False	0.0006589475666007
16397	0.0005737996947143748	30	1396.5	False	0.0006555688230198
16398	0.0002055076037813399	30	1391.5	False	0.0005375087637298
16399	0.0012179483382594222	30	1339.5	False	0.0012667660208643
16400	0.0	30	1389.5	False	0.0003283841155912
16401	0.0	30	1355.0	False	0.0003355785133871
16402	0.0009413864578535238	30	1297.5	False	0.001044854093589
16403	0.0	30	1351.5	False	0.0003830958936908
16404	0.0	30	1343.0	False	0.0003856815716524
16405	0.0	30	1327.0	False	0.0004643887177983
16406	0.0007402123220422189	30	1295.0	False	0.0006464767019742
16407	0.0	30	1329.0	False	0.0002193784277879
16408	0.0	30	1328.5	False	0.0003870343492985
16409	0.0015135099228527973	30	1298.0	False	0.0016808384417638
16410	0.00021551724137931034	30	1315.5	False	0.0005848095713833
16411	0.0	30	1299.5	False	0.0005110981308411
16412	0.0	30	1303.0	False	0.0005576568713024
16413	0.0007796906377007142	30	1272.0	False	0.0008895038545167
16414	0.0	30	1316.5	False	0.0003846061392754
16415	0.0	30	1285.5	False	0.0004162178043286
16416	0.0	30	1284.0	False	0.0002926329651035
16417	0.0	30	1282.5	False	0.000390749017022
16418	0.0	30	1284.5	False	0.0003659518407377
16419	0.0	30	1310.5	False	0.0003860444916276
16420	0.0	30	1317.0	False	0.0003593675131768
16421	0.0	30	1301.5	False	0.0003120049920798
16422	0.0	30	1307.5	False	0.0003369758821547
16423	0.0	30	1279.0	False	0.0002194854286062
16424	0.0013554341337986132	30	1314.5	False	0.0014841767606645
16425	0.0002025111381125962	30	1354.0	False	0.0005310551835603
16426	0.0	30	1363.5	False	0.0003646557421883
16427	0.0008323834715044912	30	1358.0	False	0.0008223684210526
16428	0.00020576131687242798	30	1329.5	False	0.0005136106831022
16429	0.0007367011202198544	30	1326.5	False	0.0008631549479774
16430	0.0013799644948121709	30	1275.5	False	0.0011666059059423
16431	0.0	30	1297.5	False	0.0003579610538373
16432	0.0	30	1295.0	False	0.0001667341543005
16433	0.0	30	1277.5	False	0.0003603084240109
16434	0.0005326378898581947	30	1283.5	False	0.0005779372456474
16435	0.0	30	1272.0	False	0.000193803144456
16436	0.0004678885444347631	30	1282.5	False	0.0004798694755026
16437	0.0006811280215664375	30	1240.0	False	0.0007761253818036
16438	0.0	30	1271.0	False	0.0005569816438223
16439	0.0	30	1281.0	False	0.0004094116513739
16440	0.0	30	1264.0	False	0.0002687974977396
16441	0.0008320440803386322	30	1217.5	False	0.0008122239707599
16442	0.0	30	1244.0	False	0.0003720791784491
16443	0.0	30	1235.0	False	0.0003244079554812
16444	0.0	30	1246.0	False	0.0003987638321204
16445	0.00027731558513588466	30	1215.0	False	0.000564001333094
16446	0.0002139495079161318	30	1255.0	False	0.0005189028910303
16447	0.0	30	1257.5	False	0.0004415769202463
16448	0.0008111464465937763	30	1216.5	False	0.0009901241463352
16449	0.00048412986492962795	30	1228.0	False	0.0007519739315703
16450	0.0	30	1213.5	False	0.000407280132366
16451	0.0006559228328072396	30	1210.0	False	0.0007910181168665
16452	0.0019341780046873338	30	1204.5	False	0.0026472704842191
16453	0.0002145002145002145	30	1223.0	False	0.0005048847600535
16454	0.0006420961357815548	30	1229.5	False	0.0006501300260052
16455	0.0010980126994630164	30	1212.0	False	0.0014185115760676
16456	0.0	30	1202.0	False	0.0004340388592437
16457	0.0004904989902828787	30	1191.0	False	0.0005132548053481
16458	0.000582743462548296	30	1157.5	False	0.0008465608465608
16459	0.00022114108801415304	30	1168.0	False	0.0005503433093977
16460	0.0	30	1169.0	False	0.0003132504959799
16461	0.000680084338616281	30	1182.0	False	0.0007246189280815
16462	0.0	30	1215.5	False	0.0003803149007378
16463	0.0	30	1243.5	False	0.0004247345409119
16464	0.0	30	1235.0	False	0.0003237938678422
16465	0.0	30	1243.0	False	0.0004329996688826
16466	0.0	30	1215.5	False	0.0004608412913797
16467	0.0	30	1262.5	False	0.0003679536868959
16468	0.0	30	1254.5	False	0.0005199950476662
16469	0.0012210373880989995	30	1245.5	False	0.0015677881743977
16470	0.0005599277876505599	30	1232.0	False	0.0006283301497939
16471	0.0	30	1211.5	False	0.0002559574086871
16472	0.0	30	1199.0	False	0.0004149808071376
16473	0.0	30	1166.0	False	0.0003729057347574
16474	0.0	30	1173.5	False	0.0004766696679201
16475	0.0011191247509246029	30	1112.5	False	0.0013366750208855
16476	0.0	30	1149.0	False	0.0003772161448509
16477	0.0	30	1165.0	False	0.0004243919259436
16478	0.0	30	1162.0	False	0.0003700277520814
16479	0.0	30	1162.5	False	0.000263761770369
16480	0.0	30	1180.0	False	0.0004176019209688
16481	0.0	30	1188.5	False	0.0001559737964022
16482	0.00021673168617251842	30	1183.0	False	0.000535647329798
16483	0.00021422450728363326	30	1186.5	False	0.0005993797722356
16484	0.0	30	1164.0	False	0.0003176956475696
16485	0.0	30	1180.5	False	0.0003649159390069
16486	0.0	30	1186.0	False	0.0004404259177698
16487	0.0	30	1176.0	False	0.0003947680080006
16488	0.0	30	1171.5	False	0.0003417634996582
16489	0.0	30	1125.5	False	0.0003280391460047
16490	0.0	30	1131.5	False	0.0002177048466541
16491	0.0	30	1133.0	False	0.0004086191397205
16492	0.0	30	1137.0	False	0.0002181203479019
16493	0.0006006633082897667	30	1128.5	False	0.0008751059698635
16494	0.0	30	1121.0	False	0.0003325020781379
16495	0.0	30	1115.5	False	0.0004726949171393
16496	0.0	30	1098.0	False	0.0005369658602758
16497	0.0005898741740719383	30	1064.5	False	0.0005757226834737
16498	0.0	30	1064.5	False	0.0004074149521287
16499	0.0	30	997.5	False	0.0004635352286773
16500	0.0	30	983.5	False	0.0001248556356712
16501	0.0	30	979.5	False	0.0004674499049518
16502	0.0	30	982.0	False	0.0004986598516486
16503	0.0	30	995.0	False	0.0004592492805094
16504	0.0	30	973.0	False	0.0003791588991753
16505	0.0	30	961.0	False	0.0004777222204528
16506	0.0006682145334430668	30	946.5	False	0.0006152849740932
16507	0.0	30	952.0	False	0.0002903975219411
16508	0.0	30	942.5	False	0.0002909231962761
16509	0.0	30	935.0	False	0.0003911342894393
16510	0.0	30	924.0	False	0.0004978592054167
16511	0.0	30	927.0	False	0.0005599472990777
16512	0.0	30	910.5	False	0.0003378378378378
16513	0.0	30	914.0	False	0.000369797619848
16514	0.0	30	940.0	False	0.0004601327811739
16515	0.0	30	933.5	False	0.000363072251378
16516	0.0	30	927.0	False	0.0003302073702285
16517	0.0	30	919.5	False	0.0005380864301328
16518	0.0	30	899.5	False	0.0004799122446181
16520	0.0	30	890.5	False	0.0003801492949958
16521	0.0	30	894.0	False	0.0003756958912531
16522	0.0	30	916.0	False	0.0003050433839479
16523	0.0	30	918.5	False	0.0001691589417416
16524	0.0	30	921.5	False	0.0003696484978829
16525	0.0	30	921.0	False	0.0002358013878595
16526	0.0	30	899.0	False	0.0004916593503072
16527	0.0	30	907.5	False	0.0002396849854476
16528	0.0	30	910.5	False	0.0002048760499897
16529	0.0	30	906.5	False	0.0006853305006339
16530	0.0	30	919.0	False	0.0005062949336753
16531	0.0	30	914.5	False	0.0001347481893212
16532	0.0	30	902.5	False	0.0003059247425133
16533	0.0003756574004507889	30	887.0	False	0.0006940829429116
16534	0.0	30	870.0	False	0.0006032861350651
16535	0.0	30	873.0	False	0.0007096224808401
16536	0.0	30	873.0	False	0.0003926608124509
16537	0.0	30	839.0	False	0.0002956174709925
16538	0.0	30	808.0	False	0.0004232071406586
16539	0.0	30	749.0	False	0.0008641975308641
16540	0.0	30	795.0	False	0.0002755797015865
16541	0.000818726071616245	30	765.0	False	0.0009737493406905
16542	0.0	30	792.5	False	0.0004728691334673
16543	0.0	30	789.0	False	0.0007118563632049
16544	0.0	30	778.0	False	0.0004782781984854
16545	0.0007701762043695007	30	769.5	False	0.0011315874555447
16546	0.0	30	779.0	False	0.0003191192309226
16547	0.0	30	773.5	False	0.0006035003017501
16548	0.0	30	752.0	False	0.0003723624327678
16549	0.0	30	742.5	False	0.0008348290687481
16550	0.0	30	720.5	False	0.0007308998667182
16551	0.0	30	724.0	False	0.0004731589814177
16552	0.0	30	724.5	False	0.0005163066861715
16553	0.0	30	719.5	False	0.000129483361388
16554	0.0	30	713.0	False	0.0002612785229054
16555	0.00045330915684496827	30	684.5	False	0.0008582140114729
16556	0.0	30	675.0	False	9.143275121148396e-05
16557	0.0	30	673.0	False	0.0001829909876938
16558	0.0	30	670.5	False	0.0006942837306179
16559	0.0	30	632.5	False	0.0001965022597759
16560	0.0	30	635.0	False	0.0002451701480827
16561	0.0	30	585.0	False	5.254584625085387e-05
16562	0.0	30	576.5	False	0.0006409571626962
16563	0.0	30	584.0	False	0.0005783081856895
16564	0.0	30	567.5	False	0.0004336748522795
16565	0.0	30	580.0	False	0.0004251700680272
16566	0.0	30	556.0	False	0.000666518551433
16567	0.0	30	547.5	False	0.000168738399235
16568	0.0	30	537.0	False	0.0
16569	0.0	30	520.0	False	0.0
